date,rainfall
1924-01-01,1.3519986867904663
1924-01-02,0.0
1924-01-03,0.0
1924-01-04,9.576826095581056
1924-01-05,28.68577003479004
1924-01-06,0.88070148229599
1924-01-07,17.211275100708008
1924-01-08,26.85572624206543
1924-01-09,2.105746269226074
1924-01-10,0.0
1924-01-11,0.0
1924-01-12,0.0
1924-01-13,0.0
1924-01-14,0.0
1924-01-15,0.0
1924-01-16,0.0
1924-01-17,0.0
1924-01-18,0.0
1924-01-19,0.0
1924-01-20,0.0
1924-01-21,0.0
1924-01-22,0.0
1924-01-23,0.0
1924-01-24,0.0
1924-01-25,0.0
1924-01-26,0.0
1924-01-27,0.0
1924-01-28,0.0
1924-01-29,0.2788706719875335
1924-01-30,0.0
1924-01-31,0.0
1924-02-01,0.0
1924-02-02,0.0
1924-02-03,0.0
1924-02-04,0.0
1924-02-05,0.0
1924-02-06,0.0
1924-02-07,0.0
1924-02-08,0.0
1924-02-09,0.0
1924-02-10,0.0
1924-02-11,0.0
1924-02-12,0.0
1924-02-13,0.0
1924-02-14,0.0
1924-02-15,0.0
1924-02-16,0.0
1924-02-17,0.0
1924-02-18,0.0
1924-02-19,0.0
1924-02-20,0.0
1924-02-21,0.0
1924-02-22,0.0
1924-02-23,0.0
1924-02-24,0.0
1924-02-25,0.0
1924-02-26,0.0
1924-02-27,0.0
1924-02-28,0.0
1924-02-29,0.0
1924-03-01,0.0
1924-03-02,0.0
1924-03-03,0.0
1924-03-04,0.0
1924-03-05,0.0
1924-03-06,0.0
1924-03-07,0.0
1924-03-08,0.0
1924-03-09,0.0
1924-03-10,0.0
1924-03-11,0.0
1924-03-12,0.0
1924-03-13,0.0
1924-03-14,0.0
1924-03-15,0.0
1924-03-16,0.0
1924-03-17,0.0
1924-03-18,0.0
1924-03-19,0.0
1924-03-20,0.0
1924-03-21,1.3021410703659058
1924-03-22,0.174234390258789
1924-03-23,0.0
1924-03-24,0.0
1924-03-25,0.0
1924-03-26,0.0
1924-03-27,0.0
1924-03-28,0.0
1924-03-29,0.0
1924-03-30,2.0699048042297363
1924-03-31,0.0
1924-04-01,0.0
1924-04-02,0.0
1924-04-03,0.0
1924-04-04,0.0
1924-04-05,0.0
1924-04-06,0.0
1924-04-07,0.0
1924-04-08,0.0
1924-04-09,0.0
1924-04-10,0.0
1924-04-11,0.0
1924-04-12,0.0
1924-04-13,0.0
1924-04-14,0.0
1924-04-15,0.0
1924-04-16,0.0
1924-04-17,0.0
1924-04-18,0.0
1924-04-19,0.0
1924-04-20,0.0
1924-04-21,0.0
1924-04-22,0.0
1924-04-23,0.0
1924-04-24,0.0
1924-04-25,0.0
1924-04-26,0.0
1924-04-27,0.0
1924-04-28,0.0
1924-04-29,0.0
1924-04-30,0.0
1924-05-01,0.0
1924-05-02,0.0
1924-05-03,0.0
1924-05-04,0.0
1924-05-05,0.0
1924-05-06,0.0
1924-05-07,0.0
1924-05-08,0.0
1924-05-09,0.0
1924-05-10,0.0
1924-05-11,0.0
1924-05-12,0.0
1924-05-13,0.0
1924-05-14,0.0
1924-05-15,0.0
1924-05-16,0.0
1924-05-17,0.0
1924-05-18,0.0
1924-05-19,0.3535134196281433
1924-05-20,0.0
1924-05-21,0.0
1924-05-22,0.0
1924-05-23,0.6181609630584717
1924-05-24,0.0
1924-05-25,0.0
1924-05-26,0.0
1924-05-27,0.2169914841651916
1924-05-28,2.8310372829437256
1924-05-29,0.0
1924-05-30,0.0
1924-05-31,0.0
1924-06-01,0.0
1924-06-02,0.0
1924-06-03,0.0
1924-06-04,0.0
1924-06-05,0.0
1924-06-06,0.0
1924-06-07,0.0
1924-06-08,0.0
1924-06-09,0.5961207151412964
1924-06-10,0.0
1924-06-11,0.0
1924-06-12,0.0
1924-06-13,3.999803304672241
1924-06-14,0.0
1924-06-15,0.0
1924-06-16,1.9288252592086792
1924-06-17,0.0
1924-06-18,0.0
1924-06-19,0.0
1924-06-20,0.0
1924-06-21,0.0
1924-06-22,0.0
1924-06-23,30.295204162597656
1924-06-24,0.7212674617767334
1924-06-25,0.0
1924-06-26,0.0
1924-06-27,0.0
1924-06-28,0.0
1924-06-29,0.0
1924-06-30,4.34541654586792
1924-07-01,8.174877166748047
1924-07-02,5.316144943237305
1924-07-03,0.6368791460990906
1924-07-04,5.002427101135254
1924-07-05,0.0
1924-07-06,0.0
1924-07-07,1.4832934141159058
1924-07-08,0.0
1924-07-09,0.0
1924-07-10,6.055126190185547
1924-07-11,0.0
1924-07-12,0.0
1924-07-13,0.0
1924-07-14,6.011760711669922
1924-07-15,7.795791625976562
1924-07-16,0.0
1924-07-17,0.0
1924-07-18,0.0
1924-07-19,0.0
1924-07-20,17.828433990478516
1924-07-21,0.5268042683601379
1924-07-22,0.0
1924-07-23,0.0
1924-07-24,0.0
1924-07-25,1.2579295635223389
1924-07-26,0.0
1924-07-27,0.0
1924-07-28,0.0
1924-07-29,0.0
1924-07-30,0.3535134196281433
1924-07-31,0.157222032546997
1924-08-01,0.0
1924-08-02,0.0
1924-08-03,0.0
1924-08-04,0.0
1924-08-05,0.0
1924-08-06,0.0
1924-08-07,0.0
1924-08-08,0.1476436853408813
1924-08-09,9.65668773651123
1924-08-10,0.0
1924-08-11,0.0
1924-08-12,0.4020348787307739
1924-08-13,0.0
1924-08-14,0.0
1924-08-15,2.314770460128784
1924-08-16,14.78333854675293
1924-08-17,12.934928894042969
1924-08-18,0.0
1924-08-19,0.7864569425582886
1924-08-20,5.395626544952393
1924-08-21,0.6862319111824036
1924-08-22,23.46792984008789
1924-08-23,21.37042808532715
1924-08-24,0.0
1924-08-25,0.0
1924-08-26,6.316148281097412
1924-08-27,0.2908133566379547
1924-08-28,0.0
1924-08-29,0.0
1924-08-30,0.0
1924-08-31,0.1254487633705139
1924-09-01,0.0
1924-09-02,0.514168381690979
1924-09-03,0.0
1924-09-04,1.0643898248672483
1924-09-05,0.0
1924-09-06,0.0
1924-09-07,1.018950343132019
1924-09-08,1.3225585222244265
1924-09-09,13.006535530090332
1924-09-10,0.0
1924-09-11,0.0
1924-09-12,0.0
1924-09-13,0.0
1924-09-14,0.0
1924-09-15,0.7517673969268799
1924-09-16,0.0
1924-09-17,33.35171127319336
1924-09-18,16.828237533569336
1924-09-19,0.0
1924-09-20,4.694705963134766
1924-09-21,1.712086200714111
1924-09-22,1.1463993787765503
1924-09-23,1.4223401546478271
1924-09-24,22.676851272583008
1924-09-25,104.21334838867188
1924-09-26,6.792810440063477
1924-09-27,0.0
1924-09-28,0.0
1924-09-29,0.0
1924-09-30,0.7056586146354675
1924-10-01,5.675844669342041
1924-10-02,0.0
1924-10-03,0.0
1924-10-04,0.0
1924-10-05,0.0
1924-10-06,0.0
1924-10-07,0.0
1924-10-08,6.692206859588623
1924-10-09,0.2455373704433441
1924-10-10,15.11100959777832
1924-10-11,28.140527725219727
1924-10-12,0.0
1924-10-13,2.877547025680542
1924-10-14,0.0
1924-10-15,0.0
1924-10-16,0.0
1924-10-17,0.0
1924-10-18,4.964296340942383
1924-10-19,0.0
1924-10-20,0.0
1924-10-21,0.0
1924-10-22,0.782112181186676
1924-10-23,5.513928413391113
1924-10-24,21.3127555847168
1924-10-25,0.6964588761329651
1924-10-26,10.491846084594728
1924-10-27,7.006315231323242
1924-10-28,24.45661163330078
1924-10-29,0.0
1924-10-30,0.0
1924-10-31,0.0
1924-11-01,36.98165130615234
1924-11-02,6.232298851013184
1924-11-03,83.68888092041016
1924-11-04,39.01543426513672
1924-11-05,27.40684509277344
1924-11-06,48.71018600463867
1924-11-07,8.485711097717285
1924-11-08,4.756870746612549
1924-11-09,0.0
1924-11-10,0.0
1924-11-11,0.0
1924-11-12,0.0
1924-11-13,10.961392402648926
1924-11-14,0.0
1924-11-15,0.0
1924-11-16,0.0
1924-11-17,0.0
1924-11-18,0.0
1924-11-19,0.0
1924-11-20,0.0
1924-11-21,0.0
1924-11-22,0.0
1924-11-23,0.0
1924-11-24,0.0
1924-11-25,0.0
1924-11-26,3.046579599380493
1924-11-27,16.61608123779297
1924-11-28,0.0
1924-11-29,0.0
1924-11-30,4.463754177093506
1924-12-01,17.44716453552246
1924-12-02,0.0
1924-12-03,0.0
1924-12-04,0.0
1924-12-05,0.0
1924-12-06,2.030076026916504
1924-12-07,2.850990056991577
1924-12-08,0.0
1924-12-09,0.0
1924-12-10,0.0
1924-12-11,0.0
1924-12-12,0.174234390258789
1924-12-13,0.1732908934354782
1924-12-14,3.0443718433380127
1924-12-15,27.5477294921875
1924-12-16,10.26659107208252
1924-12-17,0.0
1924-12-18,0.0
1924-12-19,0.0
1924-12-20,0.0
1924-12-21,0.0
1924-12-22,0.0
1924-12-23,0.0
1924-12-24,0.0
1924-12-25,0.0
1924-12-26,0.0
1924-12-27,0.0
1924-12-28,0.0
1924-12-29,0.0
1924-12-30,0.0
1924-12-31,0.0
1925-01-01,0.0
1925-01-02,0.0
1925-01-03,0.0
1925-01-04,0.0
1925-01-05,0.0
1925-01-06,0.0
1925-01-07,0.0
1925-01-08,0.0
1925-01-09,0.0
1925-01-10,0.0
1925-01-11,0.0
1925-01-12,0.4460400342941284
1925-01-13,39.637393951416016
1925-01-14,0.3207619190216064
1925-01-15,0.0
1925-01-16,0.0
1925-01-17,0.0
1925-01-18,0.0
1925-01-19,0.0
1925-01-20,0.0
1925-01-21,0.0
1925-01-22,0.0
1925-01-23,0.0
1925-01-24,0.0
1925-01-25,0.0
1925-01-26,0.0
1925-01-27,0.0
1925-01-28,0.0
1925-01-29,0.0
1925-01-30,0.0
1925-01-31,0.0
1925-02-01,0.0
1925-02-02,0.0
1925-02-03,0.0
1925-02-04,0.0
1925-02-05,0.0
1925-02-06,0.0
1925-02-07,0.0
1925-02-08,0.0
1925-02-09,0.0
1925-02-10,0.0
1925-02-11,0.0
1925-02-12,0.0
1925-02-13,0.0
1925-02-14,0.0
1925-02-15,0.0
1925-02-16,0.0
1925-02-17,0.0
1925-02-18,0.0
1925-02-19,0.0
1925-02-20,0.0
1925-02-21,0.0
1925-02-22,0.0
1925-02-23,0.0
1925-02-24,0.0
1925-02-25,0.0
1925-02-26,0.0
1925-02-27,0.0
1925-02-28,0.0
1925-03-01,0.0
1925-03-02,0.0
1925-03-03,0.0
1925-03-04,0.0
1925-03-05,0.0
1925-03-06,0.0
1925-03-07,0.0
1925-03-08,0.0
1925-03-09,0.0
1925-03-10,0.0
1925-03-11,0.0
1925-03-12,0.1602956354618072
1925-03-13,0.0
1925-03-14,7.910030841827393
1925-03-15,2.8304965496063232
1925-03-16,0.0
1925-03-17,66.32038879394531
1925-03-18,21.887056350708008
1925-03-19,0.0
1925-03-20,0.0
1925-03-21,0.0
1925-03-22,0.0
1925-03-23,0.0
1925-03-24,0.0
1925-03-25,0.0
1925-03-26,0.0
1925-03-27,0.0
1925-03-28,0.0
1925-03-29,0.0
1925-03-30,0.0
1925-03-31,0.0
1925-04-01,0.0
1925-04-02,0.0
1925-04-03,0.0
1925-04-04,0.0
1925-04-05,0.0
1925-04-06,0.0
1925-04-07,0.0
1925-04-08,0.0
1925-04-09,0.0
1925-04-10,0.0
1925-04-11,0.0
1925-04-12,0.0
1925-04-13,0.0
1925-04-14,0.0
1925-04-15,0.0
1925-04-16,0.0
1925-04-17,0.0
1925-04-18,0.0
1925-04-19,0.0
1925-04-20,0.0
1925-04-21,0.0
1925-04-22,0.0
1925-04-23,0.0
1925-04-24,0.0
1925-04-25,0.0
1925-04-26,0.0
1925-04-27,0.0
1925-04-28,0.0
1925-04-29,0.0
1925-04-30,0.0
1925-05-01,0.0
1925-05-02,0.0
1925-05-03,0.0
1925-05-04,0.0
1925-05-05,4.675691604614258
1925-05-06,0.0
1925-05-07,0.2505468726158142
1925-05-08,1.2579295635223389
1925-05-09,0.3981905281543731
1925-05-10,0.607966959476471
1925-05-11,0.0
1925-05-12,0.9357708096504213
1925-05-13,0.0
1925-05-14,0.0
1925-05-15,0.1476436853408813
1925-05-16,0.0
1925-05-17,0.1700139492750167
1925-05-18,14.575177192687988
1925-05-19,0.0
1925-05-20,0.0
1925-05-21,0.0
1925-05-22,0.0
1925-05-23,0.0
1925-05-24,0.1185623705387115
1925-05-25,0.0
1925-05-26,0.0
1925-05-27,0.5055678486824036
1925-05-28,0.0
1925-05-29,0.0
1925-05-30,0.0
1925-05-31,4.620965957641602
1925-06-01,0.0
1925-06-02,0.0
1925-06-03,0.0
1925-06-04,0.0
1925-06-05,0.0
1925-06-06,0.0
1925-06-07,0.0
1925-06-08,0.0
1925-06-09,0.0
1925-06-10,7.208186149597168
1925-06-11,0.0
1925-06-12,4.744651317596436
1925-06-13,0.0
1925-06-14,0.4831975698471069
1925-06-15,0.0
1925-06-16,0.0
1925-06-17,0.0
1925-06-18,0.0
1925-06-19,4.697788715362549
1925-06-20,1.0297424793243408
1925-06-21,0.0
1925-06-22,0.3411173224449157
1925-06-23,0.0
1925-06-24,0.0
1925-06-25,0.0
1925-06-26,0.0
1925-06-27,1.4173572063446045
1925-06-28,0.0
1925-06-29,0.0
1925-06-30,2.165865421295166
1925-07-01,0.0
1925-07-02,0.0
1925-07-03,0.0
1925-07-04,0.0
1925-07-05,0.0
1925-07-06,0.0
1925-07-07,0.0
1925-07-08,0.0
1925-07-09,0.0
1925-07-10,0.0
1925-07-11,0.0
1925-07-12,0.0
1925-07-13,0.0
1925-07-14,0.0
1925-07-15,0.0
1925-07-16,3.6966664791107178
1925-07-17,0.4030915796756744
1925-07-18,0.0
1925-07-19,0.0
1925-07-20,4.574431896209717
1925-07-21,0.0
1925-07-22,0.0
1925-07-23,7.187638282775879
1925-07-24,32.25642013549805
1925-07-25,0.7945088148117065
1925-07-26,0.0
1925-07-27,0.0
1925-07-28,1.0105594396591189
1925-07-29,0.0
1925-07-30,0.0
1925-07-31,0.0
1925-08-01,0.3535134196281433
1925-08-02,59.07437896728516
1925-08-03,12.182578086853027
1925-08-04,4.652494430541992
1925-08-05,3.1555776596069336
1925-08-06,0.9556882381439208
1925-08-07,6.556528568267822
1925-08-08,4.665225982666016
1925-08-09,9.020877838134766
1925-08-10,9.52768325805664
1925-08-11,5.0981926918029785
1925-08-12,15.514695167541504
1925-08-13,16.15431785583496
1925-08-14,0.0
1925-08-15,0.0
1925-08-16,0.0
1925-08-17,3.165635347366333
1925-08-18,2.2100841999053955
1925-08-19,9.555843353271484
1925-08-20,0.0
1925-08-21,0.0
1925-08-22,0.0
1925-08-23,0.0
1925-08-24,0.1386327147483825
1925-08-25,0.0
1925-08-26,1.3696812391281128
1925-08-27,0.6887227892875671
1925-08-28,0.0
1925-08-29,2.2673065662384038
1925-08-30,0.3512130379676819
1925-08-31,0.0
1925-09-01,0.0
1925-09-02,0.4235091209411621
1925-09-03,0.0
1925-09-04,0.0
1925-09-05,0.1700139492750167
1925-09-06,7.044404983520508
1925-09-07,1.7769324779510498
1925-09-08,0.0
1925-09-09,0.0
1925-09-10,0.5827299356460571
1925-09-11,29.07008934020996
1925-09-12,0.0
1925-09-13,0.0
1925-09-14,0.0
1925-09-15,0.0
1925-09-16,0.0
1925-09-17,8.732829093933105
1925-09-18,69.43696594238281
1925-09-19,10.481501579284668
1925-09-20,0.0
1925-09-21,0.0
1925-09-22,0.0
1925-09-23,0.0
1925-09-24,0.0
1925-09-25,0.0
1925-09-26,2.348134994506836
1925-09-27,0.0
1925-09-28,0.0
1925-09-29,0.0
1925-09-30,0.0
1925-10-01,0.9686555862426758
1925-10-02,0.0
1925-10-03,0.0
1925-10-04,37.32212829589844
1925-10-05,0.0
1925-10-06,0.9408657550811768
1925-10-07,0.0
1925-10-08,0.3137509524822235
1925-10-09,0.0
1925-10-10,0.7945088148117065
1925-10-11,0.4876715838909149
1925-10-12,0.0
1925-10-13,28.089576721191406
1925-10-14,0.0
1925-10-15,0.0
1925-10-16,0.0
1925-10-17,0.0
1925-10-18,0.0
1925-10-19,0.0
1925-10-20,0.0
1925-10-21,0.0
1925-10-22,0.0
1925-10-23,52.64642333984375
1925-10-24,0.2475837022066116
1925-10-25,0.7960034012794495
1925-10-26,0.5905747413635254
1925-10-27,2.164104461669922
1925-10-28,1.3100539445877075
1925-10-29,3.793778657913208
1925-10-30,8.21706485748291
1925-10-31,78.36569213867188
1925-11-01,17.351139068603516
1925-11-02,0.0
1925-11-03,0.0
1925-11-04,0.0
1925-11-05,0.0
1925-11-06,2.9416794776916504
1925-11-07,17.619861602783203
1925-11-08,33.274105072021484
1925-11-09,22.253278732299805
1925-11-10,86.35838317871094
1925-11-11,20.055538177490234
1925-11-12,32.67621994018555
1925-11-13,7.047564506530762
1925-11-14,1.4678946733474731
1925-11-15,0.4943350851535797
1925-11-16,0.1254487633705139
1925-11-17,0.0
1925-11-18,0.0
1925-11-19,46.54043197631836
1925-11-20,23.529132843017575
1925-11-21,22.306640625
1925-11-22,0.0
1925-11-23,0.0
1925-11-24,0.0
1925-11-25,0.0
1925-11-26,0.0
1925-11-27,14.724863052368164
1925-11-28,10.764148712158203
1925-11-29,9.221176147460938
1925-11-30,26.46110725402832
1925-12-01,10.68236255645752
1925-12-02,0.3823721706867218
1925-12-03,2.4559011459350586
1925-12-04,0.6406919360160828
1925-12-05,33.943172454833984
1925-12-06,87.3467025756836
1925-12-07,3.791340589523315
1925-12-08,30.554561614990234
1925-12-09,62.095252990722656
1925-12-10,61.4091682434082
1925-12-11,18.59598731994629
1925-12-12,7.056064605712891
1925-12-13,2.9006893634796143
1925-12-14,0.0
1925-12-15,0.0
1925-12-16,0.0
1925-12-17,0.0
1925-12-18,0.0
1925-12-19,0.0
1925-12-20,0.0
1925-12-21,0.0
1925-12-22,0.0
1925-12-23,0.0
1925-12-24,0.2648362815380096
1925-12-25,0.0
1925-12-26,0.0
1925-12-27,5.3069257736206055
1925-12-28,23.707408905029297
1925-12-29,12.915532112121582
1925-12-30,0.0
1925-12-31,0.0
1926-01-01,0.0
1926-01-02,0.0
1926-01-03,0.0
1926-01-04,0.0
1926-01-05,0.0
1926-01-06,0.0
1926-01-07,0.0
1926-01-08,0.1254487633705139
1926-01-09,0.0
1926-01-10,0.0
1926-01-11,0.0
1926-01-12,0.0
1926-01-13,0.0
1926-01-14,4.040170192718506
1926-01-15,0.0
1926-01-16,0.0
1926-01-17,0.0
1926-01-18,0.0
1926-01-19,0.0
1926-01-20,0.0
1926-01-21,0.0
1926-01-22,0.0
1926-01-23,0.1254487633705139
1926-01-24,0.0
1926-01-25,8.211578369140625
1926-01-26,10.46257209777832
1926-01-27,3.8576505184173584
1926-01-28,20.776309967041016
1926-01-29,28.474958419799805
1926-01-30,0.0
1926-01-31,0.0
1926-02-01,0.0
1926-02-02,0.0
1926-02-03,0.0
1926-02-04,0.0
1926-02-05,0.0
1926-02-06,0.0
1926-02-07,0.0
1926-02-08,0.0
1926-02-09,0.0
1926-02-10,0.0
1926-02-11,0.0
1926-02-12,0.0
1926-02-13,0.0
1926-02-14,0.0
1926-02-15,0.0
1926-02-16,0.0
1926-02-17,0.0
1926-02-18,0.0
1926-02-19,0.0
1926-02-20,0.0
1926-02-21,0.0
1926-02-22,0.0
1926-02-23,0.0
1926-02-24,0.0
1926-02-25,0.0
1926-02-26,0.0
1926-02-27,0.0
1926-02-28,0.0
1926-03-01,0.0
1926-03-02,0.0
1926-03-03,0.0
1926-03-04,0.0
1926-03-05,0.0
1926-03-06,0.0
1926-03-07,0.0
1926-03-08,0.0
1926-03-09,0.0
1926-03-10,0.0
1926-03-11,31.791542053222656
1926-03-12,0.174234390258789
1926-03-13,0.0
1926-03-14,0.0
1926-03-15,0.0
1926-03-16,0.0
1926-03-17,0.0
1926-03-18,0.0
1926-03-19,0.0
1926-03-20,0.0
1926-03-21,0.0
1926-03-22,0.0
1926-03-23,0.0
1926-03-24,0.0
1926-03-25,0.0
1926-03-26,0.0
1926-03-27,0.0
1926-03-28,0.0
1926-03-29,0.0
1926-03-30,0.0
1926-03-31,0.0
1926-04-01,0.0
1926-04-02,0.0
1926-04-03,0.0
1926-04-04,0.0
1926-04-05,0.0
1926-04-06,0.0
1926-04-07,0.0
1926-04-08,0.0
1926-04-09,4.336310386657715
1926-04-10,13.976612091064451
1926-04-11,0.0
1926-04-12,0.0
1926-04-13,0.0
1926-04-14,0.0
1926-04-15,0.0
1926-04-16,0.0
1926-04-17,0.0
1926-04-18,0.0
1926-04-19,0.0
1926-04-20,0.0
1926-04-21,0.0
1926-04-22,0.0
1926-04-23,0.0
1926-04-24,0.0
1926-04-25,0.0
1926-04-26,0.0
1926-04-27,0.0
1926-04-28,0.0
1926-04-29,0.0
1926-04-30,0.0
1926-05-01,0.0
1926-05-02,0.0
1926-05-03,0.0
1926-05-04,0.0
1926-05-05,0.0
1926-05-06,0.0
1926-05-07,0.0
1926-05-08,0.0
1926-05-09,0.0
1926-05-10,0.0
1926-05-11,0.0
1926-05-12,0.0
1926-05-13,0.0
1926-05-14,0.6934779286384583
1926-05-15,0.0
1926-05-16,0.0
1926-05-17,0.0
1926-05-18,0.0
1926-05-19,0.0
1926-05-20,0.0
1926-05-21,2.8156278133392334
1926-05-22,0.0
1926-05-23,0.1767250299453735
1926-05-24,0.0
1926-05-25,0.0
1926-05-26,0.0
1926-05-27,0.0
1926-05-28,0.0
1926-05-29,0.0
1926-05-30,0.2617319822311401
1926-05-31,0.1923842132091522
1926-06-01,0.0
1926-06-02,0.0
1926-06-03,0.0
1926-06-04,0.0
1926-06-05,0.0
1926-06-06,0.0
1926-06-07,0.0
1926-06-08,0.8502638936042786
1926-06-09,0.0
1926-06-10,0.0
1926-06-11,0.0
1926-06-12,0.0
1926-06-13,0.0
1926-06-14,0.2908133566379547
1926-06-15,0.0
1926-06-16,0.0
1926-06-17,0.665014922618866
1926-06-18,0.0
1926-06-19,0.0
1926-06-20,0.0
1926-06-21,0.4251319468021393
1926-06-22,0.0
1926-06-23,0.0
1926-06-24,0.0
1926-06-25,0.0
1926-06-26,0.0
1926-06-27,0.0
1926-06-28,0.0
1926-06-29,0.0
1926-06-30,0.0
1926-07-01,0.1386327147483825
1926-07-02,0.0
1926-07-03,43.15611267089844
1926-07-04,0.0
1926-07-05,0.0
1926-07-06,0.0
1926-07-07,0.0
1926-07-08,0.0
1926-07-09,0.0
1926-07-10,0.0
1926-07-11,0.0
1926-07-12,0.0
1926-07-13,0.0
1926-07-14,0.0
1926-07-15,0.0
1926-07-16,0.0
1926-07-17,0.0
1926-07-18,0.0
1926-07-19,6.277081489562988
1926-07-20,0.0
1926-07-21,0.0
1926-07-22,0.0
1926-07-23,0.0
1926-07-24,2.793879270553589
1926-07-25,9.862787246704102
1926-07-26,0.1029031872749328
1926-07-27,2.401822566986084
1926-07-28,6.016836166381836
1926-07-29,2.4521095752716064
1926-07-30,0.0
1926-07-31,0.0
1926-08-01,0.0
1926-08-02,4.179490566253662
1926-08-03,0.0
1926-08-04,1.198054552078247
1926-08-05,0.1457211822271347
1926-08-06,0.0
1926-08-07,0.0
1926-08-08,1.3397443294525146
1926-08-09,0.0
1926-08-10,0.0
1926-08-11,0.0
1926-08-12,0.0
1926-08-13,0.0
1926-08-14,2.1173441410064697
1926-08-15,0.1252734363079071
1926-08-16,0.0
1926-08-17,0.0
1926-08-18,0.174234390258789
1926-08-19,0.0
1926-08-20,8.33928108215332
1926-08-21,2.099203586578369
1926-08-22,0.3691092133522033
1926-08-23,0.0
1926-08-24,0.0
1926-08-25,0.0
1926-08-26,0.0
1926-08-27,0.0
1926-08-28,24.416427612304688
1926-08-29,0.3512130379676819
1926-08-30,4.226675033569336
1926-08-31,0.0
1926-09-01,0.0
1926-09-02,0.0
1926-09-03,0.0
1926-09-04,0.0
1926-09-05,0.2634021341800689
1926-09-06,9.855924606323242
1926-09-07,0.0
1926-09-08,1.8167139291763303
1926-09-09,0.0
1926-09-10,10.094853401184082
1926-09-11,0.2679390907287597
1926-09-12,0.2287439703941345
1926-09-13,0.3248831629753113
1926-09-14,1.587344527244568
1926-09-15,0.0
1926-09-16,0.0
1926-09-17,0.0
1926-09-18,0.0
1926-09-19,0.778154730796814
1926-09-20,7.891091823577881
1926-09-21,0.0
1926-09-22,0.984801173210144
1926-09-23,0.0
1926-09-24,0.0
1926-09-25,16.548006057739258
1926-09-26,0.0
1926-09-27,0.0
1926-09-28,0.0
1926-09-29,4.6576433181762695
1926-09-30,31.37217712402344
1926-10-01,6.964632034301758
1926-10-02,4.89457893371582
1926-10-03,35.555564880371094
1926-10-04,0.0
1926-10-05,0.0
1926-10-06,0.0
1926-10-07,0.0
1926-10-08,0.0
1926-10-09,0.0
1926-10-10,5.534890174865723
1926-10-11,0.0
1926-10-12,43.92005157470703
1926-10-13,7.177517414093018
1926-10-14,0.0
1926-10-15,0.1364585608243942
1926-10-16,29.543720245361328
1926-10-17,14.736141204833984
1926-10-18,0.2821797430515289
1926-10-19,27.70911026000977
1926-10-20,0.0
1926-10-21,0.0
1926-10-22,0.0
1926-10-23,0.0
1926-10-24,0.0
1926-10-25,0.0
1926-10-26,0.0
1926-10-27,0.0
1926-10-28,0.0
1926-10-29,0.1116806492209434
1926-10-30,15.74654483795166
1926-10-31,0.8165175318717957
1926-11-01,0.0
1926-11-02,13.201175689697266
1926-11-03,30.175676345825195
1926-11-04,9.629958152770996
1926-11-05,6.6183953285217285
1926-11-06,91.0410614013672
1926-11-07,83.88241577148438
1926-11-08,6.256690502166748
1926-11-09,0.0
1926-11-10,0.0
1926-11-11,0.0
1926-11-12,0.0
1926-11-13,0.0
1926-11-14,0.0
1926-11-15,0.3881715834140777
1926-11-16,0.0
1926-11-17,0.1039745360612869
1926-11-18,0.0
1926-11-19,0.0
1926-11-20,0.4042238295078277
1926-11-21,0.0
1926-11-22,3.8983194828033447
1926-11-23,0.0
1926-11-24,0.0
1926-11-25,0.0
1926-11-26,0.0
1926-11-27,0.0
1926-11-28,0.0
1926-11-29,0.0
1926-11-30,0.0
1926-12-01,0.0
1926-12-02,0.0
1926-12-03,0.0
1926-12-04,0.0
1926-12-05,0.0
1926-12-06,0.0
1926-12-07,0.0
1926-12-08,9.764190673828123
1926-12-09,2.242604255676269
1926-12-10,0.0
1926-12-11,0.0
1926-12-12,0.0
1926-12-13,0.0
1926-12-14,0.0
1926-12-15,0.0
1926-12-16,0.564519464969635
1926-12-17,0.0
1926-12-18,0.0
1926-12-19,0.0
1926-12-20,0.0
1926-12-21,0.0
1926-12-22,0.0
1926-12-23,0.0
1926-12-24,0.0
1926-12-25,0.0
1926-12-26,0.0
1926-12-27,0.0
1926-12-28,0.0
1926-12-29,0.0
1926-12-30,0.0
1926-12-31,28.37608337402344
1927-01-01,0.0
1927-01-02,0.0
1927-01-03,0.0
1927-01-04,0.0
1927-01-05,0.0
1927-01-06,0.0
1927-01-07,0.0
1927-01-08,0.0
1927-01-09,0.0
1927-01-10,0.0
1927-01-11,0.0
1927-01-12,0.0
1927-01-13,0.0
1927-01-14,0.0
1927-01-15,8.028234481811523
1927-01-16,6.971286773681641
1927-01-17,0.0
1927-01-18,0.0
1927-01-19,0.0
1927-01-20,0.0
1927-01-21,0.0
1927-01-22,0.299683153629303
1927-01-23,0.7945088148117065
1927-01-24,0.0
1927-01-25,0.0
1927-01-26,0.0
1927-01-27,0.0
1927-01-28,0.0
1927-01-29,0.0
1927-01-30,0.0
1927-01-31,0.0
1927-02-01,0.0
1927-02-02,0.0
1927-02-03,0.0
1927-02-04,0.0
1927-02-05,0.0
1927-02-06,0.0
1927-02-07,0.0
1927-02-08,0.0
1927-02-09,0.0
1927-02-10,0.0
1927-02-11,0.3693769574165344
1927-02-12,0.0
1927-02-13,0.0
1927-02-14,0.0
1927-02-15,0.0
1927-02-16,0.0
1927-02-17,0.0
1927-02-18,0.0
1927-02-19,0.0
1927-02-20,0.0
1927-02-21,0.0
1927-02-22,0.0
1927-02-23,0.0
1927-02-24,0.0
1927-02-25,0.0
1927-02-26,0.0
1927-02-27,0.0
1927-02-28,0.0
1927-03-01,0.0
1927-03-02,0.0
1927-03-03,0.0
1927-03-04,0.0
1927-03-05,0.0
1927-03-06,0.0
1927-03-07,0.0
1927-03-08,0.0
1927-03-09,0.0
1927-03-10,0.0
1927-03-11,0.0
1927-03-12,0.0
1927-03-13,0.0
1927-03-14,0.0
1927-03-15,0.0
1927-03-16,0.0
1927-03-17,0.0
1927-03-18,0.0
1927-03-19,0.0
1927-03-20,0.0
1927-03-21,0.0
1927-03-22,0.0
1927-03-23,0.0
1927-03-24,0.0
1927-03-25,0.0
1927-03-26,0.0
1927-03-27,0.0
1927-03-28,0.0
1927-03-29,0.0
1927-03-30,0.0
1927-03-31,0.0
1927-04-01,0.0
1927-04-02,0.0
1927-04-03,0.0
1927-04-04,0.0
1927-04-05,0.0
1927-04-06,0.0
1927-04-07,0.0
1927-04-08,0.0
1927-04-09,0.0
1927-04-10,0.0
1927-04-11,0.0
1927-04-12,0.0
1927-04-13,0.0
1927-04-14,0.0
1927-04-15,0.0
1927-04-16,0.0
1927-04-17,0.0
1927-04-18,0.0
1927-04-19,0.0
1927-04-20,0.0
1927-04-21,0.0
1927-04-22,0.0
1927-04-23,0.0
1927-04-24,0.0
1927-04-25,35.13816452026367
1927-04-26,1.5389405488967896
1927-04-27,32.647552490234375
1927-04-28,0.0
1927-04-29,0.0
1927-04-30,0.0
1927-05-01,0.0
1927-05-02,0.0
1927-05-03,0.0
1927-05-04,0.3010529279708862
1927-05-05,24.317502975463867
1927-05-06,0.0
1927-05-07,0.0
1927-05-08,0.0
1927-05-09,0.0
1927-05-10,0.0
1927-05-11,0.0
1927-05-12,0.0
1927-05-13,0.9717730283737184
1927-05-14,0.0
1927-05-15,0.0
1927-05-16,0.0
1927-05-17,0.0
1927-05-18,0.0
1927-05-19,13.46281909942627
1927-05-20,0.0
1927-05-21,0.0
1927-05-22,0.0
1927-05-23,0.0
1927-05-24,0.0
1927-05-25,0.0
1927-05-26,0.0
1927-05-27,0.0
1927-05-28,0.0
1927-05-29,0.0
1927-05-30,0.0
1927-05-31,0.7522079944610596
1927-06-01,0.0
1927-06-02,0.0
1927-06-03,0.0
1927-06-04,0.0
1927-06-05,21.351659774780277
1927-06-06,0.0
1927-06-07,0.0
1927-06-08,0.0
1927-06-09,0.6987890601158142
1927-06-10,22.18437767028809
1927-06-11,7.069987773895264
1927-06-12,0.0
1927-06-13,0.0
1927-06-14,0.0
1927-06-15,0.0
1927-06-16,0.4042238295078277
1927-06-17,2.229334115982056
1927-06-18,0.0
1927-06-19,0.0
1927-06-20,0.0
1927-06-21,0.0
1927-06-22,47.008148193359375
1927-06-23,0.0
1927-06-24,0.1386327147483825
1927-06-25,0.3327185213565826
1927-06-26,0.0
1927-06-27,0.0
1927-06-28,0.3909105956554413
1927-06-29,0.1940857917070388
1927-06-30,8.280288696289062
1927-07-01,0.0
1927-07-02,8.072005271911621
1927-07-03,0.0
1927-07-04,1.275395750999451
1927-07-05,16.667463302612305
1927-07-06,1.8293051719665527
1927-07-07,0.0
1927-07-08,0.0
1927-07-09,0.0
1927-07-10,0.0
1927-07-11,0.0
1927-07-12,0.0
1927-07-13,0.0
1927-07-14,4.188623905181885
1927-07-15,0.0
1927-07-16,7.051468849182129
1927-07-17,5.668646335601807
1927-07-18,9.902451515197754
1927-07-19,0.2508975267410278
1927-07-20,0.0
1927-07-21,0.0
1927-07-22,0.0
1927-07-23,1.1823030710220337
1927-07-24,0.0
1927-07-25,0.0
1927-07-26,0.0
1927-07-27,0.0
1927-07-28,0.0
1927-07-29,0.1602956354618072
1927-07-30,0.0
1927-07-31,12.363086700439451
1927-08-01,0.5854275822639465
1927-08-02,2.0586957931518555
1927-08-03,0.5291356444358826
1927-08-04,0.0
1927-08-05,0.0
1927-08-06,0.0
1927-08-07,0.0
1927-08-08,0.5282058119773865
1927-08-09,0.0
1927-08-10,0.0
1927-08-11,0.0
1927-08-12,0.1393875181674957
1927-08-13,0.0
1927-08-14,3.8576505184173584
1927-08-15,0.4289140701293945
1927-08-16,34.83741760253906
1927-08-17,0.0
1927-08-18,0.2717179954051971
1927-08-19,0.0
1927-08-20,0.5972858667373657
1927-08-21,0.0
1927-08-22,0.0
1927-08-23,0.0
1927-08-24,0.0
1927-08-25,0.0
1927-08-26,0.0
1927-08-27,0.0
1927-08-28,0.0
1927-08-29,0.0
1927-08-30,0.0
1927-08-31,0.0
1927-09-01,0.0
1927-09-02,0.0
1927-09-03,0.0
1927-09-04,0.0
1927-09-05,7.785833358764648
1927-09-06,9.907835006713867
1927-09-07,0.0
1927-09-08,1.775631546974182
1927-09-09,26.817386627197266
1927-09-10,0.0
1927-09-11,0.0
1927-09-12,0.0
1927-09-13,0.0
1927-09-14,0.0
1927-09-15,0.0
1927-09-16,15.927936553955078
1927-09-17,0.0
1927-09-18,0.1140883117914199
1927-09-19,0.6084710359573364
1927-09-20,9.548295021057127
1927-09-21,1.509515404701233
1927-09-22,1.933551788330078
1927-09-23,0.0
1927-09-24,0.0
1927-09-25,0.2292345911264419
1927-09-26,0.0
1927-09-27,0.2634021341800689
1927-09-28,0.354146659374237
1927-09-29,0.3176576495170593
1927-09-30,0.0
1927-10-01,81.94358825683594
1927-10-02,0.0
1927-10-03,0.0
1927-10-04,0.0
1927-10-05,0.0
1927-10-06,0.0
1927-10-07,0.0
1927-10-08,0.0
1927-10-09,0.0
1927-10-10,0.0
1927-10-11,7.658856868743896
1927-10-12,0.0
1927-10-13,0.0
1927-10-14,0.0
1927-10-15,0.169843316078186
1927-10-16,0.0
1927-10-17,0.0
1927-10-18,0.1364585608243942
1927-10-19,0.0
1927-10-20,0.0
1927-10-21,0.3691092133522033
1927-10-22,0.0
1927-10-23,0.4193098545074463
1927-10-24,1.760635495185852
1927-10-25,4.696269989013672
1927-10-26,0.5505806803703308
1927-10-27,1.5939160585403442
1927-10-28,10.125590324401855
1927-10-29,0.0
1927-10-30,0.0
1927-10-31,0.0
1927-11-01,0.0
1927-11-02,0.0
1927-11-03,0.0
1927-11-04,4.68613338470459
1927-11-05,0.8117560744285583
1927-11-06,78.73187255859375
1927-11-07,39.3214225769043
1927-11-08,31.274045944213867
1927-11-09,1.1838324069976809
1927-11-10,22.015758514404297
1927-11-11,57.23853302001953
1927-11-12,34.73648834228516
1927-11-13,0.3205912709236145
1927-11-14,20.87592315673828
1927-11-15,24.29975891113281
1927-11-16,7.166248321533203
1927-11-17,0.0
1927-11-18,0.0
1927-11-19,0.0
1927-11-20,0.0
1927-11-21,0.0
1927-11-22,0.0
1927-11-23,0.0
1927-11-24,0.0
1927-11-25,0.0
1927-11-26,0.0
1927-11-27,0.0
1927-11-28,0.0
1927-11-29,0.0
1927-11-30,34.34515380859375
1927-12-01,0.9930660128593444
1927-12-02,0.0
1927-12-03,3.771780252456665
1927-12-04,0.0
1927-12-05,0.0
1927-12-06,0.0
1927-12-07,20.449234008789062
1927-12-08,0.0
1927-12-09,0.0
1927-12-10,0.0
1927-12-11,0.0
1927-12-12,0.0
1927-12-13,0.0
1927-12-14,0.0
1927-12-15,0.0
1927-12-16,0.0
1927-12-17,0.0
1927-12-18,0.0
1927-12-19,0.0
1927-12-20,0.0
1927-12-21,0.0
1927-12-22,0.0
1927-12-23,25.043933868408203
1927-12-24,0.0
1927-12-25,0.0
1927-12-26,0.0
1927-12-27,0.0
1927-12-28,0.0
1927-12-29,0.0
1927-12-30,0.0
1927-12-31,0.0
1928-01-01,0.0
1928-01-02,0.0
1928-01-03,0.0
1928-01-04,13.975570678710938
1928-01-05,1.344334602355957
1928-01-06,11.932849884033203
1928-01-07,10.52565574645996
1928-01-08,0.0
1928-01-09,0.0
1928-01-10,0.0
1928-01-11,0.0
1928-01-12,0.0
1928-01-13,0.0
1928-01-14,0.0
1928-01-15,0.0
1928-01-16,0.0
1928-01-17,0.0
1928-01-18,0.0
1928-01-19,0.0
1928-01-20,0.0
1928-01-21,0.0
1928-01-22,0.0
1928-01-23,0.0
1928-01-24,0.0
1928-01-25,0.0
1928-01-26,0.7748703360557556
1928-01-27,0.1594276130199432
1928-01-28,0.0
1928-01-29,0.0
1928-01-30,0.0
1928-01-31,0.0
1928-02-01,0.0
1928-02-02,0.0
1928-02-03,0.1039745360612869
1928-02-04,0.0
1928-02-05,18.76725959777832
1928-02-06,6.265561103820801
1928-02-07,0.0
1928-02-08,0.0
1928-02-09,0.0
1928-02-10,0.0
1928-02-11,0.0
1928-02-12,0.0
1928-02-13,0.0
1928-02-14,0.0
1928-02-15,0.0
1928-02-16,0.0
1928-02-17,0.0
1928-02-18,0.0
1928-02-19,0.0
1928-02-20,0.0
1928-02-21,0.0
1928-02-22,0.0
1928-02-23,0.0
1928-02-24,0.0
1928-02-25,0.0
1928-02-26,0.0
1928-02-27,0.0
1928-02-28,0.0
1928-02-29,0.0
1928-03-01,0.0
1928-03-02,0.0
1928-03-03,0.0
1928-03-04,0.0
1928-03-05,0.0
1928-03-06,0.0
1928-03-07,0.0
1928-03-08,0.0
1928-03-09,0.0
1928-03-10,0.0
1928-03-11,0.0
1928-03-12,0.0
1928-03-13,0.0
1928-03-14,0.0
1928-03-15,0.0
1928-03-16,0.0
1928-03-17,0.0
1928-03-18,0.0
1928-03-19,0.0
1928-03-20,0.0
1928-03-21,0.0
1928-03-22,0.0
1928-03-23,0.0
1928-03-24,0.0
1928-03-25,0.0
1928-03-26,0.0
1928-03-27,0.0
1928-03-28,0.0
1928-03-29,0.0
1928-03-30,0.0
1928-03-31,0.9652789235115052
1928-04-01,0.6307788491249084
1928-04-02,2.0965492725372314
1928-04-03,0.0
1928-04-04,0.0
1928-04-05,0.0
1928-04-06,0.0
1928-04-07,0.0
1928-04-08,0.0
1928-04-09,0.0
1928-04-10,0.0
1928-04-11,0.0
1928-04-12,0.0
1928-04-13,0.0
1928-04-14,0.0
1928-04-15,0.0
1928-04-16,0.0
1928-04-17,0.0
1928-04-18,0.0
1928-04-19,0.0
1928-04-20,0.0
1928-04-21,0.1247694417834281
1928-04-22,0.0
1928-04-23,0.0
1928-04-24,0.0
1928-04-25,0.0
1928-04-26,0.0
1928-04-27,0.0
1928-04-28,0.0
1928-04-29,0.0
1928-04-30,0.0
1928-05-01,0.0
1928-05-02,0.0
1928-05-03,0.0
1928-05-04,0.0
1928-05-05,0.0
1928-05-06,0.0
1928-05-07,0.0
1928-05-08,0.0
1928-05-09,0.0
1928-05-10,3.862090826034546
1928-05-11,0.0
1928-05-12,0.2791242301464081
1928-05-13,0.0
1928-05-14,0.0
1928-05-15,0.0
1928-05-16,0.0
1928-05-17,0.0
1928-05-18,0.0
1928-05-19,0.0
1928-05-20,0.0
1928-05-21,0.0
1928-05-22,0.0
1928-05-23,0.0
1928-05-24,0.0
1928-05-25,0.0
1928-05-26,0.0
1928-05-27,0.0
1928-05-28,0.0
1928-05-29,0.0
1928-05-30,3.28851318359375
1928-05-31,4.025374412536621
1928-06-01,0.0
1928-06-02,0.6934155821800232
1928-06-03,0.0
1928-06-04,0.0
1928-06-05,0.0
1928-06-06,0.0
1928-06-07,0.0
1928-06-08,0.0
1928-06-09,0.0
1928-06-10,0.0
1928-06-11,0.704033374786377
1928-06-12,0.0
1928-06-13,0.0
1928-06-14,0.0
1928-06-15,0.0
1928-06-16,0.0
1928-06-17,0.0
1928-06-18,0.0
1928-06-19,0.0
1928-06-20,0.0
1928-06-21,0.0
1928-06-22,0.0
1928-06-23,0.0
1928-06-24,0.1767250299453735
1928-06-25,0.4236977994441986
1928-06-26,23.56037712097168
1928-06-27,8.618879318237305
1928-06-28,0.0
1928-06-29,0.0
1928-06-30,0.0
1928-07-01,19.79771423339844
1928-07-02,0.299683153629303
1928-07-03,0.0
1928-07-04,0.0
1928-07-05,0.0
1928-07-06,0.1110193878412246
1928-07-07,0.9239869117736816
1928-07-08,0.0
1928-07-09,0.0
1928-07-10,0.0
1928-07-11,0.0
1928-07-12,0.3205912709236145
1928-07-13,5.386390209197998
1928-07-14,9.989144325256348
1928-07-15,5.136714935302734
1928-07-16,3.451100349426269
1928-07-17,0.0
1928-07-18,0.0
1928-07-19,0.0
1928-07-20,0.0
1928-07-21,0.0
1928-07-22,0.0
1928-07-23,0.0
1928-07-24,0.0
1928-07-25,0.0
1928-07-26,0.0
1928-07-27,0.0
1928-07-28,0.0
1928-07-29,0.0
1928-07-30,0.0
1928-07-31,0.0
1928-08-01,0.0
1928-08-02,0.0
1928-08-03,0.0
1928-08-04,24.352582931518555
1928-08-05,4.528807163238525
1928-08-06,8.818618774414062
1928-08-07,47.91795349121094
1928-08-08,0.0
1928-08-09,7.439833164215088
1928-08-10,0.1045406386256218
1928-08-11,0.2299894094467163
1928-08-12,4.776331424713135
1928-08-13,19.017784118652344
1928-08-14,11.275834083557127
1928-08-15,2.814382314682007
1928-08-16,21.42509651184082
1928-08-17,1.0263546705245972
1928-08-18,0.0
1928-08-19,7.989201068878174
1928-08-20,30.059398651123047
1928-08-21,29.775863647460938
1928-08-22,0.0
1928-08-23,0.174234390258789
1928-08-24,0.0
1928-08-25,0.0
1928-08-26,0.0
1928-08-27,0.0
1928-08-28,0.0
1928-08-29,0.0
1928-08-30,0.0
1928-08-31,0.0
1928-09-01,0.0
1928-09-02,7.532050609588623
1928-09-03,0.0
1928-09-04,0.0
1928-09-05,0.0
1928-09-06,0.0
1928-09-07,0.0
1928-09-08,0.0
1928-09-09,0.0
1928-09-10,4.46951961517334
1928-09-11,36.57170867919922
1928-09-12,70.27632904052734
1928-09-13,29.01292991638184
1928-09-14,0.696406900882721
1928-09-15,0.3182878792285919
1928-09-16,0.0
1928-09-17,0.0
1928-09-18,0.0
1928-09-19,0.0
1928-09-20,1.227213978767395
1928-09-21,0.0
1928-09-22,0.1247694417834281
1928-09-23,60.179569244384766
1928-09-24,0.0
1928-09-25,0.0
1928-09-26,0.0
1928-09-27,66.82254028320312
1928-09-28,0.0
1928-09-29,0.0
1928-09-30,0.0
1928-10-01,0.0
1928-10-02,0.0
1928-10-03,0.0
1928-10-04,0.0
1928-10-05,0.0
1928-10-06,0.0
1928-10-07,0.0
1928-10-08,15.8387451171875
1928-10-09,56.91889572143555
1928-10-10,1.9027338027954104
1928-10-11,0.0
1928-10-12,0.1950293034315109
1928-10-13,0.0
1928-10-14,0.0
1928-10-15,20.510417938232425
1928-10-16,29.86010360717773
1928-10-17,2.4502556324005127
1928-10-18,44.28470993041992
1928-10-19,19.415266036987305
1928-10-20,46.79430770874024
1928-10-21,0.8281441926956177
1928-10-22,10.537158012390137
1928-10-23,19.6755485534668
1928-10-24,22.52891159057617
1928-10-25,26.80409049987793
1928-10-26,0.5976974368095398
1928-10-27,5.534890174865723
1928-10-28,0.3535134196281433
1928-10-29,0.0
1928-10-30,0.0
1928-10-31,0.0
1928-11-01,0.0
1928-11-02,27.503803253173828
1928-11-03,0.0
1928-11-04,9.82904052734375
1928-11-05,12.941413879394531
1928-11-06,0.507141649723053
1928-11-07,56.27965927124024
1928-11-08,0.3902850449085235
1928-11-09,0.2857443988323211
1928-11-10,2.353233575820923
1928-11-11,19.225318908691406
1928-11-12,82.13934326171875
1928-11-13,87.57678985595703
1928-11-14,9.210373878479004
1928-11-15,0.0
1928-11-16,0.0
1928-11-17,0.0
1928-11-18,0.0
1928-11-19,0.0
1928-11-20,0.0
1928-11-21,7.8829216957092285
1928-11-22,9.104313850402832
1928-11-23,0.0
1928-11-24,0.0
1928-11-25,0.0
1928-11-26,0.0
1928-11-27,0.0
1928-11-28,0.0
1928-11-29,1.5750789642333984
1928-11-30,0.0
1928-12-01,0.0
1928-12-02,0.1380960196256637
1928-12-03,0.494636982679367
1928-12-04,1.6787515878677368
1928-12-05,0.0
1928-12-06,0.0
1928-12-07,0.0
1928-12-08,11.521538734436035
1928-12-09,4.599788188934326
1928-12-10,0.2844989895820617
1928-12-11,0.0
1928-12-12,0.0
1928-12-13,0.0
1928-12-14,0.0
1928-12-15,0.0
1928-12-16,0.0
1928-12-17,0.0
1928-12-18,0.0
1928-12-19,0.0
1928-12-20,0.0
1928-12-21,0.0
1928-12-22,0.0
1928-12-23,0.0
1928-12-24,0.0
1928-12-25,46.170166015625
1928-12-26,49.83771896362305
1928-12-27,50.98968505859375
1928-12-28,22.99964141845703
1928-12-29,0.0
1928-12-30,0.1393875181674957
1928-12-31,0.0
1929-01-01,0.0
1929-01-02,0.0
1929-01-03,0.0
1929-01-04,0.0
1929-01-05,0.0
1929-01-06,0.0
1929-01-07,0.0
1929-01-08,30.649507522583008
1929-01-09,0.0
1929-01-10,0.1045406386256218
1929-01-11,0.0
1929-01-12,0.0
1929-01-13,0.0
1929-01-14,0.0
1929-01-15,0.0
1929-01-16,0.0
1929-01-17,0.0
1929-01-18,0.0
1929-01-19,0.0
1929-01-20,0.0
1929-01-21,0.0
1929-01-22,0.0
1929-01-23,0.0
1929-01-24,0.0
1929-01-25,0.0
1929-01-26,0.0
1929-01-27,0.4020348787307739
1929-01-28,0.0
1929-01-29,0.0
1929-01-30,0.0
1929-01-31,0.0
1929-02-01,0.0
1929-02-02,0.0
1929-02-03,0.1039745360612869
1929-02-04,0.0
1929-02-05,3.594952344894409
1929-02-06,0.3899076282978058
1929-02-07,0.0
1929-02-08,0.0
1929-02-09,0.0
1929-02-10,0.0
1929-02-11,0.0
1929-02-12,0.0
1929-02-13,0.0
1929-02-14,0.0
1929-02-15,0.0
1929-02-16,0.0
1929-02-17,0.0
1929-02-18,0.0
1929-02-19,0.0
1929-02-20,0.0
1929-02-21,0.0
1929-02-22,0.0
1929-02-23,0.0
1929-02-24,0.0
1929-02-25,0.0
1929-02-26,0.0
1929-02-27,0.0
1929-02-28,0.0
1929-03-01,0.0
1929-03-02,0.0
1929-03-03,0.0
1929-03-04,0.0
1929-03-05,0.0
1929-03-06,0.0
1929-03-07,0.0
1929-03-08,0.0
1929-03-09,0.0
1929-03-10,0.0
1929-03-11,0.0
1929-03-12,0.0
1929-03-13,0.0
1929-03-14,0.0
1929-03-15,0.0
1929-03-16,0.0
1929-03-17,0.0
1929-03-18,0.0
1929-03-19,0.0
1929-03-20,0.0
1929-03-21,0.0
1929-03-22,0.0
1929-03-23,0.0
1929-03-24,0.0
1929-03-25,0.0
1929-03-26,0.0
1929-03-27,0.0
1929-03-28,0.0
1929-03-29,0.0
1929-03-30,0.0
1929-03-31,0.0
1929-04-01,0.0
1929-04-02,0.0
1929-04-03,0.0
1929-04-04,0.0
1929-04-05,0.0
1929-04-06,0.0
1929-04-07,0.0
1929-04-08,0.0
1929-04-09,0.0
1929-04-10,0.0
1929-04-11,0.0
1929-04-12,0.0
1929-04-13,0.0
1929-04-14,0.0
1929-04-15,0.0
1929-04-16,31.294981002807617
1929-04-17,0.0
1929-04-18,0.0
1929-04-19,0.0
1929-04-20,0.0
1929-04-21,0.0
1929-04-22,7.731391906738281
1929-04-23,0.9927991628646852
1929-04-24,1.047624588012695
1929-04-25,27.997804641723636
1929-04-26,0.0
1929-04-27,0.0
1929-04-28,0.0
1929-04-29,0.0
1929-04-30,0.0
1929-05-01,0.0
1929-05-02,0.0
1929-05-03,0.0
1929-05-04,0.0
1929-05-05,0.0
1929-05-06,0.0
1929-05-07,0.0
1929-05-08,0.0
1929-05-09,0.0
1929-05-10,0.0
1929-05-11,0.0
1929-05-12,0.0
1929-05-13,0.0
1929-05-14,0.0
1929-05-15,0.0
1929-05-16,0.0
1929-05-17,0.0
1929-05-18,0.0
1929-05-19,0.0
1929-05-20,0.0
1929-05-21,0.0
1929-05-22,0.0
1929-05-23,0.0
1929-05-24,0.0
1929-05-25,0.0
1929-05-26,0.0
1929-05-27,0.0
1929-05-28,0.0
1929-05-29,0.0
1929-05-30,0.0
1929-05-31,0.0
1929-06-01,0.0
1929-06-02,0.0
1929-06-03,0.0
1929-06-04,0.0
1929-06-05,0.0
1929-06-06,0.0
1929-06-07,0.2841970324516296
1929-06-08,0.7703551650047302
1929-06-09,7.498561382293701
1929-06-10,0.0
1929-06-11,0.242984652519226
1929-06-12,1.8854049444198608
1929-06-13,5.955031394958496
1929-06-14,0.0
1929-06-15,5.981529712677002
1929-06-16,0.0
1929-06-17,0.3336620330810547
1929-06-18,0.0
1929-06-19,0.0
1929-06-20,0.0
1929-06-21,0.0
1929-06-22,0.2079490721225738
1929-06-23,8.651363372802734
1929-06-24,0.0
1929-06-25,0.0
1929-06-26,0.0
1929-06-27,0.0
1929-06-28,8.326757431030273
1929-06-29,0.5279380679130554
1929-06-30,0.0
1929-07-01,21.79515838623047
1929-07-02,0.0
1929-07-03,0.0
1929-07-04,0.0
1929-07-05,0.0
1929-07-06,0.0
1929-07-07,0.0
1929-07-08,0.0
1929-07-09,0.0
1929-07-10,0.3902850449085235
1929-07-11,0.0
1929-07-12,0.0
1929-07-13,0.0
1929-07-14,0.0
1929-07-15,0.0
1929-07-16,0.0
1929-07-17,0.0
1929-07-18,0.4251319468021393
1929-07-19,0.5129410624504089
1929-07-20,0.0
1929-07-21,0.0
1929-07-22,1.0198938846588137
1929-07-23,3.0883474349975586
1929-07-24,0.0
1929-07-25,0.0
1929-07-26,0.0
1929-07-27,0.827166736125946
1929-07-28,55.695777893066406
1929-07-29,4.548658847808838
1929-07-30,3.205339193344116
1929-07-31,0.0
1929-08-01,32.96912384033203
1929-08-02,14.146631240844728
1929-08-03,0.0
1929-08-04,6.334005832672119
1929-08-05,0.8808072805404663
1929-08-06,0.0
1929-08-07,0.3902850449085235
1929-08-08,0.0
1929-08-09,0.0
1929-08-10,0.0
1929-08-11,2.236138343811035
1929-08-12,0.0
1929-08-13,0.0
1929-08-14,5.689477920532227
1929-08-15,7.456953048706055
1929-08-16,32.43034362792969
1929-08-17,1.905150771141052
1929-08-18,10.42734146118164
1929-08-19,0.0
1929-08-20,0.0
1929-08-21,1.0223093032836914
1929-08-22,0.0
1929-08-23,0.1045406386256218
1929-08-24,6.132072448730469
1929-08-25,0.3205912709236145
1929-08-26,0.0
1929-08-27,0.0
1929-08-28,0.0
1929-08-29,33.71961975097656
1929-08-30,0.1073772311210632
1929-08-31,0.0
1929-09-01,3.374166965484619
1929-09-02,0.0
1929-09-03,0.0
1929-09-04,0.0
1929-09-05,0.2958547472953796
1929-09-06,0.0
1929-09-07,0.0
1929-09-08,0.0
1929-09-09,0.0
1929-09-10,0.0
1929-09-11,0.0
1929-09-12,0.0
1929-09-13,0.0
1929-09-14,1.900136351585388
1929-09-15,1.6134899854660034
1929-09-16,7.239699840545654
1929-09-17,0.0
1929-09-18,0.0
1929-09-19,13.873448371887209
1929-09-20,17.03634262084961
1929-09-21,0.0
1929-09-22,0.0
1929-09-23,0.0
1929-09-24,0.0
1929-09-25,21.069278717041016
1929-09-26,2.995652437210083
1929-09-27,0.0
1929-09-28,1.7338272333145142
1929-09-29,0.0
1929-09-30,13.278841972351074
1929-10-01,7.735629558563232
1929-10-02,16.378822326660156
1929-10-03,35.63587188720703
1929-10-04,9.675909996032717
1929-10-05,0.0
1929-10-06,0.0
1929-10-07,0.1364585608243942
1929-10-08,0.0
1929-10-09,40.2517204284668
1929-10-10,0.1039745360612869
1929-10-11,0.0
1929-10-12,0.0
1929-10-13,0.0
1929-10-14,0.0
1929-10-15,0.0
1929-10-16,0.0
1929-10-17,0.0
1929-10-18,0.0
1929-10-19,3.8549954891204834
1929-10-20,0.0
1929-10-21,0.7343118190765381
1929-10-22,4.696269989013672
1929-10-23,0.0
1929-10-24,0.3205912709236145
1929-10-25,0.0
1929-10-26,15.817675590515137
1929-10-27,18.4888973236084
1929-10-28,0.8349469900131226
1929-10-29,22.853351593017575
1929-10-30,26.80478858947754
1929-10-31,34.694087982177734
1929-11-01,4.483407020568848
1929-11-02,0.7085595726966858
1929-11-03,0.0
1929-11-04,33.646297454833984
1929-11-05,120.4684829711914
1929-11-06,0.8147376179695129
1929-11-07,7.1322922706604
1929-11-08,0.3902850449085235
1929-11-09,0.0
1929-11-10,0.0
1929-11-11,0.0
1929-11-12,5.943568229675293
1929-11-13,62.39276885986328
1929-11-14,0.3543814420700073
1929-11-15,2.886007308959961
1929-11-16,5.498292922973633
1929-11-17,0.0
1929-11-18,0.0
1929-11-19,0.0
1929-11-20,0.0
1929-11-21,6.913806915283203
1929-11-22,0.0
1929-11-23,23.548259735107425
1929-11-24,63.9339599609375
1929-11-25,0.6202744245529175
1929-11-26,0.0
1929-11-27,0.0
1929-11-28,0.0
1929-11-29,0.0
1929-11-30,0.0
1929-12-01,0.0
1929-12-02,23.746492385864254
1929-12-03,5.963475227355957
1929-12-04,12.0180082321167
1929-12-05,0.0
1929-12-06,1.905393123626709
1929-12-07,23.823888778686523
1929-12-08,3.155117988586426
1929-12-09,0.3205912709236145
1929-12-10,0.0
1929-12-11,0.0
1929-12-12,0.0
1929-12-13,0.0
1929-12-14,0.0
1929-12-15,0.0
1929-12-16,0.0
1929-12-17,0.0
1929-12-18,0.0
1929-12-19,0.0
1929-12-20,0.0
1929-12-21,0.0
1929-12-22,4.202446460723877
1929-12-23,0.0
1929-12-24,0.0
1929-12-25,16.0900936126709
1929-12-26,1.2675269842147827
1929-12-27,0.1390101164579391
1929-12-28,0.9011126160621644
1929-12-29,0.2495388835668563
1929-12-30,0.0
1929-12-31,0.0
1930-01-01,0.0
1930-01-02,0.0
1930-01-03,0.0
1930-01-04,0.0
1930-01-05,0.2508975267410278
1930-01-06,17.144250869750977
1930-01-07,22.01520729064941
1930-01-08,87.12460327148438
1930-01-09,40.47023010253906
1930-01-10,7.496326923370361
1930-01-11,0.0
1930-01-12,0.0
1930-01-13,0.0
1930-01-14,0.0
1930-01-15,0.0
1930-01-16,0.0
1930-01-17,0.0
1930-01-18,0.0
1930-01-19,0.0
1930-01-20,0.0
1930-01-21,0.0
1930-01-22,0.0
1930-01-23,0.0
1930-01-24,0.0
1930-01-25,0.0
1930-01-26,0.0
1930-01-27,0.0
1930-01-28,0.0
1930-01-29,0.0
1930-01-30,0.0
1930-01-31,0.0
1930-02-01,0.0
1930-02-02,0.0
1930-02-03,0.0
1930-02-04,0.0
1930-02-05,0.0
1930-02-06,38.792423248291016
1930-02-07,3.192049503326416
1930-02-08,0.0
1930-02-09,0.9591031670570374
1930-02-10,0.3218781054019928
1930-02-11,0.0
1930-02-12,0.0
1930-02-13,0.0
1930-02-14,0.0
1930-02-15,0.0
1930-02-16,0.0
1930-02-17,0.0
1930-02-18,0.0
1930-02-19,0.0
1930-02-20,0.0
1930-02-21,9.355947494506836
1930-02-22,0.1990952640771865
1930-02-23,0.0
1930-02-24,0.0
1930-02-25,0.0
1930-02-26,0.0
1930-02-27,0.0
1930-02-28,0.0
1930-03-01,0.0
1930-03-02,0.0
1930-03-03,0.0
1930-03-04,0.0
1930-03-05,0.0
1930-03-06,0.0
1930-03-07,0.0
1930-03-08,0.0
1930-03-09,0.0
1930-03-10,0.0
1930-03-11,0.0
1930-03-12,0.0
1930-03-13,0.0
1930-03-14,0.0
1930-03-15,0.0
1930-03-16,0.0
1930-03-17,0.0
1930-03-18,0.0
1930-03-19,0.0
1930-03-20,0.0
1930-03-21,0.0
1930-03-22,0.0
1930-03-23,0.0
1930-03-24,0.0
1930-03-25,0.0
1930-03-26,0.0
1930-03-27,0.0
1930-03-28,35.99665832519531
1930-03-29,0.0
1930-03-30,0.0
1930-03-31,0.0
1930-04-01,0.0
1930-04-02,0.0
1930-04-03,0.0
1930-04-04,0.0
1930-04-05,0.0
1930-04-06,0.0
1930-04-07,0.0
1930-04-08,0.0
1930-04-09,0.0
1930-04-10,0.0
1930-04-11,0.0
1930-04-12,0.0
1930-04-13,0.0
1930-04-14,0.0
1930-04-15,0.0
1930-04-16,0.0
1930-04-17,0.0
1930-04-18,0.0
1930-04-19,0.0
1930-04-20,0.0
1930-04-21,0.0
1930-04-22,0.0
1930-04-23,0.0
1930-04-24,0.0
1930-04-25,0.0
1930-04-26,0.0
1930-04-27,0.0
1930-04-28,0.0
1930-04-29,0.0
1930-04-30,0.0
1930-05-01,0.0
1930-05-02,0.0
1930-05-03,0.0
1930-05-04,0.0
1930-05-05,0.0
1930-05-06,42.60187911987305
1930-05-07,103.2671127319336
1930-05-08,39.426025390625
1930-05-09,7.569831371307373
1930-05-10,0.0
1930-05-11,0.1864165961742401
1930-05-12,0.0
1930-05-13,0.0
1930-05-14,0.0
1930-05-15,0.0
1930-05-16,0.0
1930-05-17,0.0
1930-05-18,0.0
1930-05-19,0.0
1930-05-20,0.0
1930-05-21,0.0
1930-05-22,0.0
1930-05-23,0.0
1930-05-24,0.0
1930-05-25,0.0
1930-05-26,0.0
1930-05-27,0.0
1930-05-28,0.0
1930-05-29,0.0
1930-05-30,0.0
1930-05-31,0.0
1930-06-01,0.0
1930-06-02,0.0
1930-06-03,0.0
1930-06-04,0.0
1930-06-05,0.0
1930-06-06,0.0
1930-06-07,0.0
1930-06-08,7.536417961120605
1930-06-09,0.0
1930-06-10,0.0
1930-06-11,0.0
1930-06-12,0.0
1930-06-13,0.4317459166049957
1930-06-14,0.0
1930-06-15,6.8021674156188965
1930-06-16,1.6393312215805054
1930-06-17,0.0
1930-06-18,0.0
1930-06-19,0.0
1930-06-20,1.1333847045898438
1930-06-21,0.0
1930-06-22,0.0
1930-06-23,0.0
1930-06-24,13.07149600982666
1930-06-25,0.4483911991119385
1930-06-26,2.2020764350891118
1930-06-27,0.0
1930-06-28,1.6613985300064087
1930-06-29,0.0
1930-06-30,0.0
1930-07-01,0.0
1930-07-02,0.0
1930-07-03,0.0
1930-07-04,0.0
1930-07-05,0.0
1930-07-06,0.0
1930-07-07,0.0
1930-07-08,0.0
1930-07-09,0.0
1930-07-10,0.0
1930-07-11,0.1393875181674957
1930-07-12,1.5670403242111206
1930-07-13,0.0
1930-07-14,0.0
1930-07-15,0.0
1930-07-16,2.9502224922180176
1930-07-17,0.0
1930-07-18,0.0
1930-07-19,0.0
1930-07-20,0.0
1930-07-21,0.0
1930-07-22,0.0
1930-07-23,0.6708957552909851
1930-07-24,15.42874240875244
1930-07-25,10.8475980758667
1930-07-26,0.0
1930-07-27,0.0
1930-07-28,0.0
1930-07-29,0.0
1930-07-30,0.0
1930-07-31,0.0
1930-08-01,0.0
1930-08-02,22.13956069946289
1930-08-03,0.0
1930-08-04,0.0
1930-08-05,0.0
1930-08-06,0.6708957552909851
1930-08-07,0.0
1930-08-08,0.0
1930-08-09,0.0
1930-08-10,0.0
1930-08-11,0.0
1930-08-12,0.0
1930-08-13,0.0
1930-08-14,0.2173374593257904
1930-08-15,19.66621398925781
1930-08-16,0.5751530528068542
1930-08-17,45.93146896362305
1930-08-18,2.5158591270446777
1930-08-19,0.0
1930-08-20,10.101341247558594
1930-08-21,0.0
1930-08-22,22.40476417541504
1930-08-23,0.0
1930-08-24,0.0
1930-08-25,53.95069885253906
1930-08-26,2.9736766815185547
1930-08-27,0.0
1930-08-28,0.0
1930-08-29,75.9754409790039
1930-08-30,0.4528652429580688
1930-08-31,0.0
1930-09-01,0.0
1930-09-02,0.0
1930-09-03,0.0
1930-09-04,0.0
1930-09-05,0.0
1930-09-06,0.0
1930-09-07,3.709564924240112
1930-09-08,0.0
1930-09-09,1.684863805770874
1930-09-10,0.0
1930-09-11,0.0
1930-09-12,0.0
1930-09-13,0.0
1930-09-14,0.0
1930-09-15,0.3729849755764007
1930-09-16,0.0
1930-09-17,0.0
1930-09-18,0.7812432646751404
1930-09-19,9.607481002807615
1930-09-20,1.9523043632507324
1930-09-21,0.0
1930-09-22,0.0
1930-09-23,0.0
1930-09-24,0.0
1930-09-25,0.0
1930-09-26,0.0
1930-09-27,0.0
1930-09-28,0.0
1930-09-29,0.0
1930-09-30,34.5494384765625
1930-10-01,0.6169155240058899
1930-10-02,0.0
1930-10-03,0.0
1930-10-04,0.0
1930-10-05,0.0
1930-10-06,0.0
1930-10-07,13.370680809020996
1930-10-08,0.6918038725852966
1930-10-09,3.3036093711853027
1930-10-10,40.38833999633789
1930-10-11,20.807567596435547
1930-10-12,4.870546340942383
1930-10-13,4.429230213165283
1930-10-14,15.626578330993652
1930-10-15,8.60200023651123
1930-10-16,0.6169155240058899
1930-10-17,0.0
1930-10-18,0.1045406386256218
1930-10-19,13.066850662231444
1930-10-20,12.904001235961914
1930-10-21,53.17747497558594
1930-10-22,44.06748962402344
1930-10-23,106.492919921875
1930-10-24,105.73236846923828
1930-10-25,75.56437683105469
1930-10-26,36.29004287719727
1930-10-27,7.274045467376709
1930-10-28,4.185582637786865
1930-10-29,19.818592071533203
1930-10-30,0.7669171690940857
1930-10-31,0.6017599105834961
1930-11-01,3.752794027328491
1930-11-02,0.0
1930-11-03,25.1990909576416
1930-11-04,2.247774362564087
1930-11-05,16.908998489379883
1930-11-06,11.70373821258545
1930-11-07,0.7590958476066589
1930-11-08,0.0
1930-11-09,0.0
1930-11-10,0.0
1930-11-11,0.0
1930-11-12,0.0
1930-11-13,0.0
1930-11-14,0.0
1930-11-15,0.0
1930-11-16,23.586732864379883
1930-11-17,4.208855628967285
1930-11-18,0.0
1930-11-19,0.2287439703941345
1930-11-20,1.9017871618270876
1930-11-21,3.019030809402466
1930-11-22,0.0
1930-11-23,0.0
1930-11-24,0.0
1930-11-25,0.4948256909847259
1930-11-26,6.546137809753418
1930-11-27,0.4599788188934326
1930-11-28,1.1947461366653442
1930-11-29,234.45928955078125
1930-11-30,41.563568115234375
1930-12-01,0.0
1930-12-02,0.0
1930-12-03,4.003060817718506
1930-12-04,0.0
1930-12-05,5.171505451202393
1930-12-06,0.0
1930-12-07,0.0
1930-12-08,0.0
1930-12-09,0.0
1930-12-10,0.0
1930-12-11,0.0
1930-12-12,0.0
1930-12-13,0.0
1930-12-14,0.0
1930-12-15,0.0
1930-12-16,0.0
1930-12-17,0.0
1930-12-18,0.0
1930-12-19,0.0
1930-12-20,0.0
1930-12-21,0.0
1930-12-22,0.0
1930-12-23,0.0
1930-12-24,0.4251319468021393
1930-12-25,0.0
1930-12-26,2.1600139141082764
1930-12-27,0.0
1930-12-28,1.2270100116729736
1930-12-29,0.1393875181674957
1930-12-30,0.1045406386256218
1930-12-31,12.232510566711426
1931-01-01,0.1045406386256218
1931-01-02,0.0
1931-01-03,0.0
1931-01-04,0.0
1931-01-05,6.484432220458984
1931-01-06,52.52294921875
1931-01-07,0.0
1931-01-08,0.0
1931-01-09,0.0
1931-01-10,0.0
1931-01-11,0.0
1931-01-12,2.4178287982940674
1931-01-13,1.713226318359375
1931-01-14,0.0
1931-01-15,0.0
1931-01-16,0.0
1931-01-17,0.0
1931-01-18,0.0
1931-01-19,0.0
1931-01-20,0.0
1931-01-21,0.0
1931-01-22,0.0
1931-01-23,0.0
1931-01-24,0.0
1931-01-25,0.0
1931-01-26,0.0
1931-01-27,0.0
1931-01-28,0.0
1931-01-29,0.0
1931-01-30,0.0
1931-01-31,0.0
1931-02-01,0.0
1931-02-02,0.0
1931-02-03,0.0
1931-02-04,0.0
1931-02-05,0.0
1931-02-06,0.0
1931-02-07,0.0
1931-02-08,0.0
1931-02-09,0.0
1931-02-10,0.0
1931-02-11,0.0
1931-02-12,0.0
1931-02-13,0.0
1931-02-14,0.0
1931-02-15,0.0
1931-02-16,0.0
1931-02-17,0.0
1931-02-18,0.0
1931-02-19,0.0
1931-02-20,0.0
1931-02-21,0.0
1931-02-22,0.0
1931-02-23,0.0
1931-02-24,0.0
1931-02-25,0.0
1931-02-26,0.0
1931-02-27,0.0
1931-02-28,0.0
1931-03-01,0.0
1931-03-02,0.0
1931-03-03,0.0
1931-03-04,0.0
1931-03-05,0.0
1931-03-06,0.0
1931-03-07,0.0
1931-03-08,0.0
1931-03-09,0.0
1931-03-10,0.0
1931-03-11,0.0
1931-03-12,0.0
1931-03-13,0.0
1931-03-14,0.0
1931-03-15,0.0
1931-03-16,0.0
1931-03-17,0.0
1931-03-18,0.0
1931-03-19,0.0
1931-03-20,0.0
1931-03-21,0.0
1931-03-22,0.0
1931-03-23,0.0
1931-03-24,0.0
1931-03-25,0.0
1931-03-26,0.0
1931-03-27,0.0
1931-03-28,0.0
1931-03-29,0.0
1931-03-30,0.0
1931-03-31,0.0
1931-04-01,0.174234390258789
1931-04-02,0.0
1931-04-03,0.0
1931-04-04,0.0
1931-04-05,0.0
1931-04-06,0.0
1931-04-07,0.0
1931-04-08,0.0
1931-04-09,0.0
1931-04-10,0.0
1931-04-11,0.0
1931-04-12,0.0
1931-04-13,22.837589263916016
1931-04-14,98.66120147705078
1931-04-15,13.53093433380127
1931-04-16,0.2079490721225738
1931-04-17,21.634780883789062
1931-04-18,0.0
1931-04-19,0.0
1931-04-20,0.0
1931-04-21,0.0
1931-04-22,0.0
1931-04-23,0.0
1931-04-24,0.0
1931-04-25,0.0
1931-04-26,0.0
1931-04-27,0.0
1931-04-28,0.0
1931-04-29,0.0
1931-04-30,0.0
1931-05-01,0.0
1931-05-02,0.0
1931-05-03,0.0
1931-05-04,0.0
1931-05-05,0.0
1931-05-06,0.0
1931-05-07,0.0
1931-05-08,0.0
1931-05-09,0.0
1931-05-10,0.0
1931-05-11,0.0
1931-05-12,0.0
1931-05-13,0.0
1931-05-14,1.8262065649032595
1931-05-15,0.0
1931-05-16,0.0
1931-05-17,0.0
1931-05-18,0.0
1931-05-19,0.0
1931-05-20,0.0
1931-05-21,0.0
1931-05-22,0.0
1931-05-23,0.0
1931-05-24,0.0
1931-05-25,0.0
1931-05-26,0.0
1931-05-27,0.0
1931-05-28,0.0
1931-05-29,0.0
1931-05-30,0.0
1931-05-31,0.0
1931-06-01,0.0
1931-06-02,0.0
1931-06-03,0.2393617331981659
1931-06-04,0.0
1931-06-05,0.0
1931-06-06,0.0
1931-06-07,0.0
1931-06-08,0.0
1931-06-09,0.0
1931-06-10,0.0
1931-06-11,0.0
1931-06-12,0.0
1931-06-13,0.0
1931-06-14,1.229185938835144
1931-06-15,0.0
1931-06-16,27.2551383972168
1931-06-17,0.0
1931-06-18,0.0
1931-06-19,0.0
1931-06-20,0.0
1931-06-21,0.0
1931-06-22,0.0
1931-06-23,0.5505806803703308
1931-06-24,0.0
1931-06-25,0.0
1931-06-26,0.7559027671813965
1931-06-27,28.847272872924805
1931-06-28,0.0
1931-06-29,0.0
1931-06-30,0.0
1931-07-01,0.0
1931-07-02,0.0
1931-07-03,10.650469779968262
1931-07-04,0.5628966093063354
1931-07-05,0.0
1931-07-06,0.0
1931-07-07,0.0
1931-07-08,4.025374412536621
1931-07-09,0.6517163515090942
1931-07-10,0.1039745360612869
1931-07-11,0.0
1931-07-12,0.2480562329292297
1931-07-13,0.0
1931-07-14,0.0
1931-07-15,0.0
1931-07-16,0.0
1931-07-17,0.1923842132091522
1931-07-18,0.0
1931-07-19,0.4752893447875976
1931-07-20,0.0
1931-07-21,0.0
1931-07-22,5.829505443572998
1931-07-23,27.302637100219727
1931-07-24,0.7268214225769043
1931-07-25,0.0
1931-07-26,0.0
1931-07-27,0.0
1931-07-28,0.2841970324516296
1931-07-29,0.0
1931-07-30,0.3535134196281433
1931-07-31,0.0
1931-08-01,0.0
1931-08-02,0.0
1931-08-03,0.0
1931-08-04,0.0
1931-08-05,4.7745513916015625
1931-08-06,0.0
1931-08-07,0.0
1931-08-08,0.0
1931-08-09,2.745848655700684
1931-08-10,14.455085754394531
1931-08-11,0.4585446715354919
1931-08-12,6.44193696975708
1931-08-13,0.0
1931-08-14,0.0
1931-08-15,0.0
1931-08-16,0.0
1931-08-17,0.0
1931-08-18,0.1045406386256218
1931-08-19,8.973230361938477
1931-08-20,0.0
1931-08-21,0.0
1931-08-22,3.8569624423980713
1931-08-23,0.0
1931-08-24,0.9199576377868652
1931-08-25,0.0
1931-08-26,1.1986873149871826
1931-08-27,4.42097282409668
1931-08-28,3.476058006286621
1931-08-29,0.0
1931-08-30,0.2200033962726593
1931-08-31,0.0
1931-09-01,0.0
1931-09-02,1.1832380294799805
1931-09-03,0.0
1931-09-04,0.0
1931-09-05,0.1039745360612869
1931-09-06,0.0
1931-09-07,0.2634021341800689
1931-09-08,0.0
1931-09-09,0.0
1931-09-10,1.4815737009048462
1931-09-11,0.0
1931-09-12,0.0
1931-09-13,0.0
1931-09-14,44.51375579833984
1931-09-15,0.0
1931-09-16,7.707265377044678
1931-09-17,11.19362449645996
1931-09-18,11.476520538330078
1931-09-19,0.0
1931-09-20,3.114243030548096
1931-09-21,1.736921787261963
1931-09-22,0.0
1931-09-23,0.0
1931-09-24,0.0
1931-09-25,0.0
1931-09-26,0.0
1931-09-27,0.0
1931-09-28,0.0
1931-09-29,1.2544876337051392
1931-09-30,0.0
1931-10-01,0.0
1931-10-02,0.0
1931-10-03,0.0
1931-10-04,0.0
1931-10-05,16.59498405456543
1931-10-06,0.0
1931-10-07,0.0
1931-10-08,0.0
1931-10-09,0.0
1931-10-10,13.597702980041504
1931-10-11,2.153784990310669
1931-10-12,0.0
1931-10-13,0.0
1931-10-14,0.0
1931-10-15,0.0
1931-10-16,0.0
1931-10-17,0.3554381430149078
1931-10-18,0.3721211552619934
1931-10-19,0.0
1931-10-20,0.0
1931-10-21,0.8966646790504456
1931-10-22,8.310617446899414
1931-10-23,0.0
1931-10-24,0.2299894094467163
1931-10-25,18.47614288330078
1931-10-26,0.0
1931-10-27,0.0
1931-10-28,0.0
1931-10-29,9.672148704528809
1931-10-30,57.20829391479492
1931-10-31,10.3132905960083
1931-11-01,4.346276760101318
1931-11-02,0.0
1931-11-03,0.1547007411718368
1931-11-04,43.95076370239258
1931-11-05,27.41383934020996
1931-11-06,4.539121627807617
1931-11-07,34.365478515625
1931-11-08,17.978214263916016
1931-11-09,0.0
1931-11-10,9.131366729736328
1931-11-11,5.864163398742676
1931-11-12,0.0
1931-11-13,0.3902850449085235
1931-11-14,0.53193598985672
1931-11-15,13.684751510620115
1931-11-16,0.0
1931-11-17,0.0
1931-11-18,0.0
1931-11-19,0.0
1931-11-20,0.0
1931-11-21,0.0
1931-11-22,0.1254487633705139
1931-11-23,0.0
1931-11-24,0.2326506674289703
1931-11-25,36.09235763549805
1931-11-26,3.046468734741211
1931-11-27,0.0
1931-11-28,0.0
1931-11-29,20.63448715209961
1931-11-30,0.0
1931-12-01,6.63671350479126
1931-12-02,8.661759376525879
1931-12-03,0.0
1931-12-04,0.0
1931-12-05,0.0
1931-12-06,0.0
1931-12-07,0.6713486313819885
1931-12-08,3.0766098499298096
1931-12-09,0.0
1931-12-10,3.686396598815918
1931-12-11,47.74176025390625
1931-12-12,162.6568145751953
1931-12-13,6.091367721557617
1931-12-14,59.73409271240234
1931-12-15,0.0
1931-12-16,0.0
1931-12-17,11.806324005126951
1931-12-18,4.276960372924805
1931-12-19,0.0
1931-12-20,1.5854027271270752
1931-12-21,1.460492730140686
1931-12-22,31.96226692199707
1931-12-23,68.59224700927734
1931-12-24,115.60922241210938
1931-12-25,39.39378356933594
1931-12-26,22.393999099731445
1931-12-27,15.353028297424316
1931-12-28,16.18776512145996
1931-12-29,0.0
1931-12-30,0.0
1931-12-31,0.0
1932-01-01,0.0
1932-01-02,0.0
1932-01-03,0.0
1932-01-04,0.0
1932-01-05,0.0
1932-01-06,0.0
1932-01-07,0.0
1932-01-08,0.0
1932-01-09,0.0
1932-01-10,0.0
1932-01-11,0.0
1932-01-12,0.0
1932-01-13,1.1360082626342771
1932-01-14,0.0
1932-01-15,0.0
1932-01-16,0.0
1932-01-17,0.0
1932-01-18,0.0
1932-01-19,0.0
1932-01-20,0.0
1932-01-21,0.0
1932-01-22,0.0
1932-01-23,0.0
1932-01-24,0.0
1932-01-25,0.0
1932-01-26,0.0
1932-01-27,0.0
1932-01-28,0.0
1932-01-29,0.0
1932-01-30,0.0
1932-01-31,0.0
1932-02-01,0.0
1932-02-02,0.0
1932-02-03,0.0
1932-02-04,0.0
1932-02-05,0.0
1932-02-06,0.0
1932-02-07,0.0
1932-02-08,0.0
1932-02-09,0.0
1932-02-10,0.0
1932-02-11,0.0
1932-02-12,0.0
1932-02-13,0.0
1932-02-14,0.0
1932-02-15,0.0
1932-02-16,0.0
1932-02-17,0.0
1932-02-18,0.0
1932-02-19,0.0
1932-02-20,0.0
1932-02-21,0.0
1932-02-22,0.0
1932-02-23,0.0
1932-02-24,0.2102804034948349
1932-02-25,0.0
1932-02-26,0.0
1932-02-27,0.0
1932-02-28,0.0
1932-02-29,0.0
1932-03-01,0.0
1932-03-02,0.0
1932-03-03,0.0
1932-03-04,0.0
1932-03-05,0.0
1932-03-06,0.0
1932-03-07,0.0
1932-03-08,0.0
1932-03-09,0.0
1932-03-10,0.0
1932-03-11,0.0
1932-03-12,0.0
1932-03-13,0.0
1932-03-14,0.0
1932-03-15,0.0
1932-03-16,0.0
1932-03-17,0.0
1932-03-18,0.0
1932-03-19,0.0
1932-03-20,0.0
1932-03-21,0.0
1932-03-22,0.0
1932-03-23,0.0
1932-03-24,0.0
1932-03-25,0.0
1932-03-26,0.0
1932-03-27,0.0
1932-03-28,0.0
1932-03-29,0.0
1932-03-30,0.0
1932-03-31,0.0
1932-04-01,0.0
1932-04-02,0.0
1932-04-03,0.0
1932-04-04,0.0
1932-04-05,0.0
1932-04-06,0.0
1932-04-07,0.0
1932-04-08,0.0
1932-04-09,0.0
1932-04-10,0.0
1932-04-11,0.0
1932-04-12,0.0
1932-04-13,46.70555114746094
1932-04-14,0.6056563854217529
1932-04-15,0.0
1932-04-16,0.0
1932-04-17,0.0
1932-04-18,0.0
1932-04-19,0.0
1932-04-20,16.43694496154785
1932-04-21,2.6136536598205566
1932-04-22,0.0
1932-04-23,0.0
1932-04-24,0.0
1932-04-25,0.0
1932-04-26,0.0
1932-04-27,0.0
1932-04-28,0.0
1932-04-29,0.0
1932-04-30,0.0
1932-05-01,0.0
1932-05-02,0.0
1932-05-03,0.0
1932-05-04,0.0
1932-05-05,0.0
1932-05-06,0.0
1932-05-07,0.0
1932-05-08,0.0
1932-05-09,0.0
1932-05-10,0.0
1932-05-11,0.0
1932-05-12,0.0
1932-05-13,4.276960372924805
1932-05-14,0.7248150706291199
1932-05-15,0.0
1932-05-16,19.866539001464844
1932-05-17,10.379387855529783
1932-05-18,4.747791290283203
1932-05-19,0.0
1932-05-20,0.0
1932-05-21,0.0
1932-05-22,0.0
1932-05-23,0.0
1932-05-24,0.0
1932-05-25,0.0
1932-05-26,0.0
1932-05-27,0.0
1932-05-28,0.0
1932-05-29,0.0
1932-05-30,0.0
1932-05-31,0.0
1932-06-01,0.0
1932-06-02,0.0
1932-06-03,0.0
1932-06-04,16.330820083618164
1932-06-05,0.1045406386256218
1932-06-06,0.0
1932-06-07,0.0
1932-06-08,0.0
1932-06-09,0.0
1932-06-10,0.0
1932-06-11,0.0
1932-06-12,0.0
1932-06-13,0.0
1932-06-14,0.0
1932-06-15,0.0
1932-06-16,0.0
1932-06-17,0.0
1932-06-18,0.0
1932-06-19,0.0
1932-06-20,0.0
1932-06-21,0.0
1932-06-22,0.0
1932-06-23,0.0
1932-06-24,0.0
1932-06-25,0.0
1932-06-26,0.0
1932-06-27,0.0
1932-06-28,4.025374412536621
1932-06-29,4.801717758178711
1932-06-30,1.8091555833816528
1932-07-01,31.57611656188965
1932-07-02,0.0
1932-07-03,0.0
1932-07-04,0.4608272910118103
1932-07-05,0.0
1932-07-06,0.0
1932-07-07,0.0
1932-07-08,0.3456228077411651
1932-07-09,0.0
1932-07-10,0.0
1932-07-11,0.0
1932-07-12,0.0
1932-07-13,0.0
1932-07-14,9.560263633728027
1932-07-15,0.2634021341800689
1932-07-16,0.0
1932-07-17,0.3345300555229187
1932-07-18,0.0
1932-07-19,0.0
1932-07-20,0.0
1932-07-21,0.0
1932-07-22,0.0
1932-07-23,0.0
1932-07-24,0.0
1932-07-25,0.0
1932-07-26,13.41791534423828
1932-07-27,0.2287439703941345
1932-07-28,0.0
1932-07-29,0.0
1932-07-30,0.9011126160621644
1932-07-31,0.0
1932-08-01,0.0
1932-08-02,0.0
1932-08-03,7.86793851852417
1932-08-04,1.8315668106079104
1932-08-05,0.0
1932-08-06,0.0
1932-08-07,0.0
1932-08-08,0.0
1932-08-09,14.563875198364258
1932-08-10,1.6711698770523071
1932-08-11,39.88988876342773
1932-08-12,4.3932881355285645
1932-08-13,0.0
1932-08-14,0.0
1932-08-15,0.3131836056709289
1932-08-16,0.0
1932-08-17,1.0413206815719604
1932-08-18,0.9262256622314452
1932-08-19,0.0
1932-08-20,0.0
1932-08-21,0.2214655429124832
1932-08-22,13.716163635253906
1932-08-23,0.1377500593662262
1932-08-24,0.0
1932-08-25,0.0
1932-08-26,0.0
1932-08-27,0.3535134196281433
1932-08-28,2.4178287982940674
1932-08-29,8.126948356628418
1932-08-30,3.5412440299987797
1932-08-31,0.3881715834140777
1932-09-01,0.0
1932-09-02,2.005801200866699
1932-09-03,0.0
1932-09-04,0.0
1932-09-05,0.0
1932-09-06,0.0
1932-09-07,0.0
1932-09-08,0.0
1932-09-09,0.0
1932-09-10,0.4419713616371155
1932-09-11,11.509997367858888
1932-09-12,0.0
1932-09-13,0.0
1932-09-14,0.0
1932-09-15,0.2362928092479705
1932-09-16,0.0
1932-09-17,0.0
1932-09-18,0.0
1932-09-19,0.0
1932-09-20,12.907715797424316
1932-09-21,0.0
1932-09-22,0.0
1932-09-23,0.0
1932-09-24,1.505385160446167
1932-09-25,80.38211059570312
1932-09-26,3.94448184967041
1932-09-27,10.088990211486816
1932-09-28,17.764116287231445
1932-09-29,0.5616511702537537
1932-09-30,0.0
1932-10-01,0.0
1932-10-02,0.0
1932-10-03,0.0
1932-10-04,0.1252734363079071
1932-10-05,0.0
1932-10-06,0.2393617331981659
1932-10-07,0.0
1932-10-08,0.4831975698471069
1932-10-09,1.9046247005462649
1932-10-10,4.118002891540527
1932-10-11,24.77728080749512
1932-10-12,23.305572509765625
1932-10-13,19.85218811035156
1932-10-14,1.1916911602020264
1932-10-15,5.670977115631104
1932-10-16,3.8943777084350586
1932-10-17,6.09015417098999
1932-10-18,1.3427659273147583
1932-10-19,12.594085693359377
1932-10-20,1.3659976720809937
1932-10-21,0.7108762860298157
1932-10-22,0.0
1932-10-23,11.19084358215332
1932-10-24,0.0
1932-10-25,0.0
1932-10-26,0.0
1932-10-27,0.1543547660112381
1932-10-28,0.2081377655267715
1932-10-29,15.264432907104492
1932-10-30,19.783830642700195
1932-10-31,0.0
1932-11-01,3.0136585235595703
1932-11-02,0.0
1932-11-03,30.33624649047852
1932-11-04,45.75151062011719
1932-11-05,0.6708957552909851
1932-11-06,0.5268042683601379
1932-11-07,9.57901096343994
1932-11-08,1.7306891679763794
1932-11-09,15.88491916656494
1932-11-10,35.76831817626953
1932-11-11,2.367329835891724
1932-11-12,0.0
1932-11-13,0.0
1932-11-14,0.0
1932-11-15,0.0
1932-11-16,27.164794921875
1932-11-17,0.359121710062027
1932-11-18,0.0
1932-11-19,1.7084622383117676
1932-11-20,8.08444595336914
1932-11-21,14.39853858947754
1932-11-22,9.147464752197266
1932-11-23,0.9868929982185364
1932-11-24,21.060911178588867
1932-11-25,146.4914093017578
1932-11-26,50.758426666259766
1932-11-27,0.2169914841651916
1932-11-28,2.4601895809173584
1932-11-29,0.0
1932-11-30,1.3060221672058103
1932-12-01,2.322604894638061
1932-12-02,13.710224151611328
1932-12-03,120.24349212646484
1932-12-04,0.3249541521072387
1932-12-05,22.570486068725582
1932-12-06,0.0
1932-12-07,0.0
1932-12-08,0.0
1932-12-09,0.0
1932-12-10,0.0
1932-12-11,0.5296725630760193
1932-12-12,0.2090812772512436
1932-12-13,0.4948256909847259
1932-12-14,22.845722198486328
1932-12-15,6.772256374359131
1932-12-16,0.6702073812484741
1932-12-17,0.0
1932-12-18,0.0
1932-12-19,0.0
1932-12-20,0.0
1932-12-21,0.0
1932-12-22,3.606064796447754
1932-12-23,0.0
1932-12-24,0.0
1932-12-25,0.0
1932-12-26,0.0
1932-12-27,0.0
1932-12-28,0.0
1932-12-29,0.0
1932-12-30,0.0
1932-12-31,0.0
1933-01-01,0.0
1933-01-02,0.0
1933-01-03,0.0
1933-01-04,0.0
1933-01-05,0.0
1933-01-06,0.0
1933-01-07,0.0
1933-01-08,0.0
1933-01-09,0.0
1933-01-10,0.0
1933-01-11,0.0
1933-01-12,0.0
1933-01-13,0.0
1933-01-14,0.0
1933-01-15,0.0
1933-01-16,0.0
1933-01-17,0.0
1933-01-18,0.0
1933-01-19,0.0
1933-01-20,0.0
1933-01-21,0.0
1933-01-22,0.0
1933-01-23,0.0
1933-01-24,0.0
1933-01-25,0.0
1933-01-26,0.0
1933-01-27,0.0
1933-01-28,0.0
1933-01-29,0.0
1933-01-30,0.0
1933-01-31,0.0
1933-02-01,0.0
1933-02-02,0.0
1933-02-03,0.0
1933-02-04,0.0
1933-02-05,0.0
1933-02-06,0.0
1933-02-07,0.0
1933-02-08,0.0
1933-02-09,0.0
1933-02-10,0.0
1933-02-11,0.0
1933-02-12,0.0
1933-02-13,0.0
1933-02-14,0.0
1933-02-15,0.0
1933-02-16,0.0
1933-02-17,0.0
1933-02-18,0.0
1933-02-19,0.0
1933-02-20,0.0
1933-02-21,0.0
1933-02-22,0.0
1933-02-23,0.0
1933-02-24,0.0
1933-02-25,0.0
1933-02-26,0.0
1933-02-27,0.0
1933-02-28,0.0
1933-03-01,0.0
1933-03-02,0.0
1933-03-03,0.0
1933-03-04,0.0
1933-03-05,0.0
1933-03-06,0.0
1933-03-07,0.0
1933-03-08,0.0
1933-03-09,0.0
1933-03-10,0.0
1933-03-11,3.438340663909912
1933-03-12,80.08800506591797
1933-03-13,162.00216674804688
1933-03-14,3.7885143756866455
1933-03-15,0.0
1933-03-16,0.0
1933-03-17,0.0
1933-03-18,0.0
1933-03-19,0.0
1933-03-20,0.0
1933-03-21,0.0
1933-03-22,0.0
1933-03-23,0.0
1933-03-24,0.0
1933-03-25,0.0
1933-03-26,0.0
1933-03-27,0.0
1933-03-28,0.0
1933-03-29,0.0
1933-03-30,0.0
1933-03-31,0.0
1933-04-01,0.0
1933-04-02,0.0
1933-04-03,0.0
1933-04-04,0.0
1933-04-05,0.0
1933-04-06,0.0
1933-04-07,0.0
1933-04-08,0.0
1933-04-09,0.4193098545074463
1933-04-10,0.0
1933-04-11,0.0
1933-04-12,0.0
1933-04-13,0.0
1933-04-14,0.0
1933-04-15,0.0
1933-04-16,0.0
1933-04-17,0.0
1933-04-18,0.0
1933-04-19,0.0
1933-04-20,0.0
1933-04-21,0.0
1933-04-22,0.0
1933-04-23,0.0
1933-04-24,0.0
1933-04-25,0.0
1933-04-26,0.0
1933-04-27,0.0
1933-04-28,0.0
1933-04-29,0.0
1933-04-30,0.0
1933-05-01,0.0
1933-05-02,0.0
1933-05-03,0.8386197090148926
1933-05-04,0.0
1933-05-05,0.0
1933-05-06,0.0
1933-05-07,0.0
1933-05-08,0.0
1933-05-09,0.0
1933-05-10,0.0
1933-05-11,0.0
1933-05-12,0.0
1933-05-13,0.0
1933-05-14,0.0
1933-05-15,0.0
1933-05-16,0.0
1933-05-17,0.0
1933-05-18,0.0
1933-05-19,0.0
1933-05-20,0.0
1933-05-21,23.987380981445312
1933-05-22,0.0
1933-05-23,48.49890899658203
1933-05-24,13.485236167907717
1933-05-25,0.8386197090148926
1933-05-26,0.0
1933-05-27,0.0
1933-05-28,0.0
1933-05-29,0.0
1933-05-30,0.0
1933-05-31,0.0
1933-06-01,0.0
1933-06-02,0.0
1933-06-03,0.0
1933-06-04,0.0
1933-06-05,0.0
1933-06-06,0.9496340751647948
1933-06-07,0.0
1933-06-08,0.0
1933-06-09,0.0
1933-06-10,0.0
1933-06-11,0.0
1933-06-12,0.0
1933-06-13,0.0
1933-06-14,0.0
1933-06-15,13.525287628173828
1933-06-16,0.0
1933-06-17,0.0
1933-06-18,0.0
1933-06-19,0.0
1933-06-20,0.0
1933-06-21,0.2287439703941345
1933-06-22,0.0
1933-06-23,1.973565697669983
1933-06-24,0.7108762860298157
1933-06-25,0.0
1933-06-26,0.0
1933-06-27,2.569711923599243
1933-06-28,0.0
1933-06-29,5.030120372772217
1933-06-30,0.0
1933-07-01,0.0
1933-07-02,0.0
1933-07-03,0.0
1933-07-04,0.0
1933-07-05,0.0
1933-07-06,1.509515404701233
1933-07-07,12.613953590393066
1933-07-08,0.0
1933-07-09,0.0
1933-07-10,0.0
1933-07-11,0.0
1933-07-12,0.0
1933-07-13,9.076536178588867
1933-07-14,0.0
1933-07-15,0.3881715834140777
1933-07-16,0.0
1933-07-17,0.0
1933-07-18,0.0
1933-07-19,0.0
1933-07-20,0.0
1933-07-21,0.0
1933-07-22,0.0
1933-07-23,0.0
1933-07-24,0.0
1933-07-25,17.847639083862305
1933-07-26,0.0
1933-07-27,5.385305881500244
1933-07-28,0.0
1933-07-29,0.0
1933-07-30,0.0
1933-07-31,0.0
1933-08-01,0.0
1933-08-02,0.0
1933-08-03,0.0
1933-08-04,0.0
1933-08-05,0.0
1933-08-06,0.0
1933-08-07,0.0
1933-08-08,15.7684326171875
1933-08-09,0.0
1933-08-10,0.0
1933-08-11,0.1599937230348587
1933-08-12,0.4436246752738952
1933-08-13,0.0
1933-08-14,30.21292304992676
1933-08-15,0.5936983823776245
1933-08-16,43.070796966552734
1933-08-17,4.372366428375244
1933-08-18,19.805500030517575
1933-08-19,2.548494338989258
1933-08-20,0.0
1933-08-21,0.0
1933-08-22,0.0
1933-08-23,39.52409362792969
1933-08-24,22.306026458740234
1933-08-25,0.0
1933-08-26,0.0
1933-08-27,0.0
1933-08-28,0.0
1933-08-29,0.0
1933-08-30,0.0
1933-08-31,0.0
1933-09-01,0.6202744245529175
1933-09-02,0.58055579662323
1933-09-03,4.276960372924805
1933-09-04,44.37820816040039
1933-09-05,0.0
1933-09-06,0.0
1933-09-07,0.7978174090385437
1933-09-08,0.0
1933-09-09,0.0
1933-09-10,0.0
1933-09-11,0.0
1933-09-12,0.0
1933-09-13,0.0
1933-09-14,0.0
1933-09-15,0.0
1933-09-16,1.5479621887207031
1933-09-17,0.0
1933-09-18,0.0
1933-09-19,0.0
1933-09-20,0.0
1933-09-21,0.0
1933-09-22,0.0
1933-09-23,0.0
1933-09-24,0.0
1933-09-25,0.0
1933-09-26,0.0
1933-09-27,0.0
1933-09-28,5.304396152496338
1933-09-29,8.60060977935791
1933-09-30,3.575644016265869
1933-10-01,29.57523727416992
1933-10-02,0.0
1933-10-03,23.141496658325195
1933-10-04,0.0
1933-10-05,1.8746274709701536
1933-10-06,0.0
1933-10-07,1.7573093175888062
1933-10-08,27.206039428710938
1933-10-09,0.3529012501239776
1933-10-10,57.79883193969727
1933-10-11,10.402212142944336
1933-10-12,0.3292394876480102
1933-10-13,43.88673782348633
1933-10-14,23.35416984558105
1933-10-15,47.442626953125
1933-10-16,0.2035693526268005
1933-10-17,0.0
1933-10-18,0.0
1933-10-19,0.3188552260398865
1933-10-20,0.0
1933-10-21,2.0965492725372314
1933-10-22,0.0
1933-10-23,0.0
1933-10-24,0.0
1933-10-25,0.1364585608243942
1933-10-26,0.8919754028320312
1933-10-27,2.898502349853516
1933-10-28,0.0
1933-10-29,20.530141830444336
1933-10-30,6.700106143951416
1933-10-31,2.332566261291504
1933-11-01,6.848745346069336
1933-11-02,0.0
1933-11-03,0.0
1933-11-04,0.1254487633705139
1933-11-05,1.0902055501937866
1933-11-06,0.7416849732398987
1933-11-07,0.0
1933-11-08,0.0
1933-11-09,68.7165756225586
1933-11-10,5.861863136291504
1933-11-11,1.97772479057312
1933-11-12,0.0
1933-11-13,0.0
1933-11-14,0.0
1933-11-15,0.726348876953125
1933-11-16,0.0
1933-11-17,0.0
1933-11-18,1.2925877571105957
1933-11-19,0.0
1933-11-20,2.0965492725372314
1933-11-21,1.6685713529586792
1933-11-22,0.1252734363079071
1933-11-23,0.0
1933-11-24,0.0
1933-11-25,2.9752912521362305
1933-11-26,0.7108762860298157
1933-11-27,0.0
1933-11-28,0.2913346588611603
1933-11-29,4.095068454742432
1933-11-30,4.474521636962891
1933-12-01,0.0
1933-12-02,0.0
1933-12-03,0.0
1933-12-04,0.0
1933-12-05,0.0
1933-12-06,0.0
1933-12-07,0.0
1933-12-08,0.0
1933-12-09,0.0
1933-12-10,0.0
1933-12-11,0.0
1933-12-12,0.0
1933-12-13,0.0
1933-12-14,0.0
1933-12-15,64.80286407470703
1933-12-16,78.44392395019531
1933-12-17,132.06178283691406
1933-12-18,0.1364585608243942
1933-12-19,0.0
1933-12-20,0.0
1933-12-21,0.2299894094467163
1933-12-22,25.14107322692871
1933-12-23,0.430706113576889
1933-12-24,0.0
1933-12-25,0.0
1933-12-26,0.0
1933-12-27,0.0
1933-12-28,0.0
1933-12-29,0.0
1933-12-30,0.0
1933-12-31,0.0
1934-01-01,0.0
1934-01-02,0.0
1934-01-03,0.0
1934-01-04,0.0
1934-01-05,0.0
1934-01-06,0.0
1934-01-07,0.0
1934-01-08,0.0
1934-01-09,8.222566604614258
1934-01-10,7.435014724731445
1934-01-11,0.0
1934-01-12,0.0
1934-01-13,0.0
1934-01-14,0.0
1934-01-15,0.0
1934-01-16,0.0
1934-01-17,0.0
1934-01-18,0.0
1934-01-19,0.0
1934-01-20,0.0
1934-01-21,0.0
1934-01-22,0.0
1934-01-23,0.0
1934-01-24,0.3902850449085235
1934-01-25,53.6758041381836
1934-01-26,2.9212262630462646
1934-01-27,10.004098892211914
1934-01-28,0.0
1934-01-29,0.0
1934-01-30,0.0
1934-01-31,0.0
1934-02-01,0.0
1934-02-02,0.0
1934-02-03,0.0
1934-02-04,0.0
1934-02-05,0.0
1934-02-06,0.0
1934-02-07,0.0
1934-02-08,0.0
1934-02-09,0.0
1934-02-10,0.0
1934-02-11,0.0
1934-02-12,0.0
1934-02-13,0.0
1934-02-14,0.0
1934-02-15,0.0
1934-02-16,0.0
1934-02-17,0.0
1934-02-18,0.0
1934-02-19,0.0
1934-02-20,0.0
1934-02-21,0.0
1934-02-22,0.0
1934-02-23,0.0
1934-02-24,0.0
1934-02-25,0.0
1934-02-26,0.0
1934-02-27,0.0
1934-02-28,0.0
1934-03-01,0.0
1934-03-02,0.0
1934-03-03,0.0
1934-03-04,0.0
1934-03-05,0.0
1934-03-06,0.0
1934-03-07,0.0
1934-03-08,0.0
1934-03-09,0.0
1934-03-10,0.0
1934-03-11,0.0
1934-03-12,0.0
1934-03-13,0.0
1934-03-14,0.0
1934-03-15,0.0
1934-03-16,0.0
1934-03-17,0.0
1934-03-18,0.0
1934-03-19,0.0
1934-03-20,0.0
1934-03-21,0.0
1934-03-22,0.0
1934-03-23,0.0
1934-03-24,0.0
1934-03-25,0.0
1934-03-26,0.0
1934-03-27,0.0
1934-03-28,0.0
1934-03-29,0.0
1934-03-30,0.0
1934-03-31,0.0
1934-04-01,0.0
1934-04-02,0.0
1934-04-03,0.0
1934-04-04,0.0
1934-04-05,0.0
1934-04-06,0.0
1934-04-07,0.0
1934-04-08,0.0
1934-04-09,0.0
1934-04-10,0.0
1934-04-11,0.0
1934-04-12,0.0
1934-04-13,0.0
1934-04-14,0.0
1934-04-15,0.1254487633705139
1934-04-16,0.530521035194397
1934-04-17,0.0
1934-04-18,0.0
1934-04-19,0.0
1934-04-20,0.0
1934-04-21,0.0
1934-04-22,0.0
1934-04-23,0.0
1934-04-24,0.0
1934-04-25,0.0
1934-04-26,0.0
1934-04-27,0.0
1934-04-28,0.0
1934-04-29,0.0
1934-04-30,0.0
1934-05-01,0.0
1934-05-02,0.0
1934-05-03,0.0
1934-05-04,0.0
1934-05-05,0.0
1934-05-06,0.0
1934-05-07,0.0
1934-05-08,0.0
1934-05-09,0.0
1934-05-10,0.0
1934-05-11,0.0
1934-05-12,0.0
1934-05-13,0.457487940788269
1934-05-14,0.0
1934-05-15,0.0
1934-05-16,0.0
1934-05-17,0.0
1934-05-18,0.0
1934-05-19,0.0
1934-05-20,0.0
1934-05-21,0.0
1934-05-22,0.0
1934-05-23,0.0
1934-05-24,0.0
1934-05-25,0.0
1934-05-26,0.0
1934-05-27,0.0
1934-05-28,0.0
1934-05-29,0.0
1934-05-30,0.0
1934-05-31,0.0
1934-06-01,0.0
1934-06-02,0.0
1934-06-03,0.0
1934-06-04,0.0
1934-06-05,0.0
1934-06-06,0.0
1934-06-07,2.971641063690185
1934-06-08,0.0
1934-06-09,0.2634021341800689
1934-06-10,0.0
1934-06-11,0.0
1934-06-12,0.0
1934-06-13,0.0
1934-06-14,0.0
1934-06-15,0.0
1934-06-16,0.0
1934-06-17,0.0
1934-06-18,11.82906436920166
1934-06-19,0.7382184267044067
1934-06-20,0.0
1934-06-21,0.0
1934-06-22,0.0
1934-06-23,21.746980667114254
1934-06-24,0.0
1934-06-25,12.307870864868164
1934-06-26,0.0
1934-06-27,0.0
1934-06-28,0.1732908934354782
1934-06-29,0.4193098545074463
1934-06-30,0.0
1934-07-01,0.2648362815380096
1934-07-02,0.0
1934-07-03,0.0
1934-07-04,2.7674450874328613
1934-07-05,1.3063030242919922
1934-07-06,3.612574815750122
1934-07-07,0.0
1934-07-08,0.0
1934-07-09,0.0
1934-07-10,0.0
1934-07-11,0.0
1934-07-12,0.0
1934-07-13,0.0
1934-07-14,0.0
1934-07-15,0.0
1934-07-16,0.0
1934-07-17,1.3342857360839844
1934-07-18,0.0
1934-07-19,14.742058753967283
1934-07-20,0.1393875181674957
1934-07-21,0.0
1934-07-22,0.0
1934-07-23,0.3188552260398865
1934-07-24,2.1819732189178467
1934-07-25,12.38158893585205
1934-07-26,2.9477221965789795
1934-07-27,1.1786476373672483
1934-07-28,0.0
1934-07-29,3.5100224018096924
1934-07-30,7.090428352355957
1934-07-31,0.5099117159843445
1934-08-01,0.0
1934-08-02,0.0
1934-08-03,0.0
1934-08-04,0.0
1934-08-05,0.0
1934-08-06,0.0
1934-08-07,0.0
1934-08-08,0.3473365902900696
1934-08-09,0.0
1934-08-10,19.607505798339844
1934-08-11,0.4193098545074463
1934-08-12,0.0
1934-08-13,0.0
1934-08-14,0.0
1934-08-15,0.0
1934-08-16,0.1602956354618072
1934-08-17,0.0
1934-08-18,1.0902055501937866
1934-08-19,0.0
1934-08-20,0.0
1934-08-21,0.0
1934-08-22,8.55392074584961
1934-08-23,0.0
1934-08-24,0.0
1934-08-25,36.86602783203125
1934-08-26,0.4402179419994354
1934-08-27,0.0
1934-08-28,37.27946090698242
1934-08-29,6.0471601486206055
1934-08-30,16.289520263671875
1934-08-31,7.229595184326172
1934-09-01,0.1594276130199432
1934-09-02,1.4417800903320312
1934-09-03,0.0
1934-09-04,25.939796447753903
1934-09-05,17.147987365722656
1934-09-06,0.0
1934-09-07,0.0
1934-09-08,0.0
1934-09-09,0.0
1934-09-10,0.0
1934-09-11,0.0
1934-09-12,0.0
1934-09-13,0.0
1934-09-14,6.927440643310547
1934-09-15,0.0
1934-09-16,0.174234390258789
1934-09-17,0.0
1934-09-18,0.0
1934-09-19,0.0
1934-09-20,0.0
1934-09-21,0.0
1934-09-22,0.0
1934-09-23,0.0
1934-09-24,0.0
1934-09-25,0.0
1934-09-26,0.0
1934-09-27,0.4608272910118103
1934-09-28,0.7004725933074951
1934-09-29,0.0
1934-09-30,0.0
1934-10-01,0.0
1934-10-02,2.3962323665618896
1934-10-03,42.07170867919922
1934-10-04,0.5248188376426697
1934-10-05,28.270517349243164
1934-10-06,0.0
1934-10-07,0.0
1934-10-08,0.0
1934-10-09,4.8517165184021
1934-10-10,2.9375991821289062
1934-10-11,3.776079416275024
1934-10-12,10.327075004577637
1934-10-13,5.545891284942627
1934-10-14,62.81261444091797
1934-10-15,7.76692533493042
1934-10-16,1.2338310480117798
1934-10-17,1.0450289249420166
1934-10-18,0.0
1934-10-19,0.0
1934-10-20,8.746472358703613
1934-10-21,0.0
1934-10-22,0.0
1934-10-23,2.28470230102539
1934-10-24,12.259312629699709
1934-10-25,12.605525970458984
1934-10-26,23.475887298583984
1934-10-27,81.51997375488281
1934-10-28,17.710113525390625
1934-10-29,101.51132202148438
1934-10-30,16.464475631713867
1934-10-31,44.541751861572266
1934-11-01,1.4182251691818235
1934-11-02,0.492900937795639
1934-11-03,0.0
1934-11-04,0.0
1934-11-05,0.0
1934-11-06,1.0544140338897705
1934-11-07,11.701745986938477
1934-11-08,0.8851107358932495
1934-11-09,0.0
1934-11-10,0.0
1934-11-11,0.0
1934-11-12,0.0
1934-11-13,0.0
1934-11-14,0.0
1934-11-15,0.0
1934-11-16,0.0
1934-11-17,76.51966857910156
1934-11-18,2.1189193725585938
1934-11-19,0.0
1934-11-20,0.0
1934-11-21,0.0
1934-11-22,0.0
1934-11-23,0.0
1934-11-24,0.0
1934-11-25,0.0
1934-11-26,0.0
1934-11-27,8.588038444519043
1934-11-28,41.612586975097656
1934-11-29,0.7055539488792419
1934-11-30,0.0
1934-12-01,1.0902055501937866
1934-12-02,0.0
1934-12-03,0.0
1934-12-04,0.0
1934-12-05,3.939303398132324
1934-12-06,0.92108815908432
1934-12-07,0.0
1934-12-08,2.0495364665985107
1934-12-09,0.0
1934-12-10,0.0
1934-12-11,0.0
1934-12-12,2.2127339839935303
1934-12-13,5.616805076599121
1934-12-14,0.6453983187675476
1934-12-15,0.0
1934-12-16,19.45438003540039
1934-12-17,0.0
1934-12-18,0.0
1934-12-19,0.5796054601669312
1934-12-20,0.2987396717071533
1934-12-21,0.0
1934-12-22,0.0
1934-12-23,0.0
1934-12-24,0.174234390258789
1934-12-25,0.0
1934-12-26,0.0
1934-12-27,0.0
1934-12-28,0.0
1934-12-29,0.0
1934-12-30,0.0
1934-12-31,0.0
1935-01-01,0.0
1935-01-02,0.0
1935-01-03,0.0
1935-01-04,0.0
1935-01-05,0.0
1935-01-06,0.0
1935-01-07,32.15357208251953
1935-01-08,60.38152313232422
1935-01-09,0.0
1935-01-10,0.0
1935-01-11,0.0
1935-01-12,0.0
1935-01-13,0.0
1935-01-14,0.0
1935-01-15,0.0
1935-01-16,0.0
1935-01-17,0.0
1935-01-18,0.0
1935-01-19,0.0
1935-01-20,0.0
1935-01-21,0.9345529675483704
1935-01-22,8.002058029174805
1935-01-23,0.0
1935-01-24,0.0
1935-01-25,0.0
1935-01-26,0.0
1935-01-27,0.0
1935-01-28,0.0
1935-01-29,0.0
1935-01-30,0.0
1935-01-31,0.0
1935-02-01,0.0
1935-02-02,0.0
1935-02-03,0.0
1935-02-04,0.0
1935-02-05,0.0
1935-02-06,0.0
1935-02-07,0.0
1935-02-08,0.0
1935-02-09,0.0
1935-02-10,0.0
1935-02-11,0.0
1935-02-12,0.0
1935-02-13,0.299683153629303
1935-02-14,0.0
1935-02-15,0.0
1935-02-16,0.0
1935-02-17,0.0
1935-02-18,0.0
1935-02-19,0.0
1935-02-20,0.0
1935-02-21,0.0
1935-02-22,0.0
1935-02-23,0.0
1935-02-24,0.0
1935-02-25,0.0
1935-02-26,0.0
1935-02-27,0.0
1935-02-28,0.0
1935-03-01,0.0
1935-03-02,0.0
1935-03-03,0.0
1935-03-04,0.0
1935-03-05,0.0
1935-03-06,0.0
1935-03-07,0.0
1935-03-08,0.0
1935-03-09,0.0
1935-03-10,3.542881488800049
1935-03-11,0.8858621716499329
1935-03-12,0.0
1935-03-13,0.0
1935-03-14,0.0
1935-03-15,0.0
1935-03-16,0.0
1935-03-17,0.0
1935-03-18,0.0
1935-03-19,0.0
1935-03-20,0.0
1935-03-21,0.0
1935-03-22,0.0
1935-03-23,0.0
1935-03-24,0.0
1935-03-25,0.0
1935-03-26,0.0
1935-03-27,0.0
1935-03-28,0.0
1935-03-29,0.0
1935-03-30,0.0
1935-03-31,0.0
1935-04-01,0.0
1935-04-02,0.4595763087272644
1935-04-03,0.7805700898170471
1935-04-04,3.542881488800049
1935-04-05,0.1140883117914199
1935-04-06,0.0
1935-04-07,0.0
1935-04-08,0.0
1935-04-09,0.0
1935-04-10,0.0
1935-04-11,0.0
1935-04-12,0.0
1935-04-13,0.0
1935-04-14,0.0
1935-04-15,0.0
1935-04-16,0.0
1935-04-17,0.0
1935-04-18,0.0
1935-04-19,0.0
1935-04-20,0.0
1935-04-21,0.0
1935-04-22,0.0
1935-04-23,0.0
1935-04-24,0.0
1935-04-25,0.0
1935-04-26,0.4093756973743438
1935-04-27,0.0
1935-04-28,0.0
1935-04-29,0.0
1935-04-30,0.0
1935-05-01,0.0
1935-05-02,0.0
1935-05-03,0.0
1935-05-04,0.0
1935-05-05,0.0
1935-05-06,0.0
1935-05-07,0.0
1935-05-08,0.0
1935-05-09,0.0
1935-05-10,0.0
1935-05-11,0.0
1935-05-12,0.0
1935-05-13,0.0
1935-05-14,0.0
1935-05-15,0.0
1935-05-16,0.0
1935-05-17,0.0
1935-05-18,0.0
1935-05-19,0.0
1935-05-20,0.0
1935-05-21,3.8576505184173584
1935-05-22,0.0
1935-05-23,0.0
1935-05-24,0.0
1935-05-25,0.0
1935-05-26,2.0965492725372314
1935-05-27,0.0
1935-05-28,0.0
1935-05-29,0.0
1935-05-30,0.0
1935-05-31,0.0
1935-06-01,0.0
1935-06-02,0.0
1935-06-03,0.0
1935-06-04,0.0
1935-06-05,0.0
1935-06-06,0.0
1935-06-07,0.0
1935-06-08,0.0
1935-06-09,0.0
1935-06-10,0.0
1935-06-11,0.1393875181674957
1935-06-12,33.317405700683594
1935-06-13,0.2489400804042816
1935-06-14,4.930081367492676
1935-06-15,0.0
1935-06-16,0.6708957552909851
1935-06-17,0.0
1935-06-18,0.0
1935-06-19,0.0
1935-06-20,0.0
1935-06-21,0.0
1935-06-22,0.0
1935-06-23,0.0
1935-06-24,0.0
1935-06-25,0.0
1935-06-26,0.0
1935-06-27,0.0
1935-06-28,0.2294987738132476
1935-06-29,0.2079490721225738
1935-06-30,0.4782828688621521
1935-07-01,0.0
1935-07-02,0.0
1935-07-03,0.0
1935-07-04,1.6772394180297852
1935-07-05,0.0
1935-07-06,0.0
1935-07-07,0.0
1935-07-08,3.793161153793335
1935-07-09,0.0
1935-07-10,0.0
1935-07-11,0.1252734363079071
1935-07-12,0.0
1935-07-13,20.74550437927246
1935-07-14,0.0
1935-07-15,1.4809136390686035
1935-07-16,0.0
1935-07-17,1.530423641204834
1935-07-18,0.174234390258789
1935-07-19,0.0
1935-07-20,0.0
1935-07-21,0.0
1935-07-22,0.0
1935-07-23,0.0
1935-07-24,0.0
1935-07-25,0.0
1935-07-26,0.0
1935-07-27,0.0
1935-07-28,0.0
1935-07-29,1.083804726600647
1935-07-30,0.0
1935-07-31,0.0
1935-08-01,0.0
1935-08-02,4.276960372924805
1935-08-03,0.0
1935-08-04,0.0
1935-08-05,0.0
1935-08-06,4.61469841003418
1935-08-07,0.0
1935-08-08,3.2796401977539062
1935-08-09,41.12001037597656
1935-08-10,0.0
1935-08-11,0.0
1935-08-12,0.3902850449085235
1935-08-13,5.426341533660889
1935-08-14,0.0
1935-08-15,1.2579295635223389
1935-08-16,7.207104682922363
1935-08-17,13.812373161315918
1935-08-18,6.716168880462647
1935-08-19,28.1650505065918
1935-08-20,10.54539394378662
1935-08-21,0.0
1935-08-22,0.6308412551879883
1935-08-23,0.4927939474582672
1935-08-24,6.308688640594482
1935-08-25,0.0
1935-08-26,0.0
1935-08-27,1.0686091184616089
1935-08-28,0.0
1935-08-29,0.0
1935-08-30,0.2495388835668563
1935-08-31,2.9416794776916504
1935-09-01,0.0
1935-09-02,1.6731423139572144
1935-09-03,38.811180114746094
1935-09-04,12.711958885192873
1935-09-05,4.008729457855225
1935-09-06,0.3188552260398865
1935-09-07,47.26266479492188
1935-09-08,0.0
1935-09-09,0.0
1935-09-10,1.2614494562149048
1935-09-11,0.3247146606445312
1935-09-12,0.0
1935-09-13,0.0
1935-09-14,0.2079490721225738
1935-09-15,0.2550209164619446
1935-09-16,0.8886091709136963
1935-09-17,0.0
1935-09-18,0.0
1935-09-19,1.944455862045288
1935-09-20,0.0
1935-09-21,0.0
1935-09-22,0.0
1935-09-23,0.0
1935-09-24,0.0
1935-09-25,0.0
1935-09-26,0.0
1935-09-27,0.0
1935-09-28,0.0
1935-09-29,0.1140883117914199
1935-09-30,8.271833419799805
1935-10-01,24.937049865722656
1935-10-02,0.0
1935-10-03,0.6169155240058899
1935-10-04,0.0
1935-10-05,0.0
1935-10-06,0.0
1935-10-07,0.0
1935-10-08,0.0
1935-10-09,0.0
1935-10-10,3.8576505184173584
1935-10-11,0.0
1935-10-12,1.7398406267166138
1935-10-13,3.198837995529175
1935-10-14,10.323840141296388
1935-10-15,3.0469326972961426
1935-10-16,30.91508674621582
1935-10-17,2.733304977416992
1935-10-18,136.45957946777344
1935-10-19,5.314267158508301
1935-10-20,9.866968154907228
1935-10-21,3.221601247787476
1935-10-22,0.0
1935-10-23,0.0
1935-10-24,70.27632904052734
1935-10-25,16.480606079101562
1935-10-26,0.0
1935-10-27,0.6723686456680298
1935-10-28,0.1099602207541465
1935-10-29,0.0
1935-10-30,5.1846418380737305
1935-10-31,0.0
1935-11-01,0.0
1935-11-02,2.0965492725372314
1935-11-03,0.0
1935-11-04,0.0
1935-11-05,0.0
1935-11-06,0.0
1935-11-07,0.0
1935-11-08,0.0
1935-11-09,1.1360082626342771
1935-11-10,3.6447949409484863
1935-11-11,0.0
1935-11-12,2.290634870529175
1935-11-13,0.0
1935-11-14,19.31626319885254
1935-11-15,41.50219345092773
1935-11-16,121.84037017822266
1935-11-17,38.13556671142578
1935-11-18,3.8338661193847656
1935-11-19,0.0
1935-11-20,0.0
1935-11-21,0.1364585608243942
1935-11-22,17.67167854309082
1935-11-23,18.158767700195312
1935-11-24,40.586524963378906
1935-11-25,0.0
1935-11-26,0.0
1935-11-27,0.0
1935-11-28,0.0
1935-11-29,0.0
1935-11-30,0.0
1935-12-01,0.0
1935-12-02,0.0
1935-12-03,0.0
1935-12-04,0.0
1935-12-05,0.0
1935-12-06,0.0
1935-12-07,0.0
1935-12-08,0.0
1935-12-09,0.0
1935-12-10,0.0
1935-12-11,0.0
1935-12-12,0.0
1935-12-13,0.0
1935-12-14,0.0
1935-12-15,0.0
1935-12-16,0.0
1935-12-17,0.1144342646002769
1935-12-18,47.07220458984375
1935-12-19,9.823402404785156
1935-12-20,19.444555282592773
1935-12-21,0.0
1935-12-22,0.0
1935-12-23,0.0
1935-12-24,35.12240982055664
1935-12-25,11.492600440979004
1935-12-26,8.178268432617188
1935-12-27,5.840067863464356
1935-12-28,1.0902055501937866
1935-12-29,0.0
1935-12-30,0.0
1935-12-31,0.0
1936-01-01,0.0
1936-01-02,0.0
1936-01-03,0.0
1936-01-04,0.0
1936-01-05,0.0
1936-01-06,0.0
1936-01-07,0.0
1936-01-08,0.0
1936-01-09,0.0
1936-01-10,0.1368045359849929
1936-01-11,0.0
1936-01-12,0.0
1936-01-13,0.0
1936-01-14,0.0
1936-01-15,0.0
1936-01-16,0.0
1936-01-17,0.0
1936-01-18,0.0
1936-01-19,0.0
1936-01-20,7.631439208984375
1936-01-21,0.0
1936-01-22,0.0
1936-01-23,0.0
1936-01-24,0.0
1936-01-25,0.0
1936-01-26,0.0
1936-01-27,0.0
1936-01-28,0.0
1936-01-29,0.0
1936-01-30,0.0
1936-01-31,0.0
1936-02-01,0.0
1936-02-02,0.0
1936-02-03,0.5522154569625854
1936-02-04,0.0
1936-02-05,0.0
1936-02-06,0.0
1936-02-07,0.7779870629310608
1936-02-08,9.369898796081545
1936-02-09,0.0
1936-02-10,0.0
1936-02-11,0.0
1936-02-12,0.0
1936-02-13,0.0
1936-02-14,0.0
1936-02-15,0.0
1936-02-16,0.0
1936-02-17,0.0
1936-02-18,0.0
1936-02-19,0.0
1936-02-20,0.0
1936-02-21,0.0
1936-02-22,0.0
1936-02-23,0.1029031872749328
1936-02-24,0.0
1936-02-25,8.30402660369873
1936-02-26,0.5144423246383667
1936-02-27,0.0
1936-02-28,16.33971405029297
1936-02-29,0.0
1936-03-01,0.0
1936-03-02,0.0
1936-03-03,0.0
1936-03-04,0.0
1936-03-05,0.0
1936-03-06,0.0
1936-03-07,0.0
1936-03-08,0.0
1936-03-09,0.0
1936-03-10,0.0
1936-03-11,0.0
1936-03-12,0.0
1936-03-13,0.0
1936-03-14,0.0
1936-03-15,0.0
1936-03-16,0.0
1936-03-17,0.0
1936-03-18,0.3345300555229187
1936-03-19,0.0
1936-03-20,0.0
1936-03-21,0.0
1936-03-22,0.0
1936-03-23,0.0
1936-03-24,0.0
1936-03-25,0.0
1936-03-26,0.0
1936-03-27,0.299683153629303
1936-03-28,10.88784122467041
1936-03-29,6.823038101196289
1936-03-30,9.986083984375
1936-03-31,6.814359664916992
1936-04-01,14.00960636138916
1936-04-02,0.0
1936-04-03,0.0
1936-04-04,0.0
1936-04-05,0.0
1936-04-06,0.0
1936-04-07,0.0
1936-04-08,0.0
1936-04-09,0.0
1936-04-10,0.0
1936-04-11,0.0
1936-04-12,0.0
1936-04-13,0.0
1936-04-14,0.0
1936-04-15,0.0
1936-04-16,0.0
1936-04-17,0.0
1936-04-18,0.0
1936-04-19,0.0
1936-04-20,0.0
1936-04-21,0.0
1936-04-22,0.0
1936-04-23,0.0
1936-04-24,0.0
1936-04-25,0.0
1936-04-26,0.0
1936-04-27,0.0
1936-04-28,0.0
1936-04-29,0.0
1936-04-30,0.0
1936-05-01,0.0
1936-05-02,0.0
1936-05-03,0.0
1936-05-04,0.0
1936-05-05,0.0
1936-05-06,0.0
1936-05-07,0.0
1936-05-08,0.0
1936-05-09,0.0
1936-05-10,0.0
1936-05-11,0.0
1936-05-12,0.0
1936-05-13,0.0
1936-05-14,0.0
1936-05-15,0.0
1936-05-16,0.0
1936-05-17,0.0
1936-05-18,0.0
1936-05-19,0.0
1936-05-20,0.0
1936-05-21,0.0
1936-05-22,0.3400278985500335
1936-05-23,50.8857650756836
1936-05-24,7.496582508087158
1936-05-25,0.0
1936-05-26,0.0
1936-05-27,0.0
1936-05-28,0.0
1936-05-29,0.0
1936-05-30,0.0
1936-05-31,0.0
1936-06-01,0.0
1936-06-02,0.0
1936-06-03,0.0
1936-06-04,0.174234390258789
1936-06-05,0.0
1936-06-06,0.0
1936-06-07,0.0
1936-06-08,0.0
1936-06-09,0.0
1936-06-10,0.0
1936-06-11,5.156620502471924
1936-06-12,5.786476135253906
1936-06-13,0.0
1936-06-14,0.0
1936-06-15,0.0
1936-06-16,0.0
1936-06-17,0.0
1936-06-18,0.0
1936-06-19,0.0
1936-06-20,17.03607177734375
1936-06-21,19.04462242126465
1936-06-22,4.506949424743652
1936-06-23,0.0
1936-06-24,0.0
1936-06-25,0.0
1936-06-26,0.0
1936-06-27,0.0
1936-06-28,0.0
1936-06-29,0.0
1936-06-30,0.0
1936-07-01,0.0
1936-07-02,0.0
1936-07-03,0.0
1936-07-04,2.538229465484619
1936-07-05,0.9757078886032104
1936-07-06,0.0
1936-07-07,2.7674450874328613
1936-07-08,0.0
1936-07-09,0.0
1936-07-10,0.1588288247585296
1936-07-11,14.958013534545898
1936-07-12,1.6750553846359253
1936-07-13,6.247270584106445
1936-07-14,5.557397842407227
1936-07-15,9.831415176391602
1936-07-16,38.82219314575195
1936-07-17,0.2294987738132476
1936-07-18,0.0
1936-07-19,0.0
1936-07-20,0.3188552260398865
1936-07-21,0.0
1936-07-22,0.0
1936-07-23,0.0
1936-07-24,0.0
1936-07-25,0.0
1936-07-26,0.0
1936-07-27,1.0902055501937866
1936-07-28,0.5685073137283325
1936-07-29,0.0
1936-07-30,1.331092119216919
1936-07-31,0.2508975267410278
1936-08-01,0.0
1936-08-02,0.0
1936-08-03,0.0
1936-08-04,1.178377985954285
1936-08-05,1.3239424228668213
1936-08-06,19.997318267822266
1936-08-07,0.0
1936-08-08,0.0
1936-08-09,0.0
1936-08-10,0.0
1936-08-11,0.0
1936-08-12,4.127620697021484
1936-08-13,5.25129508972168
1936-08-14,14.273743629455566
1936-08-15,29.206127166748047
1936-08-16,5.010989189147949
1936-08-17,7.138527870178223
1936-08-18,4.790014266967773
1936-08-19,0.0
1936-08-20,0.3774904608726501
1936-08-21,0.0
1936-08-22,0.0
1936-08-23,0.0
1936-08-24,0.0
1936-08-25,0.0
1936-08-26,0.0
1936-08-27,0.0
1936-08-28,0.0
1936-08-29,0.0
1936-08-30,0.0
1936-08-31,0.5541828274726868
1936-09-01,5.492615222930908
1936-09-02,1.5611401796340942
1936-09-03,0.7784849405288696
1936-09-04,37.505889892578125
1936-09-05,0.0
1936-09-06,1.0244091749191284
1936-09-07,0.0
1936-09-08,0.2299894094467163
1936-09-09,0.0
1936-09-10,0.0
1936-09-11,0.0
1936-09-12,0.0
1936-09-13,16.017637252807617
1936-09-14,0.0
1936-09-15,0.0
1936-09-16,0.0
1936-09-17,0.0
1936-09-18,0.0
1936-09-19,0.880317747592926
1936-09-20,0.6169155240058899
1936-09-21,0.4460400342941284
1936-09-22,0.0
1936-09-23,0.0
1936-09-24,0.0
1936-09-25,0.0
1936-09-26,0.0
1936-09-27,0.0
1936-09-28,0.0
1936-09-29,0.0
1936-09-30,36.1985969543457
1936-10-01,0.0
1936-10-02,0.0
1936-10-03,0.0
1936-10-04,0.1045406386256218
1936-10-05,0.0
1936-10-06,0.3691092133522033
1936-10-07,0.0
1936-10-08,0.0
1936-10-09,0.4020348787307739
1936-10-10,0.0
1936-10-11,0.0
1936-10-12,0.0
1936-10-13,0.0
1936-10-14,0.0
1936-10-15,0.0
1936-10-16,0.0
1936-10-17,0.0
1936-10-18,0.0
1936-10-19,8.116226196289062
1936-10-20,0.4042238295078277
1936-10-21,0.0
1936-10-22,6.716119766235352
1936-10-23,0.0
1936-10-24,1.6772394180297852
1936-10-25,16.766149520874023
1936-10-26,0.0
1936-10-27,0.0
1936-10-28,0.0
1936-10-29,3.1361336708068848
1936-10-30,0.6663805246353149
1936-10-31,2.197558879852295
1936-11-01,5.633256912231445
1936-11-02,64.98979949951172
1936-11-03,39.41111373901367
1936-11-04,5.3344407081604
1936-11-05,6.113804340362549
1936-11-06,0.758529782295227
1936-11-07,13.15998077392578
1936-11-08,14.419448852539062
1936-11-09,3.1650118827819824
1936-11-10,0.1140883117914199
1936-11-11,7.650081634521484
1936-11-12,3.2282721996307373
1936-11-13,17.305776596069336
1936-11-14,10.487018585205078
1936-11-15,17.091506958007812
1936-11-16,12.829044342041016
1936-11-17,14.163119316101074
1936-11-18,0.8849377632141113
1936-11-19,0.4782049357891083
1936-11-20,0.0
1936-11-21,13.006879806518556
1936-11-22,2.734544515609741
1936-11-23,0.1029031872749328
1936-11-24,0.0
1936-11-25,0.2648362815380096
1936-11-26,10.520755767822266
1936-11-27,0.5408576726913452
1936-11-28,0.0
1936-11-29,0.0
1936-11-30,0.0
1936-12-01,0.0
1936-12-02,0.0
1936-12-03,0.0
1936-12-04,0.0
1936-12-05,0.0
1936-12-06,0.0
1936-12-07,0.0
1936-12-08,0.1393875181674957
1936-12-09,0.2342881262302398
1936-12-10,8.322181701660156
1936-12-11,35.00084686279297
1936-12-12,1.5626888275146484
1936-12-13,0.0
1936-12-14,0.0
1936-12-15,0.0
1936-12-16,0.0
1936-12-17,0.0
1936-12-18,38.78702926635742
1936-12-19,8.628304481506348
1936-12-20,2.313118457794189
1936-12-21,0.0
1936-12-22,0.0
1936-12-23,0.0
1936-12-24,0.0
1936-12-25,0.0
1936-12-26,0.0
1936-12-27,0.0
1936-12-28,0.0
1936-12-29,0.0
1936-12-30,0.0
1936-12-31,0.0
1937-01-01,0.0
1937-01-02,0.0
1937-01-03,0.0
1937-01-04,0.0
1937-01-05,0.0
1937-01-06,0.1393875181674957
1937-01-07,0.0
1937-01-08,0.0
1937-01-09,0.0
1937-01-10,0.0
1937-01-11,0.0
1937-01-12,3.786121129989624
1937-01-13,8.906455993652344
1937-01-14,0.0
1937-01-15,0.0
1937-01-16,0.0
1937-01-17,0.0
1937-01-18,0.0
1937-01-19,0.0
1937-01-20,0.0
1937-01-21,0.0
1937-01-22,0.0
1937-01-23,0.0
1937-01-24,0.0
1937-01-25,0.0
1937-01-26,0.0
1937-01-27,0.0
1937-01-28,0.0
1937-01-29,0.0
1937-01-30,0.0
1937-01-31,0.0
1937-02-01,0.0
1937-02-02,0.0
1937-02-03,0.0
1937-02-04,0.0
1937-02-05,0.0
1937-02-06,0.0
1937-02-07,0.0
1937-02-08,0.0
1937-02-09,0.0
1937-02-10,0.0
1937-02-11,0.0
1937-02-12,0.0
1937-02-13,0.0
1937-02-14,0.4948256909847259
1937-02-15,0.0
1937-02-16,0.0
1937-02-17,0.0
1937-02-18,0.0
1937-02-19,0.0
1937-02-20,0.0
1937-02-21,0.0
1937-02-22,0.0
1937-02-23,0.0
1937-02-24,0.0
1937-02-25,0.0
1937-02-26,0.0
1937-02-27,0.0
1937-02-28,0.0
1937-03-01,0.0
1937-03-02,0.0
1937-03-03,0.0
1937-03-04,0.0
1937-03-05,0.0
1937-03-06,0.0
1937-03-07,0.0
1937-03-08,0.0
1937-03-09,0.0
1937-03-10,0.0
1937-03-11,0.0
1937-03-12,0.0
1937-03-13,9.811849594116213
1937-03-14,46.42005920410156
1937-03-15,17.426523208618164
1937-03-16,0.0
1937-03-17,0.0
1937-03-18,0.0
1937-03-19,0.8813881874084473
1937-03-20,0.0
1937-03-21,0.0
1937-03-22,0.0
1937-03-23,0.0
1937-03-24,0.0
1937-03-25,0.0
1937-03-26,0.0
1937-03-27,0.0
1937-03-28,0.0
1937-03-29,0.0
1937-03-30,0.0
1937-03-31,0.0
1937-04-01,0.0
1937-04-02,0.0
1937-04-03,0.0
1937-04-04,0.0
1937-04-05,0.0
1937-04-06,0.0
1937-04-07,0.0
1937-04-08,0.0
1937-04-09,0.0
1937-04-10,0.0
1937-04-11,0.6237826943397522
1937-04-12,0.0
1937-04-13,0.0
1937-04-14,0.0
1937-04-15,0.0
1937-04-16,0.0
1937-04-17,1.3147625923156738
1937-04-18,0.1045406386256218
1937-04-19,0.0
1937-04-20,0.0
1937-04-21,0.0
1937-04-22,27.730205535888672
1937-04-23,0.1185623705387115
1937-04-24,0.1073772311210632
1937-04-25,0.0
1937-04-26,0.0
1937-04-27,0.0
1937-04-28,0.0
1937-04-29,0.0
1937-04-30,0.0
1937-05-01,0.0
1937-05-02,0.0
1937-05-03,0.0
1937-05-04,0.0
1937-05-05,0.0
1937-05-06,0.0
1937-05-07,0.0
1937-05-08,0.0
1937-05-09,0.0
1937-05-10,0.6169155240058899
1937-05-11,0.0
1937-05-12,0.0
1937-05-13,0.0
1937-05-14,0.0
1937-05-15,0.0
1937-05-16,0.0
1937-05-17,0.0
1937-05-18,0.0
1937-05-19,0.0
1937-05-20,0.0
1937-05-21,0.0
1937-05-22,0.0
1937-05-23,0.0
1937-05-24,0.0
1937-05-25,4.082645893096924
1937-05-26,0.0
1937-05-27,0.7365806698799133
1937-05-28,0.0
1937-05-29,0.0
1937-05-30,0.0
1937-05-31,0.0
1937-06-01,0.0
1937-06-02,0.0
1937-06-03,0.0
1937-06-04,0.0
1937-06-05,0.0
1937-06-06,0.0
1937-06-07,0.0
1937-06-08,0.0
1937-06-09,0.0
1937-06-10,1.4038450717926023
1937-06-11,0.0
1937-06-12,5.389536380767822
1937-06-13,0.1254487633705139
1937-06-14,0.0
1937-06-15,0.0
1937-06-16,0.0
1937-06-17,7.274394512176514
1937-06-18,0.0
1937-06-19,0.0
1937-06-20,0.0
1937-06-21,0.0
1937-06-22,0.0
1937-06-23,0.0
1937-06-24,0.0
1937-06-25,0.0
1937-06-26,0.0
1937-06-27,0.0
1937-06-28,0.0
1937-06-29,0.0
1937-06-30,0.0
1937-07-01,0.0
1937-07-02,4.0602216720581055
1937-07-03,0.7575485110282898
1937-07-04,0.0
1937-07-05,0.0
1937-07-06,0.0
1937-07-07,0.0
1937-07-08,0.0
1937-07-09,0.0
1937-07-10,6.373509407043457
1937-07-11,0.0
1937-07-12,0.0
1937-07-13,1.6772394180297852
1937-07-14,0.0
1937-07-15,0.2648362815380096
1937-07-16,0.0
1937-07-17,0.0
1937-07-18,44.9282455444336
1937-07-19,8.0015869140625
1937-07-20,0.0
1937-07-21,14.612421035766602
1937-07-22,2.362994909286499
1937-07-23,0.0
1937-07-24,0.0
1937-07-25,0.0
1937-07-26,0.3130558133125305
1937-07-27,0.0
1937-07-28,0.0
1937-07-29,8.892740249633789
1937-07-30,5.786476135253906
1937-07-31,0.599366307258606
1937-08-01,0.0
1937-08-02,0.0
1937-08-03,0.0
1937-08-04,0.0
1937-08-05,0.0
1937-08-06,0.8502638936042786
1937-08-07,7.85081672668457
1937-08-08,0.0
1937-08-09,0.0
1937-08-10,4.580941677093506
1937-08-11,0.0
1937-08-12,0.2102804034948349
1937-08-13,0.0
1937-08-14,0.2326506674289703
1937-08-15,0.0
1937-08-16,24.760225296020508
1937-08-17,0.0
1937-08-18,23.646944046020508
1937-08-19,1.4011574983596802
1937-08-20,0.6017289757728577
1937-08-21,0.0
1937-08-22,0.0
1937-08-23,0.0
1937-08-24,0.0
1937-08-25,2.846270799636841
1937-08-26,0.0
1937-08-27,0.0
1937-08-28,0.0
1937-08-29,0.3484091162681579
1937-08-30,0.0
1937-08-31,71.42373657226562
1937-09-01,0.0
1937-09-02,2.633874893188477
1937-09-03,0.8721750378608704
1937-09-04,0.0
1937-09-05,0.0
1937-09-06,0.4241884052753448
1937-09-07,1.7920047044754028
1937-09-08,0.6999770998954773
1937-09-09,0.0
1937-09-10,0.0
1937-09-11,0.0
1937-09-12,0.0
1937-09-13,0.0
1937-09-14,0.0
1937-09-15,0.0
1937-09-16,11.185225486755373
1937-09-17,0.0
1937-09-18,0.0
1937-09-19,0.3345300555229187
1937-09-20,0.0
1937-09-21,0.1029031872749328
1937-09-22,0.0
1937-09-23,0.0
1937-09-24,33.4302978515625
1937-09-25,24.381319046020508
1937-09-26,15.618337631225586
1937-09-27,1.8037059307098389
1937-09-28,0.0
1937-09-29,1.783005714416504
1937-09-30,10.002565383911133
1937-10-01,186.00289916992188
1937-10-02,3.4153153896331787
1937-10-03,0.0
1937-10-04,0.0
1937-10-05,0.4948256909847259
1937-10-06,0.0
1937-10-07,0.0
1937-10-08,0.0
1937-10-09,11.1813383102417
1937-10-10,4.892401218414307
1937-10-11,12.91053295135498
1937-10-12,3.745158672332764
1937-10-13,0.0
1937-10-14,33.94258499145508
1937-10-15,0.0
1937-10-16,35.55495071411133
1937-10-17,0.0
1937-10-18,0.0
1937-10-19,0.846497118473053
1937-10-20,0.0
1937-10-21,0.0
1937-10-22,0.0
1937-10-23,0.0
1937-10-24,10.75477409362793
1937-10-25,0.5280351042747498
1937-10-26,0.353418618440628
1937-10-27,1.233863115310669
1937-10-28,7.177992343902588
1937-10-29,35.88300704956055
1937-10-30,15.818126678466797
1937-10-31,0.9401863813400269
1937-11-01,24.951557159423828
1937-11-02,1.987021923065185
1937-11-03,25.68018913269043
1937-11-04,45.5195541381836
1937-11-05,108.5980453491211
1937-11-06,34.07746505737305
1937-11-07,0.0
1937-11-08,0.0
1937-11-09,0.0
1937-11-10,0.0
1937-11-11,0.0
1937-11-12,5.891861438751221
1937-11-13,0.2620826661586761
1937-11-14,171.89065551757812
1937-11-15,235.27761840820312
1937-11-16,45.01626586914063
1937-11-17,47.62101745605469
1937-11-18,0.0
1937-11-19,0.0
1937-11-20,0.2427959591150283
1937-11-21,0.0
1937-11-22,0.0
1937-11-23,0.0
1937-11-24,0.0
1937-11-25,0.4042238295078277
1937-11-26,1.2544876337051392
1937-11-27,0.0
1937-11-28,0.0
1937-11-29,18.20323371887207
1937-11-30,11.315452575683594
1937-12-01,0.0
1937-12-02,0.0
1937-12-03,0.0
1937-12-04,0.0
1937-12-05,0.0
1937-12-06,0.0
1937-12-07,0.0
1937-12-08,0.0
1937-12-09,0.1393875181674957
1937-12-10,35.96975326538086
1937-12-11,7.793637752532959
1937-12-12,0.7448524832725525
1937-12-13,4.315351963043213
1937-12-14,0.1921306103467941
1937-12-15,0.0
1937-12-16,0.0
1937-12-17,0.0
1937-12-18,0.0
1937-12-19,0.0
1937-12-20,0.0
1937-12-21,0.0
1937-12-22,0.0
1937-12-23,0.0
1937-12-24,0.0
1937-12-25,0.0
1937-12-26,3.5009775161743164
1937-12-27,0.0
1937-12-28,0.0
1937-12-29,0.0
1937-12-30,0.0
1937-12-31,0.0
1938-01-01,0.0
1938-01-02,0.1380960196256637
1938-01-03,0.0
1938-01-04,0.0
1938-01-05,0.0
1938-01-06,0.0
1938-01-07,0.0
1938-01-08,0.0
1938-01-09,0.0
1938-01-10,0.0
1938-01-11,0.0
1938-01-12,0.0
1938-01-13,0.0
1938-01-14,0.0
1938-01-15,0.0
1938-01-16,0.0
1938-01-17,0.0
1938-01-18,0.0
1938-01-19,0.0
1938-01-20,0.0
1938-01-21,0.0
1938-01-22,0.0
1938-01-23,0.0
1938-01-24,0.0
1938-01-25,0.0
1938-01-26,0.0
1938-01-27,0.0
1938-01-28,0.0
1938-01-29,0.0
1938-01-30,0.0
1938-01-31,0.0
1938-02-01,0.0
1938-02-02,0.0
1938-02-03,0.0
1938-02-04,4.2978105545043945
1938-02-05,1.339267373085022
1938-02-06,6.597543716430664
1938-02-07,8.838215827941895
1938-02-08,14.275604248046877
1938-02-09,6.183650493621826
1938-02-10,0.727630615234375
1938-02-11,0.0
1938-02-12,0.0
1938-02-13,0.0
1938-02-14,0.0
1938-02-15,0.0
1938-02-16,0.0
1938-02-17,0.0
1938-02-18,0.0
1938-02-19,0.0
1938-02-20,0.0
1938-02-21,0.0
1938-02-22,0.0
1938-02-23,0.0
1938-02-24,0.0
1938-02-25,0.0
1938-02-26,0.0
1938-02-27,0.0
1938-02-28,0.0
1938-03-01,0.0
1938-03-02,0.0
1938-03-03,0.0
1938-03-04,0.0
1938-03-05,0.0
1938-03-06,0.0
1938-03-07,0.0
1938-03-08,0.0
1938-03-09,0.0
1938-03-10,0.0
1938-03-11,0.0
1938-03-12,0.0
1938-03-13,0.0
1938-03-14,0.0
1938-03-15,0.0
1938-03-16,0.0
1938-03-17,0.0
1938-03-18,0.0
1938-03-19,0.0
1938-03-20,0.0
1938-03-21,0.0
1938-03-22,13.835489273071287
1938-03-23,12.537925720214844
1938-03-24,9.656325340270996
1938-03-25,1.8785922527313232
1938-03-26,0.0
1938-03-27,0.0
1938-03-28,0.0
1938-03-29,0.0
1938-03-30,0.0
1938-03-31,0.0
1938-04-01,0.0
1938-04-02,0.0
1938-04-03,0.6202744245529175
1938-04-04,1.3350229263305664
1938-04-05,0.0
1938-04-06,0.0
1938-04-07,0.0
1938-04-08,0.0
1938-04-09,0.0
1938-04-10,0.0
1938-04-11,0.0
1938-04-12,0.0
1938-04-13,0.0
1938-04-14,0.0
1938-04-15,0.0
1938-04-16,0.0
1938-04-17,0.0
1938-04-18,0.0
1938-04-19,0.0
1938-04-20,0.0
1938-04-21,0.0
1938-04-22,0.0
1938-04-23,0.0
1938-04-24,0.0
1938-04-25,0.0
1938-04-26,0.0
1938-04-27,0.0
1938-04-28,0.0
1938-04-29,0.0
1938-04-30,0.0
1938-05-01,0.0
1938-05-02,0.0
1938-05-03,0.0
1938-05-04,0.0
1938-05-05,0.0
1938-05-06,0.0
1938-05-07,0.0
1938-05-08,0.0
1938-05-09,0.0
1938-05-10,1.1437199115753174
1938-05-11,0.0
1938-05-12,2.443448066711426
1938-05-13,1.409326195716858
1938-05-14,0.0
1938-05-15,0.0
1938-05-16,0.0
1938-05-17,0.2299894094467163
1938-05-18,0.0
1938-05-19,0.0
1938-05-20,0.0
1938-05-21,0.0
1938-05-22,0.0
1938-05-23,0.0
1938-05-24,0.0
1938-05-25,0.0
1938-05-26,4.444684505462647
1938-05-27,1.556971311569214
1938-05-28,0.0
1938-05-29,0.0
1938-05-30,0.0
1938-05-31,0.0
1938-06-01,5.514944553375244
1938-06-02,0.0
1938-06-03,0.0
1938-06-04,0.0
1938-06-05,0.0
1938-06-06,0.0
1938-06-07,0.0
1938-06-08,0.3835712969303131
1938-06-09,0.0
1938-06-10,0.0
1938-06-11,0.6685097813606262
1938-06-12,0.0
1938-06-13,0.0
1938-06-14,0.0
1938-06-15,5.367166042327881
1938-06-16,0.0
1938-06-17,0.1254487633705139
1938-06-18,0.0
1938-06-19,0.0
1938-06-20,0.0
1938-06-21,0.0
1938-06-22,0.0
1938-06-23,0.0
1938-06-24,0.0
1938-06-25,1.0290318727493286
1938-06-26,0.0
1938-06-27,27.885425567626957
1938-06-28,11.69749927520752
1938-06-29,0.1254487633705139
1938-06-30,0.0
1938-07-01,0.0
1938-07-02,0.1252734363079071
1938-07-03,0.0
1938-07-04,0.0
1938-07-05,0.0
1938-07-06,0.0
1938-07-07,0.0
1938-07-08,0.0
1938-07-09,0.0
1938-07-10,7.141371726989746
1938-07-11,2.8349030017852783
1938-07-12,0.0
1938-07-13,0.0
1938-07-14,0.0
1938-07-15,0.0
1938-07-16,0.0
1938-07-17,0.0
1938-07-18,0.1039745360612869
1938-07-19,0.0
1938-07-20,0.0
1938-07-21,8.327301025390625
1938-07-22,12.05825424194336
1938-07-23,0.0
1938-07-24,0.0
1938-07-25,1.509515404701233
1938-07-26,0.0
1938-07-27,0.5139977335929871
1938-07-28,5.956247329711914
1938-07-29,43.386962890625
1938-07-30,0.0
1938-07-31,1.238812804222107
1938-08-01,1.3153945207595823
1938-08-02,0.3673767149448395
1938-08-03,0.2617319822311401
1938-08-04,0.0
1938-08-05,1.1645147800445557
1938-08-06,0.0
1938-08-07,0.0
1938-08-08,6.785391330718994
1938-08-09,0.0
1938-08-10,0.0
1938-08-11,0.0
1938-08-12,0.6899682283401489
1938-08-13,0.0
1938-08-14,12.19100570678711
1938-08-15,0.1386327147483825
1938-08-16,19.112348556518555
1938-08-17,5.917625427246094
1938-08-18,1.8479095697402956
1938-08-19,0.0
1938-08-20,2.7772533893585205
1938-08-21,12.69150733947754
1938-08-22,0.0
1938-08-23,0.0
1938-08-24,3.0592973232269287
1938-08-25,0.0
1938-08-26,0.8423848152160645
1938-08-27,0.0
1938-08-28,0.0
1938-08-29,0.0
1938-08-30,0.0
1938-08-31,3.055479049682617
1938-09-01,0.0
1938-09-02,0.0
1938-09-03,0.0
1938-09-04,12.060139656066896
1938-09-05,6.286291122436523
1938-09-06,0.0
1938-09-07,0.0
1938-09-08,37.34042739868164
1938-09-09,8.85452938079834
1938-09-10,2.1834652423858643
1938-09-11,0.0
1938-09-12,35.66162872314453
1938-09-13,12.750009536743164
1938-09-14,21.885278701782227
1938-09-15,0.0
1938-09-16,0.0
1938-09-17,0.0
1938-09-18,11.509997367858888
1938-09-19,39.542266845703125
1938-09-20,0.0
1938-09-21,0.0
1938-09-22,0.5296725630760193
1938-09-23,4.330384731292725
1938-09-24,0.9597650170326232
1938-09-25,0.0
1938-09-26,0.0
1938-09-27,0.0
1938-09-28,10.525589942932127
1938-09-29,0.0
1938-09-30,0.0
1938-10-01,0.0
1938-10-02,0.0
1938-10-03,0.0
1938-10-04,0.299683153629303
1938-10-05,2.595574140548706
1938-10-06,0.0
1938-10-07,0.0
1938-10-08,0.0
1938-10-09,0.0
1938-10-10,0.0
1938-10-11,0.0
1938-10-12,0.0
1938-10-13,0.0
1938-10-14,0.0
1938-10-15,0.0
1938-10-16,0.0
1938-10-17,0.0
1938-10-18,15.19426155090332
1938-10-19,0.1594276130199432
1938-10-20,0.0
1938-10-21,0.0
1938-10-22,0.0
1938-10-23,0.0
1938-10-24,0.0
1938-10-25,0.0
1938-10-26,4.549877166748047
1938-10-27,1.6772394180297852
1938-10-28,23.001951217651367
1938-10-29,27.174428939819336
1938-10-30,9.880465507507324
1938-10-31,44.01627349853516
1938-11-01,48.777103424072266
1938-11-02,0.0
1938-11-03,0.0
1938-11-04,0.0
1938-11-05,0.0
1938-11-06,0.0
1938-11-07,0.0
1938-11-08,0.0
1938-11-09,0.0
1938-11-10,0.0
1938-11-11,0.0
1938-11-12,0.0
1938-11-13,0.0
1938-11-14,0.0
1938-11-15,0.0
1938-11-16,0.0
1938-11-17,0.0
1938-11-18,0.0
1938-11-19,0.0
1938-11-20,0.0
1938-11-21,0.0
1938-11-22,0.0
1938-11-23,0.0
1938-11-24,0.0
1938-11-25,0.0
1938-11-26,0.0
1938-11-27,0.0
1938-11-28,0.0
1938-11-29,0.0
1938-11-30,0.0
1938-12-01,0.0
1938-12-02,0.0
1938-12-03,0.0
1938-12-04,0.0
1938-12-05,0.0
1938-12-06,0.5144883990287781
1938-12-07,0.9946158528327942
1938-12-08,1.965874195098877
1938-12-09,0.0
1938-12-10,0.0
1938-12-11,0.0
1938-12-12,0.0
1938-12-13,0.0
1938-12-14,0.0
1938-12-15,0.0
1938-12-16,0.0
1938-12-17,0.0
1938-12-18,0.0
1938-12-19,0.0
1938-12-20,0.0
1938-12-21,0.0
1938-12-22,0.0
1938-12-23,0.0
1938-12-24,0.0
1938-12-25,0.0
1938-12-26,0.0
1938-12-27,10.658773422241213
1938-12-28,0.0
1938-12-29,0.0
1938-12-30,0.0
1938-12-31,0.0
1939-01-01,0.0
1939-01-02,0.0
1939-01-03,0.0
1939-01-04,0.0
1939-01-05,0.0
1939-01-06,0.0
1939-01-07,0.0
1939-01-08,0.0
1939-01-09,0.0
1939-01-10,4.004093170166016
1939-01-11,23.231298446655277
1939-01-12,1.22800874710083
1939-01-13,0.5030771493911743
1939-01-14,1.003991723060608
1939-01-15,0.0
1939-01-16,0.0
1939-01-17,0.0
1939-01-18,0.0
1939-01-19,0.0
1939-01-20,0.0
1939-01-21,0.0
1939-01-22,0.0
1939-01-23,0.0
1939-01-24,0.0
1939-01-25,0.0
1939-01-26,0.0
1939-01-27,0.0
1939-01-28,0.0
1939-01-29,0.0
1939-01-30,0.0
1939-01-31,0.0
1939-02-01,0.0
1939-02-02,0.0
1939-02-03,0.0
1939-02-04,0.0
1939-02-05,0.0
1939-02-06,0.0
1939-02-07,0.0
1939-02-08,0.0
1939-02-09,0.0
1939-02-10,0.0
1939-02-11,0.0
1939-02-12,0.0
1939-02-13,0.0
1939-02-14,0.0
1939-02-15,0.0
1939-02-16,0.0
1939-02-17,0.0
1939-02-18,0.0
1939-02-19,0.0
1939-02-20,0.0
1939-02-21,0.0
1939-02-22,0.0
1939-02-23,0.0
1939-02-24,0.0
1939-02-25,0.0
1939-02-26,0.0
1939-02-27,0.0
1939-02-28,0.0
1939-03-01,0.0
1939-03-02,0.0
1939-03-03,0.0
1939-03-04,0.0
1939-03-05,0.0
1939-03-06,0.0
1939-03-07,0.0
1939-03-08,0.0
1939-03-09,0.0
1939-03-10,0.0
1939-03-11,0.0
1939-03-12,0.0
1939-03-13,0.0
1939-03-14,0.0
1939-03-15,0.0
1939-03-16,0.0
1939-03-17,0.0
1939-03-18,0.0
1939-03-19,0.561493456363678
1939-03-20,0.0
1939-03-21,0.5019656419754028
1939-03-22,1.2579295635223389
1939-03-23,0.0
1939-03-24,0.0
1939-03-25,0.0
1939-03-26,0.0
1939-03-27,0.0
1939-03-28,0.0
1939-03-29,0.0
1939-03-30,0.0
1939-03-31,0.0
1939-04-01,0.0
1939-04-02,0.0
1939-04-03,0.0
1939-04-04,0.0
1939-04-05,0.0
1939-04-06,0.0
1939-04-07,0.0
1939-04-08,0.0
1939-04-09,0.0
1939-04-10,0.0
1939-04-11,0.0
1939-04-12,2.1047515869140625
1939-04-13,56.15312957763672
1939-04-14,93.7705307006836
1939-04-15,9.366363525390623
1939-04-16,0.0
1939-04-17,0.0
1939-04-18,0.0
1939-04-19,0.0
1939-04-20,0.0
1939-04-21,0.0
1939-04-22,0.0
1939-04-23,0.0
1939-04-24,0.0
1939-04-25,0.0
1939-04-26,0.0
1939-04-27,0.4193098545074463
1939-04-28,0.0
1939-04-29,0.0
1939-04-30,0.0
1939-05-01,0.0
1939-05-02,0.0
1939-05-03,0.0
1939-05-04,0.0
1939-05-05,0.0
1939-05-06,0.0
1939-05-07,29.63407516479492
1939-05-08,0.0
1939-05-09,0.0
1939-05-10,0.0
1939-05-11,0.0
1939-05-12,0.0
1939-05-13,0.0
1939-05-14,0.0
1939-05-15,0.1386327147483825
1939-05-16,0.0
1939-05-17,0.0
1939-05-18,0.0
1939-05-19,0.0
1939-05-20,0.0
1939-05-21,0.0
1939-05-22,0.0
1939-05-23,0.0
1939-05-24,0.0
1939-05-25,0.0
1939-05-26,0.0
1939-05-27,0.0
1939-05-28,0.0
1939-05-29,0.0
1939-05-30,0.0
1939-05-31,0.0
1939-06-01,12.54815673828125
1939-06-02,0.0
1939-06-03,3.916296005249024
1939-06-04,2.0955581665039062
1939-06-05,0.0
1939-06-06,0.0
1939-06-07,0.0
1939-06-08,0.0
1939-06-09,0.0
1939-06-10,0.0
1939-06-11,0.0
1939-06-12,0.0
1939-06-13,0.0
1939-06-14,0.0
1939-06-15,0.0
1939-06-16,0.6708957552909851
1939-06-17,0.0
1939-06-18,0.0
1939-06-19,0.0
1939-06-20,0.0
1939-06-21,0.0
1939-06-22,0.0
1939-06-23,0.0
1939-06-24,0.0
1939-06-25,0.0
1939-06-26,0.4228297472000122
1939-06-27,0.0
1939-06-28,0.0
1939-06-29,0.0
1939-06-30,0.2508975267410278
1939-07-01,0.1254487633705139
1939-07-02,3.473187208175659
1939-07-03,0.0
1939-07-04,0.0
1939-07-05,0.0
1939-07-06,0.0
1939-07-07,0.0
1939-07-08,0.0
1939-07-09,0.0
1939-07-10,0.6342132091522217
1939-07-11,0.0
1939-07-12,0.0
1939-07-13,0.5284271240234375
1939-07-14,0.0
1939-07-15,0.0
1939-07-16,0.0
1939-07-17,0.0
1939-07-18,0.0
1939-07-19,0.0
1939-07-20,0.0
1939-07-21,0.0
1939-07-22,0.0
1939-07-23,1.2927764654159546
1939-07-24,0.0
1939-07-25,1.046568751335144
1939-07-26,0.0
1939-07-27,0.0
1939-07-28,0.0
1939-07-29,0.0
1939-07-30,0.4541161954402923
1939-07-31,6.921297073364258
1939-08-01,0.0
1939-08-02,0.0
1939-08-03,0.0
1939-08-04,0.0
1939-08-05,6.574354648590088
1939-08-06,0.4193098545074463
1939-08-07,7.219461441040039
1939-08-08,1.0902055501937866
1939-08-09,0.0
1939-08-10,1.461890459060669
1939-08-11,1.760635495185852
1939-08-12,0.0
1939-08-13,4.4709086418151855
1939-08-14,0.0
1939-08-15,0.0
1939-08-16,0.0
1939-08-17,0.0
1939-08-18,0.0
1939-08-19,1.2579295635223389
1939-08-20,0.0
1939-08-21,0.0
1939-08-22,0.0
1939-08-23,1.1947461366653442
1939-08-24,0.0
1939-08-25,0.0
1939-08-26,0.0
1939-08-27,0.0
1939-08-28,0.0
1939-08-29,0.0
1939-08-30,0.0
1939-08-31,0.0
1939-09-01,0.0
1939-09-02,0.0
1939-09-03,0.0
1939-09-04,0.0
1939-09-05,0.2550209164619446
1939-09-06,0.0
1939-09-07,0.0
1939-09-08,0.0
1939-09-09,2.5158591270446777
1939-09-10,3.019030809402466
1939-09-11,0.0
1939-09-12,0.4455494284629822
1939-09-13,0.0
1939-09-14,0.0
1939-09-15,0.0
1939-09-16,0.0
1939-09-17,64.17412567138672
1939-09-18,0.0
1939-09-19,4.025374412536621
1939-09-20,7.125252723693848
1939-09-21,10.435144424438477
1939-09-22,2.196152210235596
1939-09-23,0.0
1939-09-24,0.1602956354618072
1939-09-25,7.714612483978271
1939-09-26,11.536696434020996
1939-09-27,27.06962203979492
1939-09-28,6.351998805999756
1939-09-29,0.2724940478801727
1939-09-30,0.0
1939-10-01,38.81075668334961
1939-10-02,0.1247694417834281
1939-10-03,2.46766209602356
1939-10-04,0.0
1939-10-05,5.202051639556885
1939-10-06,0.153409257531166
1939-10-07,0.0
1939-10-08,0.2648362815380096
1939-10-09,0.0
1939-10-10,0.0
1939-10-11,13.541608810424805
1939-10-12,15.668123245239258
1939-10-13,0.0
1939-10-14,22.888038635253903
1939-10-15,23.54863929748535
1939-10-16,68.40181732177734
1939-10-17,15.099428176879885
1939-10-18,1.777178406715393
1939-10-19,23.57500267028809
1939-10-20,2.942566156387329
1939-10-21,1.2788376808166504
1939-10-22,1.24993097782135
1939-10-23,0.0
1939-10-24,0.0
1939-10-25,0.0
1939-10-26,0.0
1939-10-27,0.299683153629303
1939-10-28,1.8182523250579836
1939-10-29,1.5277527570724487
1939-10-30,0.6407753825187683
1939-10-31,11.772383689880373
1939-11-01,42.20545196533203
1939-11-02,0.657658040523529
1939-11-03,16.803014755249023
1939-11-04,1.9260987043380735
1939-11-05,0.0
1939-11-06,0.4193098545074463
1939-11-07,43.654876708984375
1939-11-08,39.83162307739258
1939-11-09,12.69421100616455
1939-11-10,5.283170700073242
1939-11-11,0.1650359034538269
1939-11-12,1.0003445148468018
1939-11-13,3.089909076690674
1939-11-14,10.664037704467772
1939-11-15,49.07941818237305
1939-11-16,89.42155456542969
1939-11-17,3.1817123889923096
1939-11-18,0.3484272062778473
1939-11-19,0.1476436853408813
1939-11-20,0.0
1939-11-21,14.037064552307127
1939-11-22,2.50440001487732
1939-11-23,0.0
1939-11-24,0.0
1939-11-25,0.0
1939-11-26,0.0
1939-11-27,0.0
1939-11-28,0.0
1939-11-29,0.0
1939-11-30,0.0
1939-12-01,0.3693769574165344
1939-12-02,0.0
1939-12-03,0.0
1939-12-04,0.0
1939-12-05,0.0
1939-12-06,0.0
1939-12-07,0.0
1939-12-08,0.0
1939-12-09,0.0
1939-12-10,0.0
1939-12-11,0.0
1939-12-12,3.438340663909912
1939-12-13,17.57209014892578
1939-12-14,6.625095844268799
1939-12-15,0.2648362815380096
1939-12-16,0.1045406386256218
1939-12-17,0.0
1939-12-18,0.0
1939-12-19,0.0
1939-12-20,0.0
1939-12-21,0.0
1939-12-22,0.0
1939-12-23,0.0
1939-12-24,0.0
1939-12-25,0.0
1939-12-26,0.0
1939-12-27,0.0
1939-12-28,0.0
1939-12-29,0.0
1939-12-30,3.632615089416504
1939-12-31,0.0
1940-01-01,0.0
1940-01-02,0.0
1940-01-03,0.0
1940-01-04,0.0
1940-01-05,2.3063435554504395
1940-01-06,0.0
1940-01-07,0.0
1940-01-08,0.0
1940-01-09,0.0
1940-01-10,0.0
1940-01-11,0.0
1940-01-12,0.0
1940-01-13,0.0
1940-01-14,0.0
1940-01-15,0.0
1940-01-16,0.0
1940-01-17,0.0
1940-01-18,0.0
1940-01-19,0.0
1940-01-20,0.0
1940-01-21,0.0
1940-01-22,0.0
1940-01-23,0.0
1940-01-24,0.0
1940-01-25,0.0
1940-01-26,0.0
1940-01-27,0.0
1940-01-28,0.1456775665283203
1940-01-29,3.766360282897949
1940-01-30,0.0
1940-01-31,0.0
1940-02-01,0.0
1940-02-02,0.0
1940-02-03,0.0
1940-02-04,0.0
1940-02-05,0.0
1940-02-06,0.0
1940-02-07,0.0
1940-02-08,0.0
1940-02-09,0.0
1940-02-10,0.0
1940-02-11,0.0
1940-02-12,0.0
1940-02-13,0.0
1940-02-14,0.0
1940-02-15,0.0
1940-02-16,0.0
1940-02-17,0.0
1940-02-18,0.0
1940-02-19,0.0
1940-02-20,0.0
1940-02-21,0.0
1940-02-22,0.0
1940-02-23,0.0
1940-02-24,0.0
1940-02-25,0.0
1940-02-26,0.0
1940-02-27,0.0
1940-02-28,0.0
1940-02-29,0.0
1940-03-01,0.0
1940-03-02,0.0
1940-03-03,0.0
1940-03-04,0.0
1940-03-05,0.0
1940-03-06,0.0
1940-03-07,0.0
1940-03-08,0.0
1940-03-09,0.564519464969635
1940-03-10,0.4228297472000122
1940-03-11,0.0
1940-03-12,0.0
1940-03-13,0.0
1940-03-14,0.0
1940-03-15,0.0
1940-03-16,0.0
1940-03-17,0.0
1940-03-18,0.0
1940-03-19,0.0
1940-03-20,0.0
1940-03-21,0.0
1940-03-22,0.0
1940-03-23,0.0
1940-03-24,0.0
1940-03-25,0.0
1940-03-26,0.0
1940-03-27,0.0
1940-03-28,0.0
1940-03-29,0.0
1940-03-30,0.0
1940-03-31,0.0
1940-04-01,0.0
1940-04-02,0.0
1940-04-03,0.0
1940-04-04,0.0
1940-04-05,0.0
1940-04-06,0.0
1940-04-07,0.0
1940-04-08,0.0
1940-04-09,0.0
1940-04-10,0.0
1940-04-11,0.0
1940-04-12,0.0
1940-04-13,0.0
1940-04-14,0.0
1940-04-15,0.0
1940-04-16,0.0
1940-04-17,0.0
1940-04-18,0.0
1940-04-19,0.0
1940-04-20,0.0
1940-04-21,0.0
1940-04-22,0.0
1940-04-23,4.696269989013672
1940-04-24,24.257946014404297
1940-04-25,0.7248150706291199
1940-04-26,0.0
1940-04-27,0.0
1940-04-28,0.0
1940-04-29,0.2505468726158142
1940-04-30,0.0
1940-05-01,0.0
1940-05-02,0.0
1940-05-03,0.0
1940-05-04,0.0
1940-05-05,0.0
1940-05-06,0.0
1940-05-07,0.0
1940-05-08,0.0
1940-05-09,0.0
1940-05-10,0.0
1940-05-11,0.0
1940-05-12,0.0
1940-05-13,0.5347439050674438
1940-05-14,2.010174512863159
1940-05-15,0.0
1940-05-16,0.0
1940-05-17,0.0
1940-05-18,2.00986123085022
1940-05-19,14.068001747131348
1940-05-20,52.09790802001953
1940-05-21,0.6708957552909851
1940-05-22,0.6708957552909851
1940-05-23,0.0
1940-05-24,0.0
1940-05-25,0.0
1940-05-26,0.0
1940-05-27,0.0
1940-05-28,0.0
1940-05-29,0.6728422045707703
1940-05-30,0.0
1940-05-31,2.695744037628174
1940-06-01,12.501806259155272
1940-06-02,0.0
1940-06-03,0.1951425224542617
1940-06-04,4.462767124176025
1940-06-05,0.0
1940-06-06,0.0
1940-06-07,0.3205912709236145
1940-06-08,0.0
1940-06-09,0.0
1940-06-10,0.0
1940-06-11,4.244656562805176
1940-06-12,0.0
1940-06-13,3.86946702003479
1940-06-14,0.4193098545074463
1940-06-15,0.0
1940-06-16,0.0
1940-06-17,3.233553647994995
1940-06-18,0.0
1940-06-19,0.0
1940-06-20,19.628795623779297
1940-06-21,0.0
1940-06-22,1.3482561111450195
1940-06-23,0.0
1940-06-24,0.0
1940-06-25,1.248071789741516
1940-06-26,0.0
1940-06-27,0.0
1940-06-28,0.0
1940-06-29,0.0
1940-06-30,0.0
1940-07-01,0.0
1940-07-02,0.0
1940-07-03,0.0
1940-07-04,0.0
1940-07-05,4.442021369934082
1940-07-06,0.0
1940-07-07,0.0
1940-07-08,0.0
1940-07-09,0.0
1940-07-10,0.0
1940-07-11,0.0
1940-07-12,0.0
1940-07-13,1.1664540767669678
1940-07-14,0.0
1940-07-15,0.0
1940-07-16,0.0
1940-07-17,1.3391486406326294
1940-07-18,0.0
1940-07-19,4.952410697937012
1940-07-20,0.0
1940-07-21,4.115287780761719
1940-07-22,1.359716534614563
1940-07-23,0.0
1940-07-24,0.0
1940-07-25,0.0
1940-07-26,0.0
1940-07-27,0.0
1940-07-28,0.0
1940-07-29,0.0
1940-07-30,0.0
1940-07-31,0.8344106078147888
1940-08-01,18.56705093383789
1940-08-02,3.0827713012695312
1940-08-03,0.0
1940-08-04,0.0
1940-08-05,0.0
1940-08-06,0.0
1940-08-07,1.352330207824707
1940-08-08,25.554201126098636
1940-08-09,31.692501068115234
1940-08-10,2.885321617126465
1940-08-11,0.0
1940-08-12,1.0435948371887207
1940-08-13,7.041893005371094
1940-08-14,0.0
1940-08-15,0.2814410030841827
1940-08-16,0.0
1940-08-17,3.815145969390869
1940-08-18,6.075060844421387
1940-08-19,0.0
1940-08-20,0.0
1940-08-21,0.0
1940-08-22,2.348134994506836
1940-08-23,0.0
1940-08-24,0.0
1940-08-25,0.1393875181674957
1940-08-26,0.0
1940-08-27,0.0
1940-08-28,0.0
1940-08-29,0.0
1940-08-30,0.0
1940-08-31,0.0
1940-09-01,0.0
1940-09-02,0.2289326637983322
1940-09-03,0.0
1940-09-04,0.0
1940-09-05,6.659942626953125
1940-09-06,1.3890405893325806
1940-09-07,1.1645147800445557
1940-09-08,5.535370349884033
1940-09-09,3.521130323410034
1940-09-10,33.039241790771484
1940-09-11,0.5284271240234375
1940-09-12,50.62394332885742
1940-09-13,9.368977546691896
1940-09-14,2.348134994506836
1940-09-15,0.2662060558795929
1940-09-16,0.0
1940-09-17,0.3345300555229187
1940-09-18,0.0
1940-09-19,0.0
1940-09-20,0.1039745360612869
1940-09-21,0.0
1940-09-22,0.0
1940-09-23,0.0
1940-09-24,0.0
1940-09-25,0.0
1940-09-26,0.0
1940-09-27,0.0
1940-09-28,0.0
1940-09-29,0.4020348787307739
1940-09-30,0.0
1940-10-01,0.3881715834140777
1940-10-02,0.0
1940-10-03,0.0
1940-10-04,0.0
1940-10-05,0.0
1940-10-06,0.9357708096504213
1940-10-07,0.5711381435394287
1940-10-08,6.120444297790527
1940-10-09,0.0
1940-10-10,0.0
1940-10-11,2.5158591270446777
1940-10-12,0.2841970324516296
1940-10-13,0.457487940788269
1940-10-14,0.0
1940-10-15,69.30941009521484
1940-10-16,0.0
1940-10-17,0.0
1940-10-18,5.81831169128418
1940-10-19,0.0
1940-10-20,0.2515859007835388
1940-10-21,0.0
1940-10-22,0.0
1940-10-23,0.5742377638816833
1940-10-24,0.4595763087272644
1940-10-25,0.2980603575706482
1940-10-26,4.160688400268555
1940-10-27,7.265728950500488
1940-10-28,0.2508975267410278
1940-10-29,0.0
1940-10-30,10.328039169311523
1940-10-31,37.40853118896485
1940-11-01,67.06029510498047
1940-11-02,104.23619842529295
1940-11-03,52.10614776611328
1940-11-04,140.36338806152344
1940-11-05,15.322010040283203
1940-11-06,27.195749282836918
1940-11-07,21.827173233032227
1940-11-08,6.607320785522461
1940-11-09,0.0
1940-11-10,4.998544692993164
1940-11-11,18.865631103515625
1940-11-12,93.14210510253906
1940-11-13,21.20109367370605
1940-11-14,9.55623722076416
1940-11-15,0.588922381401062
1940-11-16,0.1014850959181785
1940-11-17,28.10494041442871
1940-11-18,0.5361512899398804
1940-11-19,0.0
1940-11-20,0.0
1940-11-21,0.0
1940-11-22,7.375298023223877
1940-11-23,0.2375528663396835
1940-11-24,9.954133987426758
1940-11-25,7.881901264190674
1940-11-26,10.563047409057615
1940-11-27,10.364590644836426
1940-11-28,21.894880294799805
1940-11-29,7.3166704177856445
1940-11-30,0.0
1940-12-01,0.0
1940-12-02,0.0
1940-12-03,9.182311058044434
1940-12-04,114.16194915771484
1940-12-05,32.591835021972656
1940-12-06,9.50782871246338
1940-12-07,0.0
1940-12-08,0.0
1940-12-09,0.0
1940-12-10,0.0
1940-12-11,1.9111261367797847
1940-12-12,26.849699020385746
1940-12-13,0.5286316275596619
1940-12-14,0.0
1940-12-15,0.0
1940-12-16,9.685537338256836
1940-12-17,5.160320281982422
1940-12-18,0.0
1940-12-19,0.0
1940-12-20,0.0
1940-12-21,0.0
1940-12-22,0.0
1940-12-23,0.0
1940-12-24,0.0
1940-12-25,0.0
1940-12-26,0.0
1940-12-27,0.0
1940-12-28,0.0
1940-12-29,0.0
1940-12-30,0.0
1940-12-31,0.0
1941-01-01,0.0
1941-01-02,0.0
1941-01-03,0.0
1941-01-04,0.0
1941-01-05,0.0
1941-01-06,0.3205912709236145
1941-01-07,27.708494186401367
1941-01-08,0.0
1941-01-09,0.0
1941-01-10,0.0
1941-01-11,0.0
1941-01-12,0.0
1941-01-13,0.0
1941-01-14,0.0
1941-01-15,0.0
1941-01-16,0.0
1941-01-17,0.0
1941-01-18,0.0
1941-01-19,0.0
1941-01-20,0.0
1941-01-21,0.0
1941-01-22,0.0
1941-01-23,0.0
1941-01-24,0.0
1941-01-25,0.0
1941-01-26,0.0
1941-01-27,0.0
1941-01-28,0.0
1941-01-29,0.0
1941-01-30,0.0
1941-01-31,0.0
1941-02-01,0.0
1941-02-02,5.113184452056885
1941-02-03,0.0
1941-02-04,0.0
1941-02-05,0.0
1941-02-06,0.0
1941-02-07,0.0
1941-02-08,0.0
1941-02-09,0.8502638936042786
1941-02-10,0.0
1941-02-11,0.0
1941-02-12,0.0
1941-02-13,0.0
1941-02-14,0.0
1941-02-15,0.0
1941-02-16,0.0
1941-02-17,0.0
1941-02-18,0.0
1941-02-19,0.0
1941-02-20,0.0
1941-02-21,0.0
1941-02-22,0.0
1941-02-23,0.0
1941-02-24,0.0
1941-02-25,0.0
1941-02-26,0.0
1941-02-27,0.0
1941-02-28,0.0
1941-03-01,0.0
1941-03-02,0.0
1941-03-03,0.0
1941-03-04,0.0
1941-03-05,0.0
1941-03-06,0.0
1941-03-07,0.0
1941-03-08,0.0
1941-03-09,0.0
1941-03-10,0.0
1941-03-11,0.0
1941-03-12,0.0
1941-03-13,0.0
1941-03-14,0.0
1941-03-15,0.0
1941-03-16,0.0
1941-03-17,0.0
1941-03-18,0.0
1941-03-19,0.0
1941-03-20,0.0
1941-03-21,0.0
1941-03-22,0.0
1941-03-23,0.0
1941-03-24,0.0
1941-03-25,0.0
1941-03-26,0.0
1941-03-27,0.0
1941-03-28,0.0
1941-03-29,0.0
1941-03-30,0.0
1941-03-31,0.0
1941-04-01,0.0
1941-04-02,0.0
1941-04-03,0.0
1941-04-04,0.0
1941-04-05,0.0
1941-04-06,0.0
1941-04-07,0.0
1941-04-08,0.0
1941-04-09,0.0
1941-04-10,0.0
1941-04-11,3.956708431243897
1941-04-12,1.9300264120101929
1941-04-13,0.0
1941-04-14,0.0
1941-04-15,0.0
1941-04-16,0.0
1941-04-17,0.0
1941-04-18,0.0
1941-04-19,0.0
1941-04-20,0.0
1941-04-21,0.0
1941-04-22,0.0
1941-04-23,0.0
1941-04-24,0.0
1941-04-25,0.0
1941-04-26,0.0
1941-04-27,0.0
1941-04-28,0.0
1941-04-29,0.0
1941-04-30,0.0
1941-05-01,0.0
1941-05-02,1.0902055501937866
1941-05-03,0.0
1941-05-04,0.0
1941-05-05,0.0
1941-05-06,0.0
1941-05-07,0.0
1941-05-08,0.0
1941-05-09,0.0
1941-05-10,0.0
1941-05-11,0.0
1941-05-12,0.0
1941-05-13,0.0
1941-05-14,0.0
1941-05-15,0.0
1941-05-16,0.0
1941-05-17,0.0
1941-05-18,0.0
1941-05-19,0.0
1941-05-20,3.7584519386291504
1941-05-21,0.0
1941-05-22,0.0
1941-05-23,0.8501650094985962
1941-05-24,0.0
1941-05-25,0.0
1941-05-26,0.0
1941-05-27,0.0
1941-05-28,0.0
1941-05-29,0.0
1941-05-30,0.0
1941-05-31,0.0
1941-06-01,0.0
1941-06-02,0.0
1941-06-03,0.0
1941-06-04,0.0
1941-06-05,0.880317747592926
1941-06-06,0.0
1941-06-07,0.2508975267410278
1941-06-08,0.0
1941-06-09,0.0
1941-06-10,0.0
1941-06-11,1.3780357837677002
1941-06-12,0.0
1941-06-13,0.1599001884460449
1941-06-14,0.0
1941-06-15,0.0
1941-06-16,0.0
1941-06-17,0.0
1941-06-18,0.0
1941-06-19,0.0
1941-06-20,0.0
1941-06-21,0.0
1941-06-22,1.2042938470840454
1941-06-23,0.0
1941-06-24,0.0
1941-06-25,9.745309829711914
1941-06-26,0.2079490721225738
1941-06-27,0.0
1941-06-28,0.0
1941-06-29,0.0
1941-06-30,0.0
1941-07-01,0.0
1941-07-02,0.0
1941-07-03,0.0
1941-07-04,0.0
1941-07-05,6.375799655914307
1941-07-06,2.064923048019409
1941-07-07,0.0
1941-07-08,0.0
1941-07-09,0.0
1941-07-10,2.172788143157959
1941-07-11,1.1360082626342771
1941-07-12,0.0
1941-07-13,0.2299894094467163
1941-07-14,0.0
1941-07-15,0.0
1941-07-16,0.0
1941-07-17,0.0
1941-07-18,0.0
1941-07-19,0.0
1941-07-20,0.0
1941-07-21,2.125659704208374
1941-07-22,0.1386327147483825
1941-07-23,4.863994598388672
1941-07-24,58.25679016113281
1941-07-25,15.921456336975098
1941-07-26,1.1461851596832275
1941-07-27,0.0
1941-07-28,0.0
1941-07-29,0.0
1941-07-30,0.0
1941-07-31,0.0
1941-08-01,0.0
1941-08-02,0.8386197090148926
1941-08-03,2.106587171554565
1941-08-04,0.0
1941-08-05,0.0
1941-08-06,7.573045253753662
1941-08-07,4.368868827819824
1941-08-08,0.0
1941-08-09,0.0
1941-08-10,0.0
1941-08-11,3.8661856651306152
1941-08-12,0.0
1941-08-13,0.0
1941-08-14,0.0
1941-08-15,0.8642025589942932
1941-08-16,0.0
1941-08-17,0.0
1941-08-18,0.0
1941-08-19,0.3475252985954284
1941-08-20,0.2299894094467163
1941-08-21,0.0
1941-08-22,3.4772565364837646
1941-08-23,1.448025465011597
1941-08-24,18.740215301513672
1941-08-25,13.09495449066162
1941-08-26,0.0
1941-08-27,3.9360058307647705
1941-08-28,0.3030383884906769
1941-08-29,0.0
1941-08-30,0.0
1941-08-31,0.0
1941-09-01,17.917993545532227
1941-09-02,2.053989887237549
1941-09-03,5.644572734832764
1941-09-04,0.615971028804779
1941-09-05,0.0
1941-09-06,0.1588288247585296
1941-09-07,1.199474811553955
1941-09-08,0.0
1941-09-09,0.0
1941-09-10,0.0
1941-09-11,0.0
1941-09-12,0.0
1941-09-13,0.0
1941-09-14,38.29156112670898
1941-09-15,0.0
1941-09-16,0.0
1941-09-17,4.567287921905518
1941-09-18,3.771070718765259
1941-09-19,36.79585647583008
1941-09-20,2.1834652423858643
1941-09-21,0.1923842132091522
1941-09-22,0.0
1941-09-23,0.0
1941-09-24,10.103391647338867
1941-09-25,21.440519332885746
1941-09-26,33.432594299316406
1941-09-27,4.444684505462647
1941-09-28,0.0
1941-09-29,0.0
1941-09-30,0.1297474950551986
1941-10-01,1.2012836933135986
1941-10-02,0.4042238295078277
1941-10-03,30.642311096191406
1941-10-04,42.09873962402344
1941-10-05,22.4853572845459
1941-10-06,12.484427452087402
1941-10-07,12.803020477294922
1941-10-08,0.0
1941-10-09,0.0
1941-10-10,0.0
1941-10-11,0.0
1941-10-12,5.425487995147705
1941-10-13,5.565028667449951
1941-10-14,12.033846855163574
1941-10-15,0.0
1941-10-16,0.0
1941-10-17,0.0
1941-10-18,0.0
1941-10-19,15.20456600189209
1941-10-20,9.173728942871094
1941-10-21,11.289329528808594
1941-10-22,16.87468910217285
1941-10-23,5.509444236755371
1941-10-24,0.2631988227367401
1941-10-25,0.0
1941-10-26,0.0
1941-10-27,0.0
1941-10-28,0.0
1941-10-29,0.0
1941-10-30,0.0
1941-10-31,0.0
1941-11-01,85.78623962402344
1941-11-02,10.162577629089355
1941-11-03,13.428035736083984
1941-11-04,0.2061523199081421
1941-11-05,0.0
1941-11-06,0.7789326310157776
1941-11-07,8.560193061828613
1941-11-08,3.4650707244873047
1941-11-09,1.3734779357910156
1941-11-10,29.83163833618164
1941-11-11,1.6772394180297852
1941-11-12,0.0
1941-11-13,0.0
1941-11-14,56.09214401245117
1941-11-15,0.620852530002594
1941-11-16,8.3436918258667
1941-11-17,0.0
1941-11-18,11.620566368103027
1941-11-19,0.9569434523582458
1941-11-20,10.73576545715332
1941-11-21,18.0661678314209
1941-11-22,6.683831214904785
1941-11-23,16.096677780151367
1941-11-24,0.0
1941-11-25,0.0
1941-11-26,0.0
1941-11-27,0.0
1941-11-28,27.04156875610352
1941-11-29,9.85727310180664
1941-11-30,0.0
1941-12-01,0.0
1941-12-02,0.0
1941-12-03,103.68114471435548
1941-12-04,0.7414355874061584
1941-12-05,0.0
1941-12-06,2.5158591270446777
1941-12-07,0.0
1941-12-08,0.0
1941-12-09,0.0
1941-12-10,0.0
1941-12-11,0.0
1941-12-12,0.0
1941-12-13,0.0
1941-12-14,11.27212905883789
1941-12-15,16.563730239868164
1941-12-16,0.0
1941-12-17,0.1923842132091522
1941-12-18,0.0
1941-12-19,0.0
1941-12-20,0.0
1941-12-21,0.0
1941-12-22,0.0
1941-12-23,0.0
1941-12-24,0.0
1941-12-25,0.0
1941-12-26,0.0
1941-12-27,0.0
1941-12-28,0.0
1941-12-29,0.0
1941-12-30,0.0
1941-12-31,0.0
1942-01-01,0.0
1942-01-02,0.0
1942-01-03,0.0
1942-01-04,0.0
1942-01-05,0.0
1942-01-06,0.0
1942-01-07,0.0
1942-01-08,0.0
1942-01-09,0.0
1942-01-10,0.0
1942-01-11,0.0
1942-01-12,0.0
1942-01-13,0.0
1942-01-14,0.0
1942-01-15,0.0
1942-01-16,0.0
1942-01-17,0.0
1942-01-18,0.0
1942-01-19,0.0
1942-01-20,0.0
1942-01-21,0.0
1942-01-22,0.0
1942-01-23,0.0
1942-01-24,0.0
1942-01-25,0.0
1942-01-26,0.0
1942-01-27,0.0
1942-01-28,0.0
1942-01-29,0.0
1942-01-30,0.0
1942-01-31,0.0
1942-02-01,0.0
1942-02-02,0.0
1942-02-03,0.0
1942-02-04,0.0
1942-02-05,0.0
1942-02-06,0.0
1942-02-07,0.0
1942-02-08,0.0
1942-02-09,0.0
1942-02-10,0.0
1942-02-11,0.0
1942-02-12,0.0
1942-02-13,0.0
1942-02-14,0.0
1942-02-15,0.0
1942-02-16,0.0
1942-02-17,0.0
1942-02-18,0.0
1942-02-19,0.0
1942-02-20,0.0
1942-02-21,0.0
1942-02-22,0.0
1942-02-23,0.0
1942-02-24,0.0
1942-02-25,0.0
1942-02-26,0.0
1942-02-27,0.0
1942-02-28,0.0
1942-03-01,0.0
1942-03-02,0.0
1942-03-03,0.0
1942-03-04,0.0
1942-03-05,0.0
1942-03-06,0.0
1942-03-07,0.0
1942-03-08,0.0
1942-03-09,0.0
1942-03-10,0.0
1942-03-11,0.0
1942-03-12,0.0
1942-03-13,0.0
1942-03-14,0.0
1942-03-15,0.0
1942-03-16,0.0
1942-03-17,0.0
1942-03-18,0.0
1942-03-19,0.0
1942-03-20,0.0
1942-03-21,0.0
1942-03-22,0.0
1942-03-23,0.0
1942-03-24,0.0
1942-03-25,0.0
1942-03-26,0.0
1942-03-27,0.0
1942-03-28,0.0
1942-03-29,0.0
1942-03-30,0.0
1942-03-31,0.0
1942-04-01,0.0
1942-04-02,0.0
1942-04-03,0.0
1942-04-04,0.0
1942-04-05,23.27638435363769
1942-04-06,0.0
1942-04-07,0.0
1942-04-08,16.261472702026367
1942-04-09,0.0
1942-04-10,0.0
1942-04-11,0.0
1942-04-12,0.0
1942-04-13,0.0
1942-04-14,0.0
1942-04-15,0.0
1942-04-16,0.0
1942-04-17,0.0
1942-04-18,0.0
1942-04-19,0.0
1942-04-20,0.0
1942-04-21,0.0
1942-04-22,0.0
1942-04-23,0.0
1942-04-24,13.409187316894531
1942-04-25,22.994434356689453
1942-04-26,0.0
1942-04-27,0.0
1942-04-28,0.0
1942-04-29,0.0
1942-04-30,0.0
1942-05-01,0.0
1942-05-02,0.0
1942-05-03,0.0
1942-05-04,0.0
1942-05-05,0.0
1942-05-06,0.0
1942-05-07,0.0
1942-05-08,0.0
1942-05-09,0.0
1942-05-10,0.0
1942-05-11,0.0
1942-05-12,0.0
1942-05-13,0.0
1942-05-14,0.0
1942-05-15,0.0
1942-05-16,8.300395965576172
1942-05-17,0.0
1942-05-18,0.0
1942-05-19,0.0
1942-05-20,0.0
1942-05-21,0.0
1942-05-22,0.0
1942-05-23,0.0
1942-05-24,0.0
1942-05-25,0.0
1942-05-26,0.0
1942-05-27,0.0
1942-05-28,0.0
1942-05-29,0.0
1942-05-30,0.0
1942-05-31,0.0
1942-06-01,0.0
1942-06-02,0.0
1942-06-03,0.0
1942-06-04,0.0
1942-06-05,0.0
1942-06-06,0.0
1942-06-07,0.0
1942-06-08,0.0
1942-06-09,0.0
1942-06-10,1.4570003747940063
1942-06-11,0.0
1942-06-12,0.0
1942-06-13,0.0
1942-06-14,0.0
1942-06-15,0.0
1942-06-16,0.0
1942-06-17,0.0
1942-06-18,0.0
1942-06-19,0.0
1942-06-20,0.0
1942-06-21,0.0
1942-06-22,0.0
1942-06-23,0.0
1942-06-24,4.833502292633057
1942-06-25,1.360832691192627
1942-06-26,0.0
1942-06-27,0.0
1942-06-28,0.0
1942-06-29,0.0
1942-06-30,0.5055678486824036
1942-07-01,0.0
1942-07-02,2.735024690628052
1942-07-03,0.0
1942-07-04,0.0
1942-07-05,0.0
1942-07-06,0.0
1942-07-07,0.0
1942-07-08,0.0
1942-07-09,16.5561466217041
1942-07-10,0.0
1942-07-11,0.0
1942-07-12,0.0
1942-07-13,0.0
1942-07-14,0.0
1942-07-15,0.0
1942-07-16,8.60092830657959
1942-07-17,0.7626039981842041
1942-07-18,0.6862319111824036
1942-07-19,0.0
1942-07-20,0.1045406386256218
1942-07-21,0.0
1942-07-22,0.0
1942-07-23,0.0
1942-07-24,16.877164840698242
1942-07-25,1.05455219745636
1942-07-26,0.0
1942-07-27,0.0
1942-07-28,0.0
1942-07-29,0.0
1942-07-30,0.0
1942-07-31,0.0
1942-08-01,0.0
1942-08-02,0.0
1942-08-03,0.0
1942-08-04,0.0
1942-08-05,0.0
1942-08-06,0.1655399054288864
1942-08-07,0.0
1942-08-08,0.0
1942-08-09,0.2773911654949188
1942-08-10,0.0
1942-08-11,21.68292236328125
1942-08-12,8.230420112609863
1942-08-13,10.48582649230957
1942-08-14,0.0
1942-08-15,0.0
1942-08-16,0.1254487633705139
1942-08-17,3.606064796447754
1942-08-18,71.10331726074219
1942-08-19,17.203214645385742
1942-08-20,0.5753586292266846
1942-08-21,0.0
1942-08-22,26.76991081237793
1942-08-23,0.0
1942-08-24,1.888763666152954
1942-08-25,9.65756607055664
1942-08-26,0.0
1942-08-27,0.0
1942-08-28,7.783815860748291
1942-08-29,37.31857681274414
1942-08-30,0.0
1942-08-31,0.0
1942-09-01,0.0
1942-09-02,0.0
1942-09-03,0.0
1942-09-04,0.4599788188934326
1942-09-05,0.0
1942-09-06,1.6772394180297852
1942-09-07,0.926128625869751
1942-09-08,23.38534545898437
1942-09-09,35.776329040527344
1942-09-10,1.7353745698928833
1942-09-11,4.591300487518311
1942-09-12,0.0
1942-09-13,0.0
1942-09-14,0.0
1942-09-15,0.0
1942-09-16,0.0
1942-09-17,1.9927128553390503
1942-09-18,0.6493401527404785
1942-09-19,8.670634269714355
1942-09-20,55.2442626953125
1942-09-21,0.0
1942-09-22,0.0
1942-09-23,0.7605887651443481
1942-09-24,28.0111083984375
1942-09-25,0.5047193169593811
1942-09-26,10.303447723388672
1942-09-27,29.634672164916992
1942-09-28,2.255838394165039
1942-09-29,2.929497718811035
1942-09-30,25.749574661254883
1942-10-01,137.32662963867188
1942-10-02,0.0
1942-10-03,0.0
1942-10-04,0.0
1942-10-05,0.0
1942-10-06,0.0
1942-10-07,0.0
1942-10-08,0.1252734363079071
1942-10-09,42.77785873413086
1942-10-10,10.89113712310791
1942-10-11,0.8454501032829285
1942-10-12,3.505451202392578
1942-10-13,0.4193098545074463
1942-10-14,38.50905990600586
1942-10-15,0.0
1942-10-16,0.0
1942-10-17,0.0
1942-10-18,0.0
1942-10-19,0.0
1942-10-20,0.0
1942-10-21,0.0
1942-10-22,0.0
1942-10-23,0.0
1942-10-24,0.0
1942-10-25,0.0
1942-10-26,0.0
1942-10-27,0.0
1942-10-28,0.0
1942-10-29,0.0
1942-10-30,11.459643363952637
1942-10-31,0.0
1942-11-01,22.205564498901367
1942-11-02,0.7798747420310974
1942-11-03,13.120667457580566
1942-11-04,0.0
1942-11-05,0.0
1942-11-06,0.0
1942-11-07,0.0
1942-11-08,0.0
1942-11-09,0.0
1942-11-10,0.1921306103467941
1942-11-11,12.066585540771484
1942-11-12,0.7596619129180908
1942-11-13,4.176505565643311
1942-11-14,0.0
1942-11-15,0.0
1942-11-16,0.0
1942-11-17,0.0
1942-11-18,0.0
1942-11-19,0.0
1942-11-20,0.1767250299453735
1942-11-21,0.0
1942-11-22,0.0
1942-11-23,0.0
1942-11-24,0.0
1942-11-25,0.5822573900222778
1942-11-26,20.930280685424805
1942-11-27,0.0
1942-11-28,0.0
1942-11-29,0.0
1942-11-30,0.0
1942-12-01,0.0
1942-12-02,0.0
1942-12-03,0.0
1942-12-04,0.0
1942-12-05,0.0
1942-12-06,3.506477832794189
1942-12-07,2.724374294281006
1942-12-08,1.4316214323043823
1942-12-09,12.48569107055664
1942-12-10,0.8358464241027832
1942-12-11,12.974591255187988
1942-12-12,0.0
1942-12-13,7.138059139251709
1942-12-14,0.1249581351876258
1942-12-15,2.6850292682647705
1942-12-16,2.81742262840271
1942-12-17,8.796208381652832
1942-12-18,20.127338409423828
1942-12-19,9.483719825744627
1942-12-20,15.223932266235352
1942-12-21,0.9844809770584106
1942-12-22,0.6708957552909851
1942-12-23,5.452173233032227
1942-12-24,0.0
1942-12-25,0.0
1942-12-26,0.0
1942-12-27,0.0
1942-12-28,0.0
1942-12-29,0.0
1942-12-30,0.0
1942-12-31,0.0
1943-01-01,0.0
1943-01-02,1.629777193069458
1943-01-03,40.94628143310547
1943-01-04,48.52242660522461
1943-01-05,6.93500280380249
1943-01-06,0.0
1943-01-07,0.0
1943-01-08,0.0
1943-01-09,0.0
1943-01-10,1.37582266330719
1943-01-11,5.335928916931152
1943-01-12,0.0
1943-01-13,0.0
1943-01-14,0.0
1943-01-15,0.0
1943-01-16,0.0
1943-01-17,0.0
1943-01-18,0.0
1943-01-19,0.0
1943-01-20,0.0
1943-01-21,0.0
1943-01-22,0.0
1943-01-23,0.0
1943-01-24,0.0
1943-01-25,0.0
1943-01-26,0.0
1943-01-27,0.0
1943-01-28,0.0
1943-01-29,0.0
1943-01-30,0.0
1943-01-31,0.0
1943-02-01,0.0
1943-02-02,2.195353507995605
1943-02-03,0.0
1943-02-04,1.3225585222244265
1943-02-05,0.0
1943-02-06,0.0
1943-02-07,0.0
1943-02-08,0.0
1943-02-09,0.0
1943-02-10,0.0
1943-02-11,0.0
1943-02-12,14.743171691894531
1943-02-13,1.1735163927078247
1943-02-14,0.0
1943-02-15,0.0
1943-02-16,0.0
1943-02-17,0.0
1943-02-18,0.0
1943-02-19,0.0
1943-02-20,0.0
1943-02-21,0.0
1943-02-22,0.0
1943-02-23,0.0
1943-02-24,0.0
1943-02-25,0.0
1943-02-26,0.0
1943-02-27,0.0
1943-02-28,0.0
1943-03-01,0.0
1943-03-02,0.0
1943-03-03,0.0
1943-03-04,0.0
1943-03-05,0.0
1943-03-06,0.0
1943-03-07,0.0
1943-03-08,0.0
1943-03-09,0.0
1943-03-10,0.0
1943-03-11,0.0
1943-03-12,0.0
1943-03-13,0.0
1943-03-14,0.0
1943-03-15,0.0
1943-03-16,0.0
1943-03-17,0.0
1943-03-18,0.0
1943-03-19,0.0
1943-03-20,0.0
1943-03-21,0.0
1943-03-22,0.0
1943-03-23,0.0
1943-03-24,0.0
1943-03-25,0.0
1943-03-26,0.0
1943-03-27,0.0
1943-03-28,0.0
1943-03-29,0.0
1943-03-30,0.0
1943-03-31,0.0
1943-04-01,0.0
1943-04-02,0.0
1943-04-03,0.0
1943-04-04,0.0
1943-04-05,0.0
1943-04-06,0.0
1943-04-07,0.0
1943-04-08,0.0
1943-04-09,0.0
1943-04-10,32.97151184082031
1943-04-11,0.0
1943-04-12,0.0
1943-04-13,1.2426215410232544
1943-04-14,2.092393636703491
1943-04-15,0.0
1943-04-16,0.0
1943-04-17,0.0
1943-04-18,0.0
1943-04-19,0.0
1943-04-20,0.0
1943-04-21,0.0
1943-04-22,0.0
1943-04-23,0.0
1943-04-24,0.0
1943-04-25,0.0
1943-04-26,0.0
1943-04-27,0.0
1943-04-28,0.0
1943-04-29,0.0
1943-04-30,0.0
1943-05-01,0.0
1943-05-02,0.0
1943-05-03,0.0
1943-05-04,0.0
1943-05-05,0.0
1943-05-06,0.0
1943-05-07,0.0
1943-05-08,0.0
1943-05-09,0.0
1943-05-10,0.0
1943-05-11,0.0
1943-05-12,34.44438934326172
1943-05-13,0.3554381430149078
1943-05-14,0.1393875181674957
1943-05-15,0.0
1943-05-16,15.115514755249023
1943-05-17,228.7976226806641
1943-05-18,317.071044921875
1943-05-19,381.0331726074219
1943-05-20,6.783757209777832
1943-05-21,4.311806678771973
1943-05-22,0.0
1943-05-23,0.0
1943-05-24,0.0
1943-05-25,0.0
1943-05-26,0.0
1943-05-27,0.0
1943-05-28,0.3881715834140777
1943-05-29,0.0
1943-05-30,0.0
1943-05-31,5.34434986114502
1943-06-01,0.0
1943-06-02,0.2857443988323211
1943-06-03,0.0
1943-06-04,2.3175578117370605
1943-06-05,0.0
1943-06-06,0.0
1943-06-07,0.0
1943-06-08,0.0
1943-06-09,0.1767250299453735
1943-06-10,0.0
1943-06-11,0.1039745360612869
1943-06-12,0.0
1943-06-13,0.0
1943-06-14,6.164314270019531
1943-06-15,0.0
1943-06-16,0.0
1943-06-17,0.0
1943-06-18,0.0
1943-06-19,0.0
1943-06-20,0.0
1943-06-21,0.2214655429124832
1943-06-22,0.0
1943-06-23,0.0
1943-06-24,0.0
1943-06-25,0.4251319468021393
1943-06-26,4.052255630493164
1943-06-27,0.0
1943-06-28,0.3289375603199005
1943-06-29,0.0
1943-06-30,0.0
1943-07-01,7.555746555328369
1943-07-02,0.0
1943-07-03,0.0
1943-07-04,0.0
1943-07-05,0.0
1943-07-06,30.03605842590332
1943-07-07,0.0
1943-07-08,0.0
1943-07-09,0.0
1943-07-10,0.0
1943-07-11,0.0
1943-07-12,0.0
1943-07-13,0.0
1943-07-14,0.0
1943-07-15,5.877077579498291
1943-07-16,0.1039745360612869
1943-07-17,0.5190533399581909
1943-07-18,0.0
1943-07-19,0.0
1943-07-20,0.0
1943-07-21,0.0
1943-07-22,0.0
1943-07-23,0.0
1943-07-24,0.0
1943-07-25,3.3161308765411377
1943-07-26,0.0
1943-07-27,0.0
1943-07-28,3.020503520965576
1943-07-29,1.844091773033142
1943-07-30,0.1732908934354782
1943-07-31,0.0
1943-08-01,12.394014358520508
1943-08-02,0.0
1943-08-03,1.8747621774673464
1943-08-04,1.3031474351882937
1943-08-05,0.0
1943-08-06,0.0
1943-08-07,0.1850735545158386
1943-08-08,0.0
1943-08-09,5.453708171844482
1943-08-10,0.0
1943-08-11,0.0
1943-08-12,0.0
1943-08-13,5.92754602432251
1943-08-14,0.8386197090148926
1943-08-15,0.6017599105834961
1943-08-16,3.1867547035217285
1943-08-17,0.0
1943-08-18,50.39090347290039
1943-08-19,0.0
1943-08-20,0.0
1943-08-21,0.0
1943-08-22,0.0
1943-08-23,0.7805700898170471
1943-08-24,4.210338115692139
1943-08-25,0.1249581351876258
1943-08-26,0.0
1943-08-27,0.0
1943-08-28,41.8187141418457
1943-08-29,65.25111389160156
1943-08-30,0.3470896482467651
1943-08-31,0.0
1943-09-01,17.759883880615234
1943-09-02,0.0
1943-09-03,0.0
1943-09-04,15.66563606262207
1943-09-05,20.855566024780277
1943-09-06,20.268573760986328
1943-09-07,0.0
1943-09-08,0.0
1943-09-09,0.0
1943-09-10,0.0
1943-09-11,0.0
1943-09-12,0.0
1943-09-13,0.0
1943-09-14,0.0
1943-09-15,5.414575099945068
1943-09-16,1.9903955459594729
1943-09-17,0.0
1943-09-18,0.1297474950551986
1943-09-19,0.2079490721225738
1943-09-20,0.0
1943-09-21,0.0
1943-09-22,2.5158591270446777
1943-09-23,0.0
1943-09-24,0.0
1943-09-25,0.1951425224542617
1943-09-26,0.3535134196281433
1943-09-27,27.672626495361328
1943-09-28,0.0
1943-09-29,0.0
1943-09-30,0.0
1943-10-01,0.0
1943-10-02,0.0
1943-10-03,40.92463684082031
1943-10-04,4.696683406829834
1943-10-05,10.245253562927246
1943-10-06,44.42294692993164
1943-10-07,15.667075157165527
1943-10-08,4.276960372924805
1943-10-09,20.596757888793945
1943-10-10,80.69995880126953
1943-10-11,5.109585762023926
1943-10-12,0.0
1943-10-13,8.973230361938477
1943-10-14,2.815573215484619
1943-10-15,9.55670928955078
1943-10-16,51.1079216003418
1943-10-17,0.0
1943-10-18,0.0
1943-10-19,4.129349231719971
1943-10-20,0.0
1943-10-21,11.204023361206056
1943-10-22,0.0
1943-10-23,10.830066680908203
1943-10-24,9.031818389892578
1943-10-25,4.703598976135254
1943-10-26,40.490848541259766
1943-10-27,2.6345701217651367
1943-10-28,0.0
1943-10-29,0.0
1943-10-30,0.0
1943-10-31,0.0
1943-11-01,0.0
1943-11-02,0.0
1943-11-03,0.0
1943-11-04,0.0
1943-11-05,0.0
1943-11-06,9.84600830078125
1943-11-07,0.0
1943-11-08,13.62132740020752
1943-11-09,14.71417236328125
1943-11-10,0.5699234008789062
1943-11-11,6.693957328796387
1943-11-12,0.0
1943-11-13,0.0
1943-11-14,0.0
1943-11-15,0.0
1943-11-16,0.0
1943-11-17,0.0
1943-11-18,0.0
1943-11-19,0.0
1943-11-20,0.0
1943-11-21,14.52299976348877
1943-11-22,146.8173370361328
1943-11-23,0.2493477463722229
1943-11-24,0.0
1943-11-25,0.0
1943-11-26,0.0
1943-11-27,0.0
1943-11-28,0.0
1943-11-29,0.0
1943-11-30,0.0
1943-12-01,0.0
1943-12-02,0.0
1943-12-03,52.06079864501953
1943-12-04,2.808819055557251
1943-12-05,13.038914680480955
1943-12-06,3.42572021484375
1943-12-07,0.0
1943-12-08,0.0
1943-12-09,0.0
1943-12-10,0.0
1943-12-11,0.0
1943-12-12,0.0
1943-12-13,45.9638557434082
1943-12-14,0.37462118268013
1943-12-15,0.0
1943-12-16,0.0
1943-12-17,0.9640684127807616
1943-12-18,0.0
1943-12-19,0.0
1943-12-20,0.0
1943-12-21,13.119434356689451
1943-12-22,4.452001094818115
1943-12-23,0.2478856295347213
1943-12-24,0.0
1943-12-25,0.0
1943-12-26,0.0
1943-12-27,0.0
1943-12-28,8.904655456542969
1943-12-29,19.375097274780277
1943-12-30,0.0
1943-12-31,0.0
1944-01-01,0.0
1944-01-02,0.0
1944-01-03,0.0
1944-01-04,0.0
1944-01-05,0.0
1944-01-06,0.0
1944-01-07,0.0
1944-01-08,0.299683153629303
1944-01-09,16.399307250976562
1944-01-10,11.229212760925291
1944-01-11,2.212036371231079
1944-01-12,0.6342132091522217
1944-01-13,0.0
1944-01-14,0.0
1944-01-15,0.0
1944-01-16,0.0
1944-01-17,0.0
1944-01-18,0.0
1944-01-19,0.0
1944-01-20,0.3345300555229187
1944-01-21,0.0
1944-01-22,6.625095844268799
1944-01-23,0.0
1944-01-24,0.0
1944-01-25,0.0
1944-01-26,0.0
1944-01-27,0.0
1944-01-28,0.0
1944-01-29,0.0
1944-01-30,0.0
1944-01-31,0.0
1944-02-01,0.0
1944-02-02,0.0
1944-02-03,0.0
1944-02-04,0.0
1944-02-05,0.0
1944-02-06,0.0
1944-02-07,0.0
1944-02-08,0.0
1944-02-09,0.0
1944-02-10,0.0
1944-02-11,0.0
1944-02-12,0.0
1944-02-13,0.0
1944-02-14,0.0
1944-02-15,0.0
1944-02-16,0.0
1944-02-17,0.0
1944-02-18,0.0
1944-02-19,0.0
1944-02-20,0.0
1944-02-21,19.068988800048828
1944-02-22,1.5759893655776978
1944-02-23,0.0
1944-02-24,0.0
1944-02-25,0.0
1944-02-26,0.0
1944-02-27,0.0
1944-02-28,0.0
1944-02-29,0.0
1944-03-01,0.0
1944-03-02,13.263480186462402
1944-03-03,23.670654296875
1944-03-04,4.948168754577637
1944-03-05,27.858741760253903
1944-03-06,4.601086139678955
1944-03-07,5.444140434265137
1944-03-08,0.0
1944-03-09,0.0
1944-03-10,0.0
1944-03-11,0.0
1944-03-12,0.0
1944-03-13,0.0
1944-03-14,0.0
1944-03-15,0.0
1944-03-16,0.0
1944-03-17,0.0
1944-03-18,0.0
1944-03-19,0.0
1944-03-20,0.0
1944-03-21,0.0
1944-03-22,0.0
1944-03-23,0.0
1944-03-24,0.0
1944-03-25,0.0
1944-03-26,0.0
1944-03-27,0.0
1944-03-28,0.0
1944-03-29,0.0
1944-03-30,7.555544376373291
1944-03-31,0.0
1944-04-01,0.3554381430149078
1944-04-02,4.79246187210083
1944-04-03,0.0
1944-04-04,0.0
1944-04-05,0.0
1944-04-06,0.0
1944-04-07,0.0
1944-04-08,0.0
1944-04-09,0.0
1944-04-10,0.0
1944-04-11,0.0
1944-04-12,0.0
1944-04-13,0.0
1944-04-14,0.0
1944-04-15,0.0
1944-04-16,0.0
1944-04-17,0.0
1944-04-18,0.0
1944-04-19,0.0
1944-04-20,0.0
1944-04-21,0.0
1944-04-22,0.0
1944-04-23,0.0
1944-04-24,0.0
1944-04-25,0.0
1944-04-26,0.0
1944-04-27,0.0
1944-04-28,0.0
1944-04-29,0.0
1944-04-30,0.0
1944-05-01,0.0
1944-05-02,0.0
1944-05-03,0.0
1944-05-04,0.0
1944-05-05,0.0
1944-05-06,0.0
1944-05-07,0.0
1944-05-08,0.0
1944-05-09,0.0
1944-05-10,0.0
1944-05-11,0.0
1944-05-12,0.0
1944-05-13,0.0
1944-05-14,0.0
1944-05-15,0.0
1944-05-16,0.0
1944-05-17,0.0
1944-05-18,0.0
1944-05-19,2.655759811401367
1944-05-20,0.0
1944-05-21,0.0
1944-05-22,0.0
1944-05-23,0.0
1944-05-24,0.0
1944-05-25,0.0
1944-05-26,0.0
1944-05-27,0.0
1944-05-28,0.0
1944-05-29,0.0
1944-05-30,0.0
1944-05-31,0.0
1944-06-01,0.0
1944-06-02,1.5777348279953003
1944-06-03,0.0
1944-06-04,0.0
1944-06-05,0.3802943825721741
1944-06-06,0.0
1944-06-07,0.0
1944-06-08,0.0
1944-06-09,0.0
1944-06-10,0.0
1944-06-11,0.0
1944-06-12,8.662378311157227
1944-06-13,4.276960372924805
1944-06-14,0.0
1944-06-15,0.0
1944-06-16,0.0
1944-06-17,0.0
1944-06-18,0.1940857917070388
1944-06-19,0.0
1944-06-20,0.1039745360612869
1944-06-21,10.836773872375488
1944-06-22,0.0
1944-06-23,0.0
1944-06-24,0.0
1944-06-25,0.0
1944-06-26,0.6353152990341187
1944-06-27,0.2299894094467163
1944-06-28,0.0
1944-06-29,2.0965492725372314
1944-06-30,25.336856842041016
1944-07-01,0.3327185213565826
1944-07-02,68.8734359741211
1944-07-03,45.82732009887695
1944-07-04,0.0
1944-07-05,0.0
1944-07-06,52.34799957275391
1944-07-07,22.98908042907715
1944-07-08,0.0
1944-07-09,0.0
1944-07-10,0.0
1944-07-11,6.8360981941223145
1944-07-12,0.0
1944-07-13,0.1247694417834281
1944-07-14,0.0
1944-07-15,0.0
1944-07-16,0.0
1944-07-17,0.0
1944-07-18,0.0
1944-07-19,0.0
1944-07-20,0.0
1944-07-21,6.791027545928955
1944-07-22,0.0
1944-07-23,0.934175670146942
1944-07-24,0.0
1944-07-25,0.0
1944-07-26,0.0
1944-07-27,0.0
1944-07-28,3.799569845199585
1944-07-29,0.0
1944-07-30,0.0
1944-07-31,0.0
1944-08-01,0.0
1944-08-02,0.0
1944-08-03,1.7398406267166138
1944-08-04,0.0
1944-08-05,0.0
1944-08-06,0.0
1944-08-07,0.0
1944-08-08,0.0
1944-08-09,0.6711077094078064
1944-08-10,2.2323641777038574
1944-08-11,0.0
1944-08-12,0.0
1944-08-13,0.3191244602203369
1944-08-14,0.1252734363079071
1944-08-15,0.0
1944-08-16,0.0
1944-08-17,0.0
1944-08-18,0.0
1944-08-19,0.0
1944-08-20,0.0
1944-08-21,0.0
1944-08-22,0.0
1944-08-23,2.5158591270446777
1944-08-24,0.2952873706817627
1944-08-25,0.0
1944-08-26,0.1732908934354782
1944-08-27,0.0
1944-08-28,0.3081426620483398
1944-08-29,4.367210865020752
1944-08-30,1.803333759307861
1944-08-31,10.52674961090088
1944-09-01,93.65028381347656
1944-09-02,0.0
1944-09-03,1.6504840850830078
1944-09-04,48.457794189453125
1944-09-05,0.0
1944-09-06,0.0
1944-09-07,0.0
1944-09-08,0.169843316078186
1944-09-09,0.0
1944-09-10,0.6352102756500244
1944-09-11,8.407166481018066
1944-09-12,3.438340663909912
1944-09-13,0.2382455766201019
1944-09-14,0.0
1944-09-15,0.0
1944-09-16,0.0
1944-09-17,0.0
1944-09-18,0.0
1944-09-19,6.851792335510254
1944-09-20,0.0
1944-09-21,0.6241301894187927
1944-09-22,0.0
1944-09-23,0.0
1944-09-24,13.837224960327148
1944-09-25,0.0
1944-09-26,0.1029031872749328
1944-09-27,0.0
1944-09-28,0.0
1944-09-29,0.0
1944-09-30,0.0
1944-10-01,0.0
1944-10-02,5.153930187225342
1944-10-03,4.282265186309815
1944-10-04,0.0
1944-10-05,0.0
1944-10-06,0.0
1944-10-07,71.40878295898438
1944-10-08,0.0
1944-10-09,0.0
1944-10-10,0.1940857917070388
1944-10-11,0.0
1944-10-12,1.7986962795257568
1944-10-13,0.0
1944-10-14,7.002166748046875
1944-10-15,0.0
1944-10-16,0.0
1944-10-17,2.975923538208008
1944-10-18,0.0
1944-10-19,0.0
1944-10-20,0.7108762860298157
1944-10-21,0.9790040850639344
1944-10-22,6.93481969833374
1944-10-23,50.07536315917969
1944-10-24,2.035057783126831
1944-10-25,23.545848846435547
1944-10-26,0.0
1944-10-27,0.0
1944-10-28,1.958847999572754
1944-10-29,11.397523880004885
1944-10-30,0.0
1944-10-31,0.174234390258789
1944-11-01,0.0
1944-11-02,0.0
1944-11-03,2.365423679351806
1944-11-04,0.0
1944-11-05,1.8801840543746948
1944-11-06,1.414783239364624
1944-11-07,0.0
1944-11-08,0.0
1944-11-09,0.0
1944-11-10,0.0
1944-11-11,1.599913477897644
1944-11-12,0.7217581272125244
1944-11-13,57.84792709350586
1944-11-14,2.878905773162842
1944-11-15,57.02845764160156
1944-11-16,45.58811569213867
1944-11-17,32.98692321777344
1944-11-18,6.4564528465271
1944-11-19,34.27448654174805
1944-11-20,16.133203506469727
1944-11-21,21.63813591003418
1944-11-22,96.79849243164062
1944-11-23,15.483909606933594
1944-11-24,27.510272979736328
1944-11-25,4.5369486808776855
1944-11-26,2.8039417266845703
1944-11-27,1.2338310480117798
1944-11-28,0.0
1944-11-29,38.86106491088867
1944-11-30,10.736064910888672
1944-12-01,77.93030548095703
1944-12-02,60.9516716003418
1944-12-03,10.310510635375977
1944-12-04,12.15914821624756
1944-12-05,3.419093370437622
1944-12-06,3.418206214904785
1944-12-07,0.0
1944-12-08,0.0
1944-12-09,0.0
1944-12-10,0.0
1944-12-11,0.0
1944-12-12,21.21390724182129
1944-12-13,17.835323333740234
1944-12-14,0.0
1944-12-15,0.0
1944-12-16,0.0
1944-12-17,0.0
1944-12-18,0.0
1944-12-19,0.0
1944-12-20,5.401324272155762
1944-12-21,18.594070434570312
1944-12-22,0.6549460291862488
1944-12-23,0.3902850449085235
1944-12-24,0.0
1944-12-25,0.0
1944-12-26,0.0
1944-12-27,0.0
1944-12-28,0.0
1944-12-29,0.0
1944-12-30,0.0
1944-12-31,0.0
1945-01-01,0.0
1945-01-02,0.0
1945-01-03,0.0
1945-01-04,0.0
1945-01-05,0.0
1945-01-06,0.0
1945-01-07,0.0
1945-01-08,0.0
1945-01-09,0.0
1945-01-10,0.0
1945-01-11,0.0
1945-01-12,0.0
1945-01-13,0.0
1945-01-14,0.0
1945-01-15,0.0
1945-01-16,0.0
1945-01-17,0.0
1945-01-18,0.0
1945-01-19,0.0
1945-01-20,0.0
1945-01-21,0.0
1945-01-22,0.0
1945-01-23,0.0
1945-01-24,0.0
1945-01-25,0.0
1945-01-26,0.0
1945-01-27,0.0
1945-01-28,0.0
1945-01-29,0.3205912709236145
1945-01-30,0.0
1945-01-31,0.0
1945-02-01,0.0
1945-02-02,0.0
1945-02-03,0.0
1945-02-04,0.0
1945-02-05,0.0
1945-02-06,0.0
1945-02-07,0.0
1945-02-08,0.0
1945-02-09,0.0
1945-02-10,0.0
1945-02-11,0.0
1945-02-12,0.0
1945-02-13,0.0
1945-02-14,0.0
1945-02-15,0.0
1945-02-16,0.0
1945-02-17,0.0
1945-02-18,0.0
1945-02-19,0.0
1945-02-20,0.0
1945-02-21,0.0
1945-02-22,0.0
1945-02-23,0.0
1945-02-24,0.0
1945-02-25,0.0
1945-02-26,0.0
1945-02-27,0.0
1945-02-28,0.0
1945-03-01,0.0
1945-03-02,0.0
1945-03-03,0.0
1945-03-04,0.0
1945-03-05,0.0
1945-03-06,0.0
1945-03-07,0.0
1945-03-08,0.0
1945-03-09,0.0
1945-03-10,0.0
1945-03-11,0.0
1945-03-12,0.0
1945-03-13,0.0
1945-03-14,0.0
1945-03-15,0.0
1945-03-16,0.0
1945-03-17,0.0
1945-03-18,0.0
1945-03-19,0.0
1945-03-20,0.0
1945-03-21,0.0
1945-03-22,0.0
1945-03-23,0.0
1945-03-24,0.0
1945-03-25,0.0
1945-03-26,0.0
1945-03-27,0.0
1945-03-28,0.0
1945-03-29,0.0
1945-03-30,0.0
1945-03-31,5.191405773162842
1945-04-01,59.60091781616211
1945-04-02,15.35839557647705
1945-04-03,0.0
1945-04-04,0.0
1945-04-05,0.0
1945-04-06,0.0
1945-04-07,0.0
1945-04-08,0.0
1945-04-09,0.0
1945-04-10,0.0
1945-04-11,0.0
1945-04-12,0.0
1945-04-13,1.199172854423523
1945-04-14,0.3881715834140777
1945-04-15,0.0
1945-04-16,0.0
1945-04-17,0.0
1945-04-18,0.0
1945-04-19,0.0
1945-04-20,0.0
1945-04-21,0.0
1945-04-22,0.0
1945-04-23,0.0
1945-04-24,0.0
1945-04-25,0.0
1945-04-26,0.0
1945-04-27,0.0
1945-04-28,0.0
1945-04-29,0.0
1945-04-30,5.630568504333496
1945-05-01,0.0
1945-05-02,0.0
1945-05-03,0.0
1945-05-04,0.0
1945-05-05,0.0
1945-05-06,0.0
1945-05-07,0.0
1945-05-08,0.0
1945-05-09,0.0
1945-05-10,0.0
1945-05-11,0.0
1945-05-12,0.0
1945-05-13,0.0
1945-05-14,0.0
1945-05-15,0.0
1945-05-16,0.0
1945-05-17,0.0
1945-05-18,0.0
1945-05-19,0.0
1945-05-20,0.0
1945-05-21,0.0
1945-05-22,0.0
1945-05-23,0.0
1945-05-24,0.0
1945-05-25,0.0
1945-05-26,0.0
1945-05-27,0.0
1945-05-28,0.0
1945-05-29,0.0
1945-05-30,0.0
1945-05-31,1.3182393312454224
1945-06-01,0.0
1945-06-02,0.0
1945-06-03,0.0
1945-06-04,0.0
1945-06-05,0.0
1945-06-06,0.0
1945-06-07,31.986255645751957
1945-06-08,0.0
1945-06-09,0.0
1945-06-10,0.0
1945-06-11,0.0
1945-06-12,0.0
1945-06-13,0.0
1945-06-14,0.0
1945-06-15,0.0
1945-06-16,0.0
1945-06-17,0.0
1945-06-18,0.0
1945-06-19,0.0
1945-06-20,0.0
1945-06-21,1.3759498596191406
1945-06-22,0.0
1945-06-23,0.0
1945-06-24,0.0
1945-06-25,0.0
1945-06-26,0.0
1945-06-27,1.0902055501937866
1945-06-28,4.4750800132751465
1945-06-29,0.0
1945-06-30,0.0
1945-07-01,0.1940857917070388
1945-07-02,0.0
1945-07-03,0.0
1945-07-04,0.0
1945-07-05,0.0
1945-07-06,0.0
1945-07-07,0.0
1945-07-08,0.0
1945-07-09,0.0
1945-07-10,0.0
1945-07-11,0.0
1945-07-12,0.0
1945-07-13,2.1419835090637207
1945-07-14,23.083017349243164
1945-07-15,0.0
1945-07-16,7.463714599609375
1945-07-17,0.0
1945-07-18,0.0
1945-07-19,0.1489351838827133
1945-07-20,8.753231048583984
1945-07-21,2.219984531402588
1945-07-22,0.0
1945-07-23,0.0
1945-07-24,0.0
1945-07-25,2.4904885292053223
1945-07-26,64.11646270751953
1945-07-27,0.0
1945-07-28,0.0
1945-07-29,0.0
1945-07-30,0.0
1945-07-31,0.0
1945-08-01,7.296243190765381
1945-08-02,65.93037414550781
1945-08-03,6.4026198387146
1945-08-04,35.20658493041992
1945-08-05,0.0
1945-08-06,2.912654399871826
1945-08-07,0.3673767149448395
1945-08-08,3.0957837104797363
1945-08-09,0.6169155240058899
1945-08-10,3.7164769172668457
1945-08-11,7.431410312652588
1945-08-12,0.0
1945-08-13,0.0
1945-08-14,0.0
1945-08-15,0.0
1945-08-16,0.0
1945-08-17,0.0
1945-08-18,30.27769088745117
1945-08-19,0.0
1945-08-20,0.0
1945-08-21,1.6772394180297852
1945-08-22,0.0
1945-08-23,0.0
1945-08-24,0.0
1945-08-25,0.0
1945-08-26,0.0
1945-08-27,2.7661619186401367
1945-08-28,12.232742309570312
1945-08-29,15.537711143493652
1945-08-30,2.181556224822998
1945-08-31,0.0
1945-09-01,0.0
1945-09-02,0.547599196434021
1945-09-03,0.0
1945-09-04,0.0
1945-09-05,0.0
1945-09-06,4.933688163757324
1945-09-07,20.43437385559082
1945-09-08,1.1528745889663696
1945-09-09,23.26531791687012
1945-09-10,0.0
1945-09-11,0.0
1945-09-12,0.0
1945-09-13,1.1437199115753174
1945-09-14,9.416373252868652
1945-09-15,0.0
1945-09-16,0.3126481473445892
1945-09-17,0.0
1945-09-18,0.0
1945-09-19,0.0
1945-09-20,0.0
1945-09-21,0.0
1945-09-22,11.503734588623049
1945-09-23,0.0
1945-09-24,0.6551213264465332
1945-09-25,0.0
1945-09-26,0.0
1945-09-27,0.0
1945-09-28,19.946348190307617
1945-09-29,5.919458866119385
1945-09-30,0.2299894094467163
1945-10-01,0.0
1945-10-02,0.0
1945-10-03,7.814927577972412
1945-10-04,14.659984588623049
1945-10-05,19.6386661529541
1945-10-06,16.57941436767578
1945-10-07,0.0
1945-10-08,1.7514983415603638
1945-10-09,18.662202835083008
1945-10-10,0.0
1945-10-11,0.0
1945-10-12,0.3902850449085235
1945-10-13,2.9666593074798584
1945-10-14,18.924467086791992
1945-10-15,1.320194959640503
1945-10-16,1.4611021280288696
1945-10-17,0.3414947092533111
1945-10-18,0.0
1945-10-19,0.0
1945-10-20,0.0
1945-10-21,0.0
1945-10-22,0.0
1945-10-23,0.0
1945-10-24,0.0
1945-10-25,0.0
1945-10-26,0.0
1945-10-27,0.3467389643192291
1945-10-28,14.233065605163574
1945-10-29,0.0
1945-10-30,0.0
1945-10-31,0.0
1945-11-01,0.0
1945-11-02,0.0
1945-11-03,15.927810668945312
1945-11-04,9.061996459960938
1945-11-05,0.0
1945-11-06,3.019030809402466
1945-11-07,1.848844051361084
1945-11-08,0.0
1945-11-09,32.47275161743164
1945-11-10,80.31293487548828
1945-11-11,13.472963333129885
1945-11-12,34.48594284057617
1945-11-13,31.70683479309082
1945-11-14,50.52698516845703
1945-11-15,0.0
1945-11-16,0.0
1945-11-17,0.0
1945-11-18,24.727487564086918
1945-11-19,0.4245658218860626
1945-11-20,0.0
1945-11-21,0.0
1945-11-22,0.0
1945-11-23,0.0
1945-11-24,0.0
1945-11-25,0.0
1945-11-26,0.0
1945-11-27,0.0
1945-11-28,0.0
1945-11-29,0.0
1945-11-30,0.0
1945-12-01,0.0
1945-12-02,0.0
1945-12-03,0.0
1945-12-04,0.0
1945-12-05,0.0
1945-12-06,0.0
1945-12-07,0.0
1945-12-08,0.0
1945-12-09,0.0
1945-12-10,0.0
1945-12-11,0.0
1945-12-12,0.0
1945-12-13,0.0
1945-12-14,0.0
1945-12-15,0.0
1945-12-16,0.0
1945-12-17,0.0
1945-12-18,0.0
1945-12-19,0.0
1945-12-20,0.0
1945-12-21,0.1944631934165954
1945-12-22,0.0
1945-12-23,0.0
1945-12-24,0.0
1945-12-25,0.0
1945-12-26,0.0
1945-12-27,0.0
1945-12-28,0.0
1945-12-29,0.0
1945-12-30,0.0
1945-12-31,0.0
1946-01-01,0.0
1946-01-02,0.0
1946-01-03,0.0
1946-01-04,0.0
1946-01-05,0.0
1946-01-06,0.0
1946-01-07,0.0
1946-01-08,0.0
1946-01-09,0.0
1946-01-10,0.0
1946-01-11,0.0
1946-01-12,0.0
1946-01-13,0.0
1946-01-14,0.0
1946-01-15,0.0
1946-01-16,0.0
1946-01-17,0.0
1946-01-18,0.0
1946-01-19,10.231159210205078
1946-01-20,30.30804443359375
1946-01-21,3.528881072998047
1946-01-22,0.0
1946-01-23,0.0
1946-01-24,0.0
1946-01-25,0.0
1946-01-26,0.0
1946-01-27,0.0
1946-01-28,0.0
1946-01-29,0.0
1946-01-30,0.0
1946-01-31,0.0
1946-02-01,0.0
1946-02-02,0.0
1946-02-03,0.0
1946-02-04,0.0
1946-02-05,0.0
1946-02-06,0.0
1946-02-07,0.0
1946-02-08,0.0
1946-02-09,0.0
1946-02-10,0.0
1946-02-11,0.0
1946-02-12,0.0
1946-02-13,0.0
1946-02-14,0.0
1946-02-15,0.0
1946-02-16,0.0
1946-02-17,0.0
1946-02-18,0.0
1946-02-19,0.0
1946-02-20,0.0
1946-02-21,0.0
1946-02-22,0.0
1946-02-23,0.0
1946-02-24,0.0
1946-02-25,0.0
1946-02-26,0.0
1946-02-27,0.0
1946-02-28,0.0
1946-03-01,0.0
1946-03-02,0.0
1946-03-03,0.0
1946-03-04,0.0
1946-03-05,0.0
1946-03-06,0.0
1946-03-07,0.0
1946-03-08,0.0
1946-03-09,0.0
1946-03-10,0.0
1946-03-11,0.0
1946-03-12,0.0
1946-03-13,0.0
1946-03-14,0.0
1946-03-15,0.5854275822639465
1946-03-16,0.4948256909847259
1946-03-17,0.9757125973701476
1946-03-18,0.0
1946-03-19,0.0
1946-03-20,0.0
1946-03-21,0.0
1946-03-22,0.0
1946-03-23,0.0
1946-03-24,0.0
1946-03-25,0.0
1946-03-26,0.0
1946-03-27,0.0
1946-03-28,0.0
1946-03-29,0.0
1946-03-30,0.0
1946-03-31,0.0
1946-04-01,0.0
1946-04-02,0.0
1946-04-03,0.0
1946-04-04,0.0
1946-04-05,0.0
1946-04-06,0.0
1946-04-07,0.0
1946-04-08,0.0
1946-04-09,0.0
1946-04-10,0.0
1946-04-11,0.0
1946-04-12,1.6913189888000488
1946-04-13,0.0
1946-04-14,0.1951425224542617
1946-04-15,0.0
1946-04-16,0.0
1946-04-17,0.0
1946-04-18,0.0
1946-04-19,0.0
1946-04-20,0.0
1946-04-21,0.0
1946-04-22,0.0
1946-04-23,0.0
1946-04-24,0.0
1946-04-25,0.0
1946-04-26,0.0
1946-04-27,0.0
1946-04-28,0.0
1946-04-29,0.0
1946-04-30,0.0
1946-05-01,0.0
1946-05-02,0.0
1946-05-03,0.0
1946-05-04,0.0
1946-05-05,0.0
1946-05-06,0.1039745360612869
1946-05-07,0.0
1946-05-08,2.0965492725372314
1946-05-09,8.976750373840332
1946-05-10,4.062459945678711
1946-05-11,0.0
1946-05-12,0.0
1946-05-13,1.831638216972351
1946-05-14,0.0
1946-05-15,0.0
1946-05-16,1.3911653757095337
1946-05-17,0.0
1946-05-18,0.0
1946-05-19,0.0
1946-05-20,0.0
1946-05-21,0.0
1946-05-22,0.9358839988708496
1946-05-23,0.704663097858429
1946-05-24,0.0
1946-05-25,0.0
1946-05-26,0.0
1946-05-27,0.0
1946-05-28,0.0
1946-05-29,10.231159210205078
1946-05-30,0.0
1946-05-31,0.0
1946-06-01,0.0
1946-06-02,0.0
1946-06-03,0.0
1946-06-04,0.0
1946-06-05,0.0
1946-06-06,0.0
1946-06-07,0.4460400342941284
1946-06-08,0.0
1946-06-09,3.086141586303711
1946-06-10,0.0
1946-06-11,0.0
1946-06-12,9.811849594116213
1946-06-13,35.80299377441406
1946-06-14,6.83304500579834
1946-06-15,0.0
1946-06-16,0.1039745360612869
1946-06-17,0.0
1946-06-18,0.1386327147483825
1946-06-19,0.0
1946-06-20,0.0
1946-06-21,0.0
1946-06-22,0.0
1946-06-23,0.0
1946-06-24,0.0
1946-06-25,0.0
1946-06-26,4.599335670471191
1946-06-27,0.1252734363079071
1946-06-28,1.509515404701233
1946-06-29,8.176569938659668
1946-06-30,0.0
1946-07-01,0.547599196434021
1946-07-02,1.0244982242584229
1946-07-03,0.0
1946-07-04,0.0
1946-07-05,0.0
1946-07-06,0.2841970324516296
1946-07-07,0.1045406386256218
1946-07-08,0.4921461045742035
1946-07-09,0.3981905281543731
1946-07-10,0.0
1946-07-11,0.0
1946-07-12,22.159252166748047
1946-07-13,0.2908133566379547
1946-07-14,0.0
1946-07-15,0.0
1946-07-16,32.14636993408203
1946-07-17,7.203313827514648
1946-07-18,0.0
1946-07-19,1.053608536720276
1946-07-20,1.1979777812957764
1946-07-21,18.114185333251957
1946-07-22,0.0
1946-07-23,0.0
1946-07-24,0.0
1946-07-25,11.591336250305176
1946-07-26,0.0
1946-07-27,0.0
1946-07-28,0.8386197090148926
1946-07-29,0.0
1946-07-30,0.0
1946-07-31,0.0
1946-08-01,11.583922386169434
1946-08-02,0.0
1946-08-03,0.0
1946-08-04,0.0
1946-08-05,1.1014832258224487
1946-08-06,2.804770946502685
1946-08-07,8.617379188537598
1946-08-08,0.0
1946-08-09,4.693902492523193
1946-08-10,2.497242212295532
1946-08-11,4.014772415161133
1946-08-12,2.238852977752685
1946-08-13,13.557450294494627
1946-08-14,3.427712917327881
1946-08-15,4.13967752456665
1946-08-16,2.813211441040039
1946-08-17,1.3224269151687622
1946-08-18,3.8219828605651855
1946-08-19,0.0
1946-08-20,0.0
1946-08-21,2.324134349822998
1946-08-22,0.0
1946-08-23,0.0
1946-08-24,0.0
1946-08-25,0.0
1946-08-26,0.9036781787872314
1946-08-27,23.583267211914062
1946-08-28,10.56946849822998
1946-08-29,0.0
1946-08-30,0.0
1946-08-31,1.3856303691864014
1946-09-01,4.12857723236084
1946-09-02,1.7286109924316406
1946-09-03,3.3411710262298584
1946-09-04,89.98445892333984
1946-09-05,0.0
1946-09-06,0.0
1946-09-07,0.0
1946-09-08,0.5821031928062439
1946-09-09,20.703866958618164
1946-09-10,0.0
1946-09-11,0.0
1946-09-12,0.0
1946-09-13,0.0
1946-09-14,0.0
1946-09-15,0.0
1946-09-16,0.0
1946-09-17,0.0
1946-09-18,0.2908133566379547
1946-09-19,0.0
1946-09-20,0.0
1946-09-21,0.0
1946-09-22,0.0
1946-09-23,0.0
1946-09-24,0.0
1946-09-25,5.828339576721191
1946-09-26,1.7625601291656494
1946-09-27,22.015907287597656
1946-09-28,40.49148941040039
1946-09-29,0.6515737175941467
1946-09-30,0.0
1946-10-01,0.0
1946-10-02,35.8978271484375
1946-10-03,8.769789695739746
1946-10-04,4.026986122131348
1946-10-05,1.3429760932922363
1946-10-06,0.0
1946-10-07,0.0
1946-10-08,0.0
1946-10-09,0.0
1946-10-10,0.0
1946-10-11,0.0
1946-10-12,0.0
1946-10-13,0.0
1946-10-14,0.1476436853408813
1946-10-15,0.2495388835668563
1946-10-16,18.579986572265625
1946-10-17,1.6806604862213137
1946-10-18,0.0
1946-10-19,4.863994598388672
1946-10-20,0.2090812772512436
1946-10-21,0.0
1946-10-22,0.0
1946-10-23,0.0
1946-10-24,0.0
1946-10-25,37.94816589355469
1946-10-26,5.73823881149292
1946-10-27,30.930896759033203
1946-10-28,27.37290954589844
1946-10-29,16.577192306518555
1946-10-30,10.214040756225586
1946-10-31,4.540090560913086
1946-11-01,87.93264770507812
1946-11-02,39.514251708984375
1946-11-03,9.98737621307373
1946-11-04,0.2617319822311401
1946-11-05,0.0
1946-11-06,1.509515404701233
1946-11-07,9.542840003967283
1946-11-08,1.0349892377853394
1946-11-09,0.0
1946-11-10,0.0
1946-11-11,0.0
1946-11-12,1.3965623378753662
1946-11-13,11.914910316467283
1946-11-14,3.290729284286499
1946-11-15,0.5636513829231262
1946-11-16,111.70457458496094
1946-11-17,3.9641544818878174
1946-11-18,0.0
1946-11-19,0.9370806813240052
1946-11-20,0.0
1946-11-21,0.0
1946-11-22,1.5443623065948486
1946-11-23,2.4775702953338623
1946-11-24,8.795836448669434
1946-11-25,12.828295707702637
1946-11-26,22.348825454711918
1946-11-27,9.18354606628418
1946-11-28,5.999295234680176
1946-11-29,22.82225227355957
1946-11-30,1.0988701581954956
1946-12-01,22.1535587310791
1946-12-02,33.55684280395508
1946-12-03,127.64460754394533
1946-12-04,151.91629028320312
1946-12-05,17.19289207458496
1946-12-06,24.129159927368164
1946-12-07,12.691903114318848
1946-12-08,5.671136856079102
1946-12-09,0.2299894094467163
1946-12-10,0.9408657550811768
1946-12-11,22.421798706054688
1946-12-12,0.0
1946-12-13,1.1941800117492676
1946-12-14,7.114099025726318
1946-12-15,11.013986587524414
1946-12-16,58.82692337036133
1946-12-17,30.23224830627441
1946-12-18,5.547560214996338
1946-12-19,0.0
1946-12-20,0.0
1946-12-21,0.0
1946-12-22,0.0
1946-12-23,0.0
1946-12-24,0.0
1946-12-25,0.0
1946-12-26,0.0
1946-12-27,0.0
1946-12-28,0.0
1946-12-29,0.0
1946-12-30,5.367166042327881
1946-12-31,6.528033256530762
1947-01-01,4.034366607666016
1947-01-02,3.044219255447388
1947-01-03,40.54017639160156
1947-01-04,16.29851722717285
1947-01-05,1.999078631401062
1947-01-06,57.08804702758789
1947-01-07,4.75378942489624
1947-01-08,0.0
1947-01-09,0.0
1947-01-10,0.0
1947-01-11,0.0
1947-01-12,0.0
1947-01-13,0.0
1947-01-14,0.0
1947-01-15,0.0
1947-01-16,0.0
1947-01-17,0.0
1947-01-18,0.0
1947-01-19,0.0
1947-01-20,0.0
1947-01-21,0.0
1947-01-22,0.0
1947-01-23,0.0
1947-01-24,0.0
1947-01-25,0.0
1947-01-26,5.576247215270996
1947-01-27,32.920501708984375
1947-01-28,5.788578033447266
1947-01-29,0.7395099997520447
1947-01-30,0.0
1947-01-31,0.0
1947-02-01,0.0
1947-02-02,0.0
1947-02-03,0.0
1947-02-04,0.0
1947-02-05,0.0
1947-02-06,0.0
1947-02-07,0.0
1947-02-08,0.0
1947-02-09,0.0
1947-02-10,0.0
1947-02-11,0.0
1947-02-12,0.0
1947-02-13,0.0
1947-02-14,0.0
1947-02-15,0.0
1947-02-16,0.0
1947-02-17,0.0
1947-02-18,0.0
1947-02-19,0.0
1947-02-20,3.909819841384888
1947-02-21,0.0
1947-02-22,0.0
1947-02-23,0.0
1947-02-24,0.0
1947-02-25,0.0
1947-02-26,0.0
1947-02-27,0.0
1947-02-28,0.0
1947-03-01,2.0965492725372314
1947-03-02,2.007922410964966
1947-03-03,0.0
1947-03-04,0.0
1947-03-05,0.0
1947-03-06,0.0
1947-03-07,0.0
1947-03-08,0.0
1947-03-09,0.0
1947-03-10,0.0
1947-03-11,0.0
1947-03-12,0.0
1947-03-13,0.0
1947-03-14,0.0
1947-03-15,0.0
1947-03-16,0.0
1947-03-17,0.0
1947-03-18,0.0
1947-03-19,0.0
1947-03-20,0.0
1947-03-21,0.0
1947-03-22,0.0
1947-03-23,0.0
1947-03-24,0.0
1947-03-25,0.0
1947-03-26,0.0
1947-03-27,0.0
1947-03-28,0.0
1947-03-29,0.0
1947-03-30,0.0
1947-03-31,0.0
1947-04-01,0.0
1947-04-02,0.0
1947-04-03,0.0
1947-04-04,0.0
1947-04-05,0.0
1947-04-06,0.0
1947-04-07,0.0
1947-04-08,0.0
1947-04-09,0.0
1947-04-10,0.0
1947-04-11,0.0
1947-04-12,0.2857443988323211
1947-04-13,6.844850540161133
1947-04-14,0.2508975267410278
1947-04-15,0.0
1947-04-16,0.0
1947-04-17,0.0
1947-04-18,0.0
1947-04-19,0.0
1947-04-20,0.0
1947-04-21,0.7763431668281555
1947-04-22,0.0
1947-04-23,0.0
1947-04-24,0.0
1947-04-25,0.0
1947-04-26,0.0
1947-04-27,0.0
1947-04-28,0.0
1947-04-29,0.0
1947-04-30,0.0
1947-05-01,0.0
1947-05-02,0.0
1947-05-03,0.0
1947-05-04,0.0
1947-05-05,0.0
1947-05-06,0.0
1947-05-07,0.0
1947-05-08,0.0
1947-05-09,0.0
1947-05-10,0.0
1947-05-11,0.0
1947-05-12,0.0
1947-05-13,0.0
1947-05-14,0.0
1947-05-15,0.0
1947-05-16,0.0
1947-05-17,5.431859016418457
1947-05-18,0.0
1947-05-19,0.0
1947-05-20,0.0
1947-05-21,0.0
1947-05-22,0.0
1947-05-23,0.0
1947-05-24,0.0
1947-05-25,0.0
1947-05-26,0.0
1947-05-27,0.0
1947-05-28,0.0
1947-05-29,0.0
1947-05-30,0.0
1947-05-31,0.0
1947-06-01,0.0
1947-06-02,0.0
1947-06-03,0.0
1947-06-04,0.0
1947-06-05,0.0
1947-06-06,0.0
1947-06-07,0.4042238295078277
1947-06-08,0.0
1947-06-09,0.1393875181674957
1947-06-10,0.0
1947-06-11,0.0
1947-06-12,0.0
1947-06-13,0.0
1947-06-14,0.0
1947-06-15,11.908398628234863
1947-06-16,7.833712577819824
1947-06-17,3.6474218368530273
1947-06-18,0.0
1947-06-19,0.0
1947-06-20,0.1386327147483825
1947-06-21,0.1476436853408813
1947-06-22,0.0
1947-06-23,0.0
1947-06-24,0.0
1947-06-25,0.0
1947-06-26,0.0
1947-06-27,0.0
1947-06-28,1.6772394180297852
1947-06-29,0.0
1947-06-30,0.0
1947-07-01,0.0
1947-07-02,0.0
1947-07-03,0.0
1947-07-04,1.509515404701233
1947-07-05,0.3470896482467651
1947-07-06,0.0
1947-07-07,0.0
1947-07-08,13.887709617614746
1947-07-09,22.21773910522461
1947-07-10,10.040637016296388
1947-07-11,0.79164057970047
1947-07-12,0.0
1947-07-13,0.0
1947-07-14,0.0
1947-07-15,0.0
1947-07-16,0.0
1947-07-17,0.0
1947-07-18,0.0
1947-07-19,0.3841701149940491
1947-07-20,0.0
1947-07-21,0.0
1947-07-22,4.9015092849731445
1947-07-23,13.387530326843262
1947-07-24,1.6540366411209106
1947-07-25,1.0797768831253052
1947-07-26,1.6705821752548218
1947-07-27,5.334682464599609
1947-07-28,1.5050078630447388
1947-07-29,5.614624977111816
1947-07-30,0.0
1947-07-31,21.72024917602539
1947-08-01,4.780454635620117
1947-08-02,0.3693769574165344
1947-08-03,0.0
1947-08-04,0.0
1947-08-05,0.3881715834140777
1947-08-06,0.2505468726158142
1947-08-07,0.0
1947-08-08,0.0
1947-08-09,0.0
1947-08-10,0.0
1947-08-11,0.0
1947-08-12,0.5129410624504089
1947-08-13,0.1029031872749328
1947-08-14,0.1247694417834281
1947-08-15,9.392539978027344
1947-08-16,0.0
1947-08-17,0.6708957552909851
1947-08-18,0.4251319468021393
1947-08-19,0.0
1947-08-20,0.0
1947-08-21,0.2673269212245941
1947-08-22,0.0
1947-08-23,0.0
1947-08-24,0.3554381430149078
1947-08-25,1.730240821838379
1947-08-26,1.0902055501937866
1947-08-27,0.6408805847167969
1947-08-28,0.0
1947-08-29,0.0
1947-08-30,0.0
1947-08-31,0.0
1947-09-01,0.0
1947-09-02,0.0
1947-09-03,0.0
1947-09-04,0.0
1947-09-05,0.0
1947-09-06,21.552526473999023
1947-09-07,3.781038761138916
1947-09-08,4.394594192504883
1947-09-09,38.835575103759766
1947-09-10,9.002760887145996
1947-09-11,49.81401062011719
1947-09-12,9.132226943969728
1947-09-13,0.8139828443527222
1947-09-14,25.1927490234375
1947-09-15,6.197799682617188
1947-09-16,5.151147365570068
1947-09-17,31.5320987701416
1947-09-18,5.890059471130371
1947-09-19,4.352073669433594
1947-09-20,1.9169390201568604
1947-09-21,0.0
1947-09-22,0.6017599105834961
1947-09-23,1.006332516670227
1947-09-24,0.1940857917070388
1947-09-25,0.0
1947-09-26,0.0
1947-09-27,0.0
1947-09-28,1.0744035243988037
1947-09-29,0.2090812772512436
1947-09-30,0.0
1947-10-01,8.302334785461426
1947-10-02,0.2806681096553802
1947-10-03,0.0
1947-10-04,0.0
1947-10-05,0.5213240385055542
1947-10-06,11.015798568725586
1947-10-07,3.928889036178589
1947-10-08,5.480215072631836
1947-10-09,0.1918801963329315
1947-10-10,0.1811990886926651
1947-10-11,0.8386197090148926
1947-10-12,17.617523193359375
1947-10-13,5.079668521881104
1947-10-14,2.1313960552215576
1947-10-15,5.350503444671631
1947-10-16,0.0
1947-10-17,16.54079818725586
1947-10-18,5.665594100952148
1947-10-19,28.01067924499512
1947-10-20,21.15141487121582
1947-10-21,8.739118576049805
1947-10-22,0.0
1947-10-23,18.299835205078125
1947-10-24,0.0
1947-10-25,0.0
1947-10-26,0.0
1947-10-27,0.0
1947-10-28,0.0
1947-10-29,0.0
1947-10-30,0.0
1947-10-31,0.0
1947-11-01,0.0
1947-11-02,0.0
1947-11-03,0.0
1947-11-04,0.0
1947-11-05,0.0
1947-11-06,0.0
1947-11-07,0.0
1947-11-08,0.0
1947-11-09,0.0
1947-11-10,0.0
1947-11-11,0.0
1947-11-12,0.0
1947-11-13,0.0
1947-11-14,0.0
1947-11-15,0.0
1947-11-16,0.0
1947-11-17,0.0
1947-11-18,22.90391159057617
1947-11-19,2.114738941192627
1947-11-20,62.22557830810547
1947-11-21,5.840855121612549
1947-11-22,5.994686603546143
1947-11-23,0.9732944965362548
1947-11-24,0.0
1947-11-25,0.1039745360612869
1947-11-26,7.463714599609375
1947-11-27,4.138991355895996
1947-11-28,0.0
1947-11-29,0.0
1947-11-30,0.0
1947-12-01,0.0
1947-12-02,0.0
1947-12-03,0.0
1947-12-04,0.0
1947-12-05,0.0
1947-12-06,0.0
1947-12-07,0.0
1947-12-08,0.0
1947-12-09,0.0
1947-12-10,0.0
1947-12-11,0.0
1947-12-12,0.0
1947-12-13,0.0
1947-12-14,1.5393122434616089
1947-12-15,0.2783976197242737
1947-12-16,0.0
1947-12-17,3.606064796447754
1947-12-18,0.5854275822639465
1947-12-19,0.0
1947-12-20,8.302334785461426
1947-12-21,0.5574187636375427
1947-12-22,0.0
1947-12-23,0.0
1947-12-24,0.0
1947-12-25,0.0
1947-12-26,0.0
1947-12-27,0.0
1947-12-28,0.0
1947-12-29,0.0
1947-12-30,0.0
1947-12-31,0.0
1948-01-01,1.6262295246124268
1948-01-02,4.446974277496338
1948-01-03,0.0
1948-01-04,0.0
1948-01-05,0.0
1948-01-06,0.0
1948-01-07,0.0
1948-01-08,0.0
1948-01-09,0.0
1948-01-10,0.0
1948-01-11,0.0
1948-01-12,0.0
1948-01-13,0.0
1948-01-14,0.0
1948-01-15,0.0
1948-01-16,0.0
1948-01-17,53.72721862792969
1948-01-18,37.00851821899414
1948-01-19,0.2079490721225738
1948-01-20,0.0
1948-01-21,0.0
1948-01-22,0.0
1948-01-23,0.2508975267410278
1948-01-24,0.0
1948-01-25,0.0
1948-01-26,0.0
1948-01-27,0.0
1948-01-28,0.0
1948-01-29,0.0
1948-01-30,0.0
1948-01-31,0.0
1948-02-01,0.0
1948-02-02,0.0
1948-02-03,0.0
1948-02-04,0.0
1948-02-05,0.0
1948-02-06,0.0
1948-02-07,0.0
1948-02-08,0.0
1948-02-09,0.0
1948-02-10,0.0
1948-02-11,0.0
1948-02-12,0.0
1948-02-13,0.0
1948-02-14,0.0
1948-02-15,0.0
1948-02-16,0.0
1948-02-17,0.1594276130199432
1948-02-18,2.218123435974121
1948-02-19,0.0
1948-02-20,0.0
1948-02-21,0.0
1948-02-22,0.0
1948-02-23,0.0
1948-02-24,0.0
1948-02-25,0.0
1948-02-26,0.0
1948-02-27,0.0
1948-02-28,0.0
1948-02-29,0.0
1948-03-01,0.0
1948-03-02,0.0
1948-03-03,0.0
1948-03-04,0.0
1948-03-05,0.0
1948-03-06,0.0
1948-03-07,0.0
1948-03-08,0.5961207151412964
1948-03-09,0.0
1948-03-10,0.0
1948-03-11,0.0
1948-03-12,0.0
1948-03-13,0.0
1948-03-14,0.0
1948-03-15,0.0
1948-03-16,0.0
1948-03-17,0.0
1948-03-18,0.0
1948-03-19,0.0
1948-03-20,0.0
1948-03-21,0.0
1948-03-22,0.0
1948-03-23,0.0
1948-03-24,0.0
1948-03-25,0.0
1948-03-26,0.0
1948-03-27,0.0
1948-03-28,0.0
1948-03-29,0.0
1948-03-30,0.0
1948-03-31,0.0
1948-04-01,0.0
1948-04-02,0.0
1948-04-03,0.0
1948-04-04,0.0
1948-04-05,0.0
1948-04-06,0.0
1948-04-07,0.0
1948-04-08,0.0
1948-04-09,0.0
1948-04-10,0.0
1948-04-11,0.0
1948-04-12,0.0
1948-04-13,0.0
1948-04-14,0.0
1948-04-15,0.0
1948-04-16,0.0
1948-04-17,0.0
1948-04-18,0.0
1948-04-19,0.0
1948-04-20,0.0
1948-04-21,0.0
1948-04-22,0.0
1948-04-23,0.0
1948-04-24,0.0
1948-04-25,0.0
1948-04-26,0.0
1948-04-27,0.0
1948-04-28,0.0
1948-04-29,0.0
1948-04-30,0.0
1948-05-01,0.0
1948-05-02,0.0
1948-05-03,0.0
1948-05-04,0.0
1948-05-05,0.0
1948-05-06,0.0
1948-05-07,0.0
1948-05-08,0.0
1948-05-09,0.0
1948-05-10,0.0
1948-05-11,0.0
1948-05-12,0.0
1948-05-13,1.180693507194519
1948-05-14,0.0
1948-05-15,0.0
1948-05-16,0.0
1948-05-17,0.4228297472000122
1948-05-18,0.0
1948-05-19,0.0
1948-05-20,0.0
1948-05-21,0.0
1948-05-22,0.0
1948-05-23,0.0
1948-05-24,0.0
1948-05-25,0.0
1948-05-26,0.0
1948-05-27,0.0
1948-05-28,0.0
1948-05-29,0.0
1948-05-30,0.0
1948-05-31,0.0
1948-06-01,1.2579295635223389
1948-06-02,0.0
1948-06-03,0.0
1948-06-04,2.412209272384644
1948-06-05,0.0
1948-06-06,0.0
1948-06-07,37.737884521484375
1948-06-08,7.106617450714111
1948-06-09,0.0
1948-06-10,0.1393875181674957
1948-06-11,0.4193098545074463
1948-06-12,0.0
1948-06-13,0.0
1948-06-14,0.0
1948-06-15,0.0
1948-06-16,0.4599788188934326
1948-06-17,0.0
1948-06-18,0.1386327147483825
1948-06-19,12.57929515838623
1948-06-20,0.5065755248069763
1948-06-21,0.1594276130199432
1948-06-22,0.0
1948-06-23,0.0
1948-06-24,0.0
1948-06-25,0.0
1948-06-26,2.348134994506836
1948-06-27,0.0
1948-06-28,0.0
1948-06-29,0.0
1948-06-30,0.0
1948-07-01,0.0
1948-07-02,0.0
1948-07-03,4.025374412536621
1948-07-04,2.7674450874328613
1948-07-05,0.5577313899993896
1948-07-06,0.0
1948-07-07,0.0
1948-07-08,0.0
1948-07-09,0.1393875181674957
1948-07-10,0.1594276130199432
1948-07-11,0.1940857917070388
1948-07-12,0.0
1948-07-13,0.0
1948-07-14,15.087725639343262
1948-07-15,1.0050872564315796
1948-07-16,0.4193098545074463
1948-07-17,2.021141767501831
1948-07-18,1.0130857229232788
1948-07-19,0.0
1948-07-20,0.2299894094467163
1948-07-21,6.373509407043457
1948-07-22,9.979573249816896
1948-07-23,36.35116195678711
1948-07-24,7.313080787658691
1948-07-25,0.4449833333492279
1948-07-26,0.1465275287628173
1948-07-27,2.6647536754608154
1948-07-28,0.0
1948-07-29,4.500609874725342
1948-07-30,5.365118503570557
1948-07-31,6.31180477142334
1948-08-01,0.174234390258789
1948-08-02,0.7763431668281555
1948-08-03,2.7674450874328613
1948-08-04,0.0
1948-08-05,0.0
1948-08-06,0.0
1948-08-07,0.0
1948-08-08,0.6999770998954773
1948-08-09,4.025374412536621
1948-08-10,5.954199314117432
1948-08-11,0.4471561908721924
1948-08-12,0.9485470056533812
1948-08-13,0.0
1948-08-14,0.0
1948-08-15,0.0
1948-08-16,0.0
1948-08-17,0.0
1948-08-18,1.509515404701233
1948-08-19,0.0
1948-08-20,0.0
1948-08-21,0.0
1948-08-22,1.576914668083191
1948-08-23,0.3554381430149078
1948-08-24,0.0
1948-08-25,3.54870343208313
1948-08-26,2.6551718711853027
1948-08-27,4.6533613204956055
1948-08-28,0.0
1948-08-29,1.504705786705017
1948-08-30,0.0
1948-08-31,0.0
1948-09-01,0.0
1948-09-02,0.0
1948-09-03,0.0
1948-09-04,0.0
1948-09-05,2.5158591270446777
1948-09-06,0.0
1948-09-07,0.1942745000123977
1948-09-08,2.6901791095733643
1948-09-09,0.0
1948-09-10,1.0902055501937866
1948-09-11,75.8575668334961
1948-09-12,38.14052581787109
1948-09-13,76.53375244140625
1948-09-14,9.298850059509276
1948-09-15,5.838291168212891
1948-09-16,0.0
1948-09-17,0.6708957552909851
1948-09-18,0.0
1948-09-19,0.0
1948-09-20,2.2707836627960205
1948-09-21,1.383196234703064
1948-09-22,0.1185623705387115
1948-09-23,0.0
1948-09-24,0.0
1948-09-25,1.2579295635223389
1948-09-26,0.0
1948-09-27,0.0
1948-09-28,2.1464662551879883
1948-09-29,0.9610078930854796
1948-09-30,0.0
1948-10-01,0.0
1948-10-02,4.444684505462647
1948-10-03,0.9596840739250184
1948-10-04,0.0
1948-10-05,0.0
1948-10-06,13.669499397277832
1948-10-07,3.8401265144348153
1948-10-08,0.0
1948-10-09,0.0
1948-10-10,0.0
1948-10-11,0.0
1948-10-12,0.0
1948-10-13,0.0
1948-10-14,0.0
1948-10-15,10.902055740356444
1948-10-16,25.497621536254883
1948-10-17,8.780723571777344
1948-10-18,1.9964882135391235
1948-10-19,2.650547504425049
1948-10-20,1.6491379737854004
1948-10-21,0.2848763763904571
1948-10-22,0.0
1948-10-23,0.564519464969635
1948-10-24,0.0
1948-10-25,0.0
1948-10-26,0.0
1948-10-27,0.0
1948-10-28,0.0
1948-10-29,0.0
1948-10-30,0.0
1948-10-31,0.0
1948-11-01,0.0
1948-11-02,20.04301071166992
1948-11-03,6.04292631149292
1948-11-04,0.0
1948-11-05,0.3131836056709289
1948-11-06,0.0
1948-11-07,0.719931960105896
1948-11-08,0.0
1948-11-09,0.0
1948-11-10,1.3292410373687744
1948-11-11,0.8625651001930237
1948-11-12,0.0
1948-11-13,3.8576505184173584
1948-11-14,1.3763887882232666
1948-11-15,106.3502197265625
1948-11-16,63.0943603515625
1948-11-17,54.97158050537109
1948-11-18,43.06333923339844
1948-11-19,4.428774356842041
1948-11-20,0.0
1948-11-21,0.0
1948-11-22,0.0
1948-11-23,0.5296725630760193
1948-11-24,8.296703338623047
1948-11-25,0.0
1948-11-26,1.5677495002746582
1948-11-27,0.0
1948-11-28,0.0
1948-11-29,0.2299894094467163
1948-11-30,1.3582735061645508
1948-12-01,0.1732908934354782
1948-12-02,1.199172854423523
1948-12-03,0.1594276130199432
1948-12-04,0.0
1948-12-05,0.0
1948-12-06,0.0
1948-12-07,8.134610176086426
1948-12-08,1.4474412202835083
1948-12-09,0.0
1948-12-10,0.0
1948-12-11,0.0
1948-12-12,0.0
1948-12-13,0.0
1948-12-14,0.0
1948-12-15,0.0
1948-12-16,0.0
1948-12-17,0.0
1948-12-18,0.0
1948-12-19,10.454638481140137
1948-12-20,47.98030090332031
1948-12-21,6.2303338050842285
1948-12-22,0.0
1948-12-23,0.0
1948-12-24,0.0
1948-12-25,0.0
1948-12-26,0.0
1948-12-27,0.0
1948-12-28,0.0
1948-12-29,0.1951425224542617
1948-12-30,0.0
1948-12-31,0.0
1949-01-01,0.0
1949-01-02,0.0
1949-01-03,0.0
1949-01-04,0.0
1949-01-05,0.0
1949-01-06,0.0
1949-01-07,0.0
1949-01-08,0.0
1949-01-09,0.0
1949-01-10,0.0
1949-01-11,0.0
1949-01-12,0.0
1949-01-13,0.0
1949-01-14,0.0
1949-01-15,0.0
1949-01-16,0.0
1949-01-17,0.0
1949-01-18,0.0
1949-01-19,0.0
1949-01-20,0.0
1949-01-21,0.0
1949-01-22,0.0
1949-01-23,0.0
1949-01-24,0.0
1949-01-25,0.0
1949-01-26,0.0
1949-01-27,0.0
1949-01-28,0.0
1949-01-29,0.0
1949-01-30,0.0
1949-01-31,0.0
1949-02-01,0.0
1949-02-02,0.0
1949-02-03,0.0
1949-02-04,0.0
1949-02-05,0.0
1949-02-06,0.0
1949-02-07,0.0
1949-02-08,0.0
1949-02-09,0.1386327147483825
1949-02-10,0.0
1949-02-11,0.0
1949-02-12,0.0
1949-02-13,0.0
1949-02-14,0.0
1949-02-15,0.0
1949-02-16,0.0
1949-02-17,0.0
1949-02-18,0.0
1949-02-19,0.0
1949-02-20,0.0
1949-02-21,0.0
1949-02-22,0.0
1949-02-23,0.0
1949-02-24,0.0
1949-02-25,0.0
1949-02-26,0.0
1949-02-27,0.0
1949-02-28,0.0
1949-03-01,0.0
1949-03-02,0.0
1949-03-03,0.0
1949-03-04,0.0
1949-03-05,0.0
1949-03-06,0.0
1949-03-07,0.0
1949-03-08,0.0
1949-03-09,0.0
1949-03-10,0.0
1949-03-11,0.0
1949-03-12,0.0
1949-03-13,0.0
1949-03-14,0.0
1949-03-15,0.0
1949-03-16,0.0
1949-03-17,0.0
1949-03-18,0.0
1949-03-19,0.0
1949-03-20,0.0
1949-03-21,0.0
1949-03-22,0.0
1949-03-23,0.0
1949-03-24,0.0
1949-03-25,0.0
1949-03-26,0.0
1949-03-27,0.0
1949-03-28,0.0
1949-03-29,0.0
1949-03-30,0.0
1949-03-31,0.0
1949-04-01,0.0
1949-04-02,5.015125274658203
1949-04-03,0.0
1949-04-04,0.0
1949-04-05,0.0
1949-04-06,0.0
1949-04-07,0.3161125481128692
1949-04-08,0.0
1949-04-09,0.0
1949-04-10,0.0
1949-04-11,0.0
1949-04-12,0.0
1949-04-13,0.0
1949-04-14,0.0
1949-04-15,0.0
1949-04-16,0.0
1949-04-17,0.0
1949-04-18,0.0
1949-04-19,0.0
1949-04-20,0.0
1949-04-21,0.0
1949-04-22,0.0
1949-04-23,0.0
1949-04-24,0.0
1949-04-25,0.0
1949-04-26,0.0
1949-04-27,0.0
1949-04-28,0.0
1949-04-29,0.0
1949-04-30,0.0
1949-05-01,0.0
1949-05-02,0.0
1949-05-03,0.0
1949-05-04,0.0
1949-05-05,0.0
1949-05-06,0.0
1949-05-07,0.0
1949-05-08,0.0
1949-05-09,0.0
1949-05-10,0.0
1949-05-11,0.0
1949-05-12,0.0
1949-05-13,16.395431518554688
1949-05-14,0.6899682283401489
1949-05-15,0.0
1949-05-16,0.0
1949-05-17,0.0
1949-05-18,0.0
1949-05-19,0.0
1949-05-20,1.0967457294464111
1949-05-21,22.194433212280277
1949-05-22,4.6329755783081055
1949-05-23,0.0
1949-05-24,0.0
1949-05-25,0.0
1949-05-26,0.0
1949-05-27,0.0
1949-05-28,0.0
1949-05-29,0.0
1949-05-30,0.0
1949-05-31,0.0
1949-06-01,27.95787048339844
1949-06-02,2.348134994506836
1949-06-03,4.651612281799316
1949-06-04,31.647762298583984
1949-06-05,3.4653589725494385
1949-06-06,0.3677394688129425
1949-06-07,0.0
1949-06-08,0.0
1949-06-09,0.0
1949-06-10,0.0
1949-06-11,0.0
1949-06-12,1.5750789642333984
1949-06-13,0.0
1949-06-14,0.0
1949-06-15,0.0
1949-06-16,0.0
1949-06-17,0.1602956354618072
1949-06-18,4.174719333648682
1949-06-19,9.033783912658691
1949-06-20,0.0
1949-06-21,0.6196561455726624
1949-06-22,0.0
1949-06-23,0.0
1949-06-24,0.3736961483955383
1949-06-25,0.0
1949-06-26,0.0
1949-06-27,0.0
1949-06-28,0.0
1949-06-29,0.0
1949-06-30,0.0
1949-07-01,0.8502638936042786
1949-07-02,0.0
1949-07-03,0.1252734363079071
1949-07-04,0.3554381430149078
1949-07-05,0.0
1949-07-06,0.0
1949-07-07,11.530387878417969
1949-07-08,2.8151636123657227
1949-07-09,2.5951409339904785
1949-07-10,24.739280700683597
1949-07-11,4.699775218963623
1949-07-12,14.62412166595459
1949-07-13,1.0261645317077637
1949-07-14,0.0
1949-07-15,0.3345300555229187
1949-07-16,0.0
1949-07-17,11.908398628234863
1949-07-18,1.754169225692749
1949-07-19,0.0
1949-07-20,0.1185623705387115
1949-07-21,0.0
1949-07-22,14.207701683044434
1949-07-23,11.057577133178713
1949-07-24,12.159984588623049
1949-07-25,0.0
1949-07-26,0.0
1949-07-27,4.696269989013672
1949-07-28,7.352939605712891
1949-07-29,1.4280411005020142
1949-07-30,0.0
1949-07-31,0.0
1949-08-01,0.0
1949-08-02,0.0
1949-08-03,15.09515380859375
1949-08-04,30.45492935180664
1949-08-05,2.522413969039917
1949-08-06,22.24152565002441
1949-08-07,43.52545928955078
1949-08-08,12.44605541229248
1949-08-09,0.3636113703250885
1949-08-10,0.0
1949-08-11,0.0
1949-08-12,0.0
1949-08-13,0.0
1949-08-14,0.0
1949-08-15,0.0
1949-08-16,0.0
1949-08-17,0.0
1949-08-18,0.3756669461727142
1949-08-19,0.0
1949-08-20,0.0
1949-08-21,0.6487374305725098
1949-08-22,0.0
1949-08-23,0.0
1949-08-24,0.0
1949-08-25,10.531042098999023
1949-08-26,55.37798309326172
1949-08-27,6.392982006072998
1949-08-28,17.342409133911133
1949-08-29,0.8564966320991516
1949-08-30,0.5129410624504089
1949-08-31,0.0
1949-09-01,0.0
1949-09-02,0.0
1949-09-03,0.3889263868331909
1949-09-04,0.2530984282493591
1949-09-05,5.058080196380615
1949-09-06,0.0
1949-09-07,6.976457595825195
1949-09-08,0.5268042683601379
1949-09-09,0.0
1949-09-10,9.14095401763916
1949-09-11,1.546320915222168
1949-09-12,34.24903106689453
1949-09-13,0.0
1949-09-14,0.0
1949-09-15,0.0
1949-09-16,0.0
1949-09-17,4.893075942993164
1949-09-18,0.0
1949-09-19,3.5937228202819824
1949-09-20,3.8226397037506095
1949-09-21,0.0
1949-09-22,0.0
1949-09-23,0.0
1949-09-24,0.0
1949-09-25,0.0
1949-09-26,0.0
1949-09-27,0.0
1949-09-28,0.0
1949-09-29,0.0
1949-09-30,0.0
1949-10-01,0.0
1949-10-02,0.0
1949-10-03,0.0
1949-10-04,0.0
1949-10-05,8.229199409484863
1949-10-06,5.045193672180176
1949-10-07,1.000661015510559
1949-10-08,0.6307788491249084
1949-10-09,0.0
1949-10-10,0.0
1949-10-11,0.0
1949-10-12,0.0
1949-10-13,0.0
1949-10-14,0.0
1949-10-15,0.0
1949-10-16,0.7225592732429504
1949-10-17,4.696269989013672
1949-10-18,0.1951425224542617
1949-10-19,0.1479387730360031
1949-10-20,9.790730476379396
1949-10-21,2.967588424682617
1949-10-22,1.717991590499878
1949-10-23,0.0
1949-10-24,0.6887227892875671
1949-10-25,0.0
1949-10-26,0.0
1949-10-27,0.0
1949-10-28,0.0
1949-10-29,0.0
1949-10-30,0.0
1949-10-31,0.4251319468021393
1949-11-01,3.868835687637329
1949-11-02,1.49556303024292
1949-11-03,0.0
1949-11-04,0.0
1949-11-05,0.0
1949-11-06,0.0
1949-11-07,0.0
1949-11-08,0.0
1949-11-09,0.0
1949-11-10,0.0
1949-11-11,0.0
1949-11-12,0.0
1949-11-13,0.0
1949-11-14,0.0
1949-11-15,0.0
1949-11-16,30.971189498901367
1949-11-17,21.03392219543457
1949-11-18,12.213815689086914
1949-11-19,6.751039505004883
1949-11-20,40.32344055175781
1949-11-21,2.5704705715179443
1949-11-22,0.3321511745452881
1949-11-23,0.0
1949-11-24,0.0
1949-11-25,0.0
1949-11-26,27.506725311279297
1949-11-27,3.516855478286743
1949-11-28,1.3429760932922363
1949-11-29,0.0
1949-11-30,0.0
1949-12-01,0.0
1949-12-02,0.0
1949-12-03,0.0
1949-12-04,0.0
1949-12-05,0.0
1949-12-06,0.0
1949-12-07,0.0
1949-12-08,0.0
1949-12-09,0.0
1949-12-10,0.0
1949-12-11,0.0
1949-12-12,0.0
1949-12-13,0.0
1949-12-14,0.0
1949-12-15,0.0
1949-12-16,0.0
1949-12-17,0.0
1949-12-18,0.0
1949-12-19,0.0
1949-12-20,0.0
1949-12-21,0.0
1949-12-22,0.0
1949-12-23,0.0
1949-12-24,0.0
1949-12-25,0.0
1949-12-26,0.0
1949-12-27,0.4599788188934326
1949-12-28,0.0
1949-12-29,0.0
1949-12-30,0.0
1949-12-31,0.0
1950-01-01,0.0
1950-01-02,0.0
1950-01-03,0.0
1950-01-04,0.0
1950-01-05,0.0
1950-01-06,0.0
1950-01-07,0.0
1950-01-08,0.0
1950-01-09,0.0
1950-01-10,0.3148210346698761
1950-01-11,0.0
1950-01-12,0.0
1950-01-13,0.0
1950-01-14,0.0
1950-01-15,0.0
1950-01-16,0.0
1950-01-17,0.0
1950-01-18,0.0
1950-01-19,0.0
1950-01-20,0.0
1950-01-21,0.0
1950-01-22,0.0
1950-01-23,0.0
1950-01-24,0.0
1950-01-25,0.0
1950-01-26,0.0
1950-01-27,0.0
1950-01-28,0.0
1950-01-29,0.0
1950-01-30,0.0
1950-01-31,0.0
1950-02-01,0.0
1950-02-02,0.0
1950-02-03,0.0
1950-02-04,0.0
1950-02-05,0.0
1950-02-06,0.0
1950-02-07,0.0
1950-02-08,0.0
1950-02-09,0.0
1950-02-10,0.0
1950-02-11,0.0
1950-02-12,0.0
1950-02-13,0.0
1950-02-14,0.0
1950-02-15,0.0
1950-02-16,0.0
1950-02-17,0.0
1950-02-18,3.438340663909912
1950-02-19,0.0
1950-02-20,0.0
1950-02-21,0.0
1950-02-22,0.1586581915616989
1950-02-23,0.8154169917106628
1950-02-24,0.4284871518611908
1950-02-25,0.0
1950-02-26,0.0
1950-02-27,0.0
1950-02-28,0.0
1950-03-01,0.0
1950-03-02,0.0
1950-03-03,0.0
1950-03-04,0.0
1950-03-05,0.0
1950-03-06,0.0
1950-03-07,0.0
1950-03-08,0.0
1950-03-09,0.0
1950-03-10,0.0
1950-03-11,0.0
1950-03-12,0.0
1950-03-13,0.0
1950-03-14,0.0
1950-03-15,0.0
1950-03-16,0.0
1950-03-17,0.0
1950-03-18,0.0
1950-03-19,0.0
1950-03-20,0.0
1950-03-21,0.0
1950-03-22,0.0
1950-03-23,0.0
1950-03-24,0.0
1950-03-25,0.0
1950-03-26,0.0
1950-03-27,0.0
1950-03-28,0.0
1950-03-29,0.0
1950-03-30,0.0
1950-03-31,0.0
1950-04-01,0.0
1950-04-02,0.0
1950-04-03,0.0
1950-04-04,0.0
1950-04-05,0.0
1950-04-06,0.0
1950-04-07,0.0
1950-04-08,0.0
1950-04-09,0.0
1950-04-10,0.0
1950-04-11,0.0
1950-04-12,0.0
1950-04-13,0.0
1950-04-14,0.0
1950-04-15,0.0
1950-04-16,0.0
1950-04-17,0.0
1950-04-18,0.0
1950-04-19,0.0
1950-04-20,0.0
1950-04-21,0.0
1950-04-22,0.0
1950-04-23,0.0
1950-04-24,0.0
1950-04-25,0.0
1950-04-26,0.0
1950-04-27,0.0
1950-04-28,0.0
1950-04-29,0.0
1950-04-30,0.0
1950-05-01,0.0
1950-05-02,0.0
1950-05-03,0.0
1950-05-04,0.0
1950-05-05,0.0
1950-05-06,0.0
1950-05-07,0.0
1950-05-08,0.0
1950-05-09,0.0
1950-05-10,0.0
1950-05-11,0.0
1950-05-12,0.0
1950-05-13,0.0
1950-05-14,0.0
1950-05-15,0.4451720118522644
1950-05-16,0.0
1950-05-17,20.881629943847656
1950-05-18,0.0
1950-05-19,0.2508975267410278
1950-05-20,0.0
1950-05-21,0.0
1950-05-22,0.0
1950-05-23,0.0
1950-05-24,5.260223388671875
1950-05-25,41.34966659545898
1950-05-26,11.564010620117188
1950-05-27,2.450616836547852
1950-05-28,0.3556088209152221
1950-05-29,3.6632819175720215
1950-05-30,0.4251319468021393
1950-05-31,0.0
1950-06-01,0.0
1950-06-02,0.0
1950-06-03,0.0
1950-06-04,3.8576505184173584
1950-06-05,0.6307788491249084
1950-06-06,4.025374412536621
1950-06-07,0.2980603575706482
1950-06-08,0.0
1950-06-09,0.3327185213565826
1950-06-10,0.0
1950-06-11,0.0
1950-06-12,0.0
1950-06-13,0.0
1950-06-14,10.231159210205078
1950-06-15,0.0
1950-06-16,2.040302038192749
1950-06-17,0.1323304772377014
1950-06-18,0.0
1950-06-19,0.0
1950-06-20,0.0
1950-06-21,0.0
1950-06-22,0.0
1950-06-23,0.0
1950-06-24,0.0
1950-06-25,0.0
1950-06-26,0.0
1950-06-27,0.1308683454990387
1950-06-28,0.0
1950-06-29,0.0
1950-06-30,0.1393875181674957
1950-07-01,0.0
1950-07-02,0.0
1950-07-03,0.0
1950-07-04,16.098169326782227
1950-07-05,0.755925714969635
1950-07-06,0.0
1950-07-07,0.7627817988395691
1950-07-08,1.2579295635223389
1950-07-09,0.0
1950-07-10,0.0
1950-07-11,0.0
1950-07-12,0.0
1950-07-13,0.0
1950-07-14,4.205976963043213
1950-07-15,0.0
1950-07-16,8.566113471984863
1950-07-17,16.760000228881836
1950-07-18,0.6139617562294006
1950-07-19,0.0
1950-07-20,0.0
1950-07-21,0.0
1950-07-22,6.809430599212647
1950-07-23,0.0
1950-07-24,0.0
1950-07-25,0.1803357452154159
1950-07-26,0.0
1950-07-27,0.0
1950-07-28,0.0
1950-07-29,0.0
1950-07-30,42.290409088134766
1950-07-31,2.62211012840271
1950-08-01,0.0
1950-08-02,11.928794860839844
1950-08-03,0.0
1950-08-04,0.2117472290992736
1950-08-05,0.0
1950-08-06,0.0
1950-08-07,0.7365649342536926
1950-08-08,2.884103775024414
1950-08-09,0.0
1950-08-10,0.0
1950-08-11,0.0
1950-08-12,0.0
1950-08-13,0.6185383796691895
1950-08-14,0.0
1950-08-15,0.2843102812767029
1950-08-16,0.9194669723510742
1950-08-17,0.0
1950-08-18,0.0
1950-08-19,0.0
1950-08-20,0.2662060558795929
1950-08-21,10.18377685546875
1950-08-22,76.0494155883789
1950-08-23,1.0894200801849363
1950-08-24,0.0
1950-08-25,0.0
1950-08-26,0.0
1950-08-27,0.1045406386256218
1950-08-28,0.0
1950-08-29,0.3746102452278137
1950-08-30,0.8825066685676575
1950-08-31,3.689800262451172
1950-09-01,22.810457229614254
1950-09-02,0.6274067163467407
1950-09-03,0.0
1950-09-04,3.606064796447754
1950-09-05,6.923523426055908
1950-09-06,12.615938186645508
1950-09-07,1.6138626337051392
1950-09-08,1.9064829349517824
1950-09-09,0.0
1950-09-10,0.0
1950-09-11,0.0
1950-09-12,0.1247694417834281
1950-09-13,0.0
1950-09-14,0.0
1950-09-15,0.0
1950-09-16,0.0
1950-09-17,4.027664661407471
1950-09-18,2.1296732425689697
1950-09-19,0.1431696414947509
1950-09-20,0.5099117159843445
1950-09-21,0.0
1950-09-22,3.742877244949341
1950-09-23,3.1867547035217285
1950-09-24,0.7248150706291199
1950-09-25,0.0
1950-09-26,66.09390258789062
1950-09-27,0.7646385431289673
1950-09-28,1.457974910736084
1950-09-29,0.0
1950-09-30,0.0
1950-10-01,0.3327185213565826
1950-10-02,8.896074295043945
1950-10-03,1.053608536720276
1950-10-04,0.4184181690216064
1950-10-05,0.0
1950-10-06,5.954199314117432
1950-10-07,1.9239869117736816
1950-10-08,0.0
1950-10-09,3.670190095901489
1950-10-10,0.9704289436340332
1950-10-11,6.155817031860352
1950-10-12,0.7555482983589172
1950-10-13,0.9017919301986694
1950-10-14,0.0
1950-10-15,1.8725732564926147
1950-10-16,10.16892433166504
1950-10-17,3.2919952869415283
1950-10-18,0.174234390258789
1950-10-19,0.0
1950-10-20,4.474076747894287
1950-10-21,0.0
1950-10-22,0.2090812772512436
1950-10-23,0.0
1950-10-24,0.0
1950-10-25,0.0
1950-10-26,0.0
1950-10-27,0.0
1950-10-28,0.0
1950-10-29,0.0
1950-10-30,0.0
1950-10-31,0.0
1950-11-01,4.6879496574401855
1950-11-02,1.1095051765441897
1950-11-03,1.2461814880371094
1950-11-04,0.0
1950-11-05,0.0
1950-11-06,0.0
1950-11-07,0.0
1950-11-08,0.7416849732398987
1950-11-09,2.216261386871338
1950-11-10,0.590925395488739
1950-11-11,0.0
1950-11-12,0.9408657550811768
1950-11-13,2.164148569107056
1950-11-14,2.1022579669952397
1950-11-15,9.185803413391112
1950-11-16,0.1953131705522537
1950-11-17,0.0
1950-11-18,0.0
1950-11-19,0.0
1950-11-20,0.0
1950-11-21,0.0
1950-11-22,0.3553249835968017
1950-11-23,0.0
1950-11-24,0.0
1950-11-25,0.0
1950-11-26,0.0
1950-11-27,0.0
1950-11-28,0.0
1950-11-29,0.0
1950-11-30,0.0
1950-12-01,0.0
1950-12-02,0.0
1950-12-03,0.0
1950-12-04,0.0
1950-12-05,0.0
1950-12-06,0.0
1950-12-07,0.0
1950-12-08,0.0
1950-12-09,0.0
1950-12-10,0.0
1950-12-11,0.0
1950-12-12,22.13956069946289
1950-12-13,37.622032165527344
1950-12-14,7.620378017425537
1950-12-15,0.0
1950-12-16,0.0
1950-12-17,0.0
1950-12-18,0.0
1950-12-19,0.0
1950-12-20,0.0
1950-12-21,0.0
1950-12-22,0.0
1950-12-23,0.0
1950-12-24,0.0
1950-12-25,0.0
1950-12-26,0.0
1950-12-27,0.0
1950-12-28,0.0
1950-12-29,0.0
1950-12-30,0.0
1950-12-31,0.3205912709236145
1951-01-01,0.1923842132091522
1951-01-02,0.0
1951-01-03,0.0
1951-01-04,0.0
1951-01-05,0.0
1951-01-06,0.0
1951-01-07,0.0
1951-01-08,1.1611320972442627
1951-01-09,0.564519464969635
1951-01-10,0.0
1951-01-11,0.0
1951-01-12,0.0
1951-01-13,0.0
1951-01-14,0.0
1951-01-15,0.0
1951-01-16,0.0
1951-01-17,0.0
1951-01-18,0.0
1951-01-19,0.0
1951-01-20,0.0
1951-01-21,0.0
1951-01-22,0.0
1951-01-23,0.0
1951-01-24,0.0
1951-01-25,0.0
1951-01-26,0.0
1951-01-27,0.0
1951-01-28,0.0
1951-01-29,0.0
1951-01-30,0.0
1951-01-31,0.0
1951-02-01,0.0
1951-02-02,0.0
1951-02-03,0.0
1951-02-04,0.0
1951-02-05,0.0
1951-02-06,0.0
1951-02-07,0.0
1951-02-08,0.0
1951-02-09,0.0
1951-02-10,0.0
1951-02-11,0.0
1951-02-12,0.0
1951-02-13,0.0
1951-02-14,0.0
1951-02-15,0.0
1951-02-16,0.0
1951-02-17,0.0
1951-02-18,0.0
1951-02-19,0.0
1951-02-20,0.0
1951-02-21,0.0
1951-02-22,0.0
1951-02-23,0.0
1951-02-24,0.0
1951-02-25,0.0
1951-02-26,0.0
1951-02-27,0.0
1951-02-28,0.0
1951-03-01,0.0
1951-03-02,0.0
1951-03-03,0.0
1951-03-04,0.0
1951-03-05,0.0
1951-03-06,0.0
1951-03-07,0.0
1951-03-08,0.0
1951-03-09,0.0
1951-03-10,0.0
1951-03-11,0.0
1951-03-12,0.0
1951-03-13,0.0
1951-03-14,0.0
1951-03-15,0.0
1951-03-16,0.0
1951-03-17,0.0
1951-03-18,0.0
1951-03-19,0.0
1951-03-20,0.0
1951-03-21,0.0
1951-03-22,0.0
1951-03-23,0.0
1951-03-24,0.0
1951-03-25,0.0
1951-03-26,0.0
1951-03-27,0.0
1951-03-28,0.0
1951-03-29,0.0
1951-03-30,0.0
1951-03-31,0.125241994857788
1951-04-01,0.0
1951-04-02,0.0
1951-04-03,0.0
1951-04-04,0.0
1951-04-05,0.0
1951-04-06,0.0
1951-04-07,0.0
1951-04-08,0.0
1951-04-09,0.0
1951-04-10,0.0
1951-04-11,20.38849639892578
1951-04-12,8.827125549316406
1951-04-13,0.5910177826881409
1951-04-14,0.0
1951-04-15,0.0
1951-04-16,0.0
1951-04-17,0.0
1951-04-18,37.48630142211914
1951-04-19,5.534890174865723
1951-04-20,1.0674259662628174
1951-04-21,2.592595338821411
1951-04-22,0.0
1951-04-23,0.0
1951-04-24,0.0
1951-04-25,0.0
1951-04-26,0.0
1951-04-27,0.0
1951-04-28,0.0
1951-04-29,0.0
1951-04-30,35.55747604370117
1951-05-01,0.534649133682251
1951-05-02,0.0
1951-05-03,0.0
1951-05-04,0.0
1951-05-05,0.0
1951-05-06,0.0
1951-05-07,0.0
1951-05-08,0.0
1951-05-09,0.0
1951-05-10,0.0
1951-05-11,0.0
1951-05-12,0.0
1951-05-13,0.0
1951-05-14,0.0
1951-05-15,0.0
1951-05-16,0.0
1951-05-17,0.0
1951-05-18,0.0
1951-05-19,0.0
1951-05-20,0.0
1951-05-21,15.346739768981934
1951-05-22,1.4975351095199585
1951-05-23,1.9288252592086792
1951-05-24,0.1254487633705139
1951-05-25,0.1140883117914199
1951-05-26,0.0
1951-05-27,0.0
1951-05-28,0.0
1951-05-29,0.0
1951-05-30,5.605203151702881
1951-05-31,0.0
1951-06-01,0.0
1951-06-02,0.0
1951-06-03,0.0
1951-06-04,0.0
1951-06-05,0.0
1951-06-06,0.174234390258789
1951-06-07,0.0
1951-06-08,0.1254487633705139
1951-06-09,0.0
1951-06-10,0.0
1951-06-11,0.0
1951-06-12,0.0
1951-06-13,0.1039745360612869
1951-06-14,0.5716594457626343
1951-06-15,0.0
1951-06-16,0.0
1951-06-17,0.0
1951-06-18,0.9548044800758362
1951-06-19,6.576166152954102
1951-06-20,0.0
1951-06-21,1.095500349998474
1951-06-22,0.0
1951-06-23,0.0
1951-06-24,0.0
1951-06-25,0.0
1951-06-26,0.0
1951-06-27,0.0
1951-06-28,0.0
1951-06-29,0.0
1951-06-30,0.0
1951-07-01,0.0
1951-07-02,2.5158591270446777
1951-07-03,0.0
1951-07-04,0.1655399054288864
1951-07-05,0.3914794921875
1951-07-06,0.2515859007835388
1951-07-07,27.744144439697266
1951-07-08,0.1602956354618072
1951-07-09,0.8008551597595215
1951-07-10,0.0
1951-07-11,0.0
1951-07-12,0.0
1951-07-13,0.2505468726158142
1951-07-14,0.0
1951-07-15,0.0
1951-07-16,16.334550857543945
1951-07-17,0.1086687296628952
1951-07-18,2.9277405738830566
1951-07-19,0.0
1951-07-20,0.0
1951-07-21,0.0
1951-07-22,0.0
1951-07-23,0.1492811441421508
1951-07-24,3.245978832244873
1951-07-25,0.9190895557403564
1951-07-26,0.0
1951-07-27,0.0
1951-07-28,0.0
1951-07-29,0.6760294437408447
1951-07-30,0.7886868119239807
1951-07-31,3.019030809402466
1951-08-01,0.0
1951-08-02,0.0
1951-08-03,0.0
1951-08-04,0.4193098545074463
1951-08-05,0.0
1951-08-06,0.0
1951-08-07,0.0
1951-08-08,0.2299894094467163
1951-08-09,1.2057019472122192
1951-08-10,0.0
1951-08-11,0.0
1951-08-12,2.012665033340454
1951-08-13,12.36157512664795
1951-08-14,3.694561719894409
1951-08-15,43.71870803833008
1951-08-16,0.0
1951-08-17,0.0
1951-08-18,0.0
1951-08-19,0.0
1951-08-20,0.0
1951-08-21,5.740969181060791
1951-08-22,5.8390302658081055
1951-08-23,0.0
1951-08-24,4.432864189147949
1951-08-25,0.6307788491249084
1951-08-26,4.288145542144775
1951-08-27,12.780892372131348
1951-08-28,0.0
1951-08-29,51.14692687988281
1951-08-30,5.598897457122803
1951-08-31,0.0
1951-09-01,0.0
1951-09-02,0.0
1951-09-03,0.0
1951-09-04,0.0
1951-09-05,0.0
1951-09-06,0.0
1951-09-07,0.0
1951-09-08,0.0
1951-09-09,0.0
1951-09-10,0.0
1951-09-11,25.825822830200195
1951-09-12,8.89610481262207
1951-09-13,0.0
1951-09-14,6.612871170043945
1951-09-15,0.0
1951-09-16,0.0
1951-09-17,0.0
1951-09-18,0.0
1951-09-19,0.0
1951-09-20,0.0
1951-09-21,0.0
1951-09-22,0.0
1951-09-23,0.0
1951-09-24,0.0
1951-09-25,0.0
1951-09-26,0.2285225838422775
1951-09-27,5.369492530822754
1951-09-28,1.9528499841690063
1951-09-29,1.8003287315368652
1951-09-30,6.224094867706299
1951-10-01,0.0
1951-10-02,0.1140883117914199
1951-10-03,0.0
1951-10-04,0.0
1951-10-05,0.0
1951-10-06,10.699893951416016
1951-10-07,0.0
1951-10-08,0.4193098545074463
1951-10-09,0.0
1951-10-10,1.1437199115753174
1951-10-11,0.4808869361877441
1951-10-12,0.0
1951-10-13,0.1990952640771865
1951-10-14,0.0
1951-10-15,6.300997734069824
1951-10-16,0.0
1951-10-17,0.0
1951-10-18,0.0
1951-10-19,0.0
1951-10-20,6.564259052276611
1951-10-21,0.2508975267410278
1951-10-22,0.7296163439750671
1951-10-23,0.810291588306427
1951-10-24,0.0
1951-10-25,0.0
1951-10-26,0.0
1951-10-27,0.0
1951-10-28,0.0
1951-10-29,21.444448471069336
1951-10-30,0.1602956354618072
1951-10-31,0.0
1951-11-01,0.0
1951-11-02,2.046616315841675
1951-11-03,0.5744749903678894
1951-11-04,0.0
1951-11-05,0.0
1951-11-06,16.68326187133789
1951-11-07,12.892369270324709
1951-11-08,68.38909149169922
1951-11-09,0.0
1951-11-10,20.50826072692871
1951-11-11,1.0593451261520386
1951-11-12,0.0
1951-11-13,0.0
1951-11-14,0.0
1951-11-15,0.0
1951-11-16,0.0
1951-11-17,0.0
1951-11-18,76.02613067626953
1951-11-19,45.756980895996094
1951-11-20,1.6614556312561035
1951-11-21,8.536396026611328
1951-11-22,0.0
1951-11-23,1.7775555849075315
1951-11-24,0.0
1951-11-25,0.0
1951-11-26,0.0
1951-11-27,0.0
1951-11-28,16.095491409301758
1951-11-29,16.03389549255371
1951-11-30,13.004133224487305
1951-12-01,0.0
1951-12-02,0.0
1951-12-03,0.0
1951-12-04,0.0
1951-12-05,0.0
1951-12-06,0.0
1951-12-07,0.0
1951-12-08,0.0
1951-12-09,0.0
1951-12-10,0.0
1951-12-11,0.0
1951-12-12,0.0
1951-12-13,0.0
1951-12-14,0.0
1951-12-15,0.0
1951-12-16,0.0
1951-12-17,0.4391536116600036
1951-12-18,0.0
1951-12-19,0.0
1951-12-20,0.0
1951-12-21,0.0
1951-12-22,0.0
1951-12-23,0.0
1951-12-24,0.0
1951-12-25,0.0
1951-12-26,0.0
1951-12-27,0.0
1951-12-28,0.0
1951-12-29,0.0
1951-12-30,0.0
1951-12-31,0.0
1952-01-01,0.0
1952-01-02,0.0
1952-01-03,0.0
1952-01-04,0.0
1952-01-05,0.0
1952-01-06,0.0
1952-01-07,0.0
1952-01-08,0.0
1952-01-09,0.0
1952-01-10,0.0
1952-01-11,0.0
1952-01-12,0.0
1952-01-13,0.0
1952-01-14,0.0
1952-01-15,0.0
1952-01-16,0.0
1952-01-17,0.0
1952-01-18,0.0
1952-01-19,0.0
1952-01-20,0.0
1952-01-21,0.0
1952-01-22,0.0
1952-01-23,0.0
1952-01-24,0.0
1952-01-25,0.0
1952-01-26,0.0
1952-01-27,0.0
1952-01-28,0.7108762860298157
1952-01-29,0.8103721141815186
1952-01-30,0.1946518868207931
1952-01-31,0.491043359041214
1952-02-01,0.0
1952-02-02,0.0
1952-02-03,0.0
1952-02-04,0.0
1952-02-05,0.0
1952-02-06,0.0
1952-02-07,0.0
1952-02-08,0.0
1952-02-09,0.0
1952-02-10,0.0
1952-02-11,0.0
1952-02-12,0.0
1952-02-13,0.0
1952-02-14,0.0
1952-02-15,0.0
1952-02-16,0.0
1952-02-17,0.0
1952-02-18,0.0
1952-02-19,0.0
1952-02-20,0.0
1952-02-21,5.432296276092529
1952-02-22,7.81957483291626
1952-02-23,0.2033986896276474
1952-02-24,3.816691875457764
1952-02-25,2.4375391006469727
1952-02-26,0.3467389643192291
1952-02-27,0.0
1952-02-28,0.0
1952-02-29,0.0
1952-03-01,0.0
1952-03-02,0.0
1952-03-03,0.0
1952-03-04,0.0
1952-03-05,0.0
1952-03-06,0.0
1952-03-07,0.0
1952-03-08,0.0
1952-03-09,0.0
1952-03-10,0.0
1952-03-11,0.0
1952-03-12,0.0
1952-03-13,0.0
1952-03-14,0.0
1952-03-15,0.0
1952-03-16,0.0
1952-03-17,0.0
1952-03-18,0.0
1952-03-19,0.0
1952-03-20,0.0
1952-03-21,0.0
1952-03-22,0.0
1952-03-23,0.0
1952-03-24,0.0
1952-03-25,0.0
1952-03-26,0.0
1952-03-27,0.0
1952-03-28,0.0
1952-03-29,0.0
1952-03-30,0.0
1952-03-31,0.0
1952-04-01,0.0
1952-04-02,0.0
1952-04-03,0.0
1952-04-04,17.720680236816406
1952-04-05,0.0
1952-04-06,0.0
1952-04-07,0.0
1952-04-08,0.0
1952-04-09,0.0
1952-04-10,0.0
1952-04-11,0.0
1952-04-12,0.0
1952-04-13,0.0
1952-04-14,0.0
1952-04-15,0.0
1952-04-16,0.0
1952-04-17,0.0
1952-04-18,0.0
1952-04-19,0.0
1952-04-20,0.0
1952-04-21,0.0
1952-04-22,0.0
1952-04-23,0.0
1952-04-24,0.0
1952-04-25,0.0
1952-04-26,0.0
1952-04-27,0.0
1952-04-28,0.0
1952-04-29,0.0
1952-04-30,0.0
1952-05-01,0.0
1952-05-02,0.0
1952-05-03,0.0
1952-05-04,0.0
1952-05-05,0.0
1952-05-06,0.0
1952-05-07,0.0
1952-05-08,0.0
1952-05-09,0.0
1952-05-10,0.0
1952-05-11,0.0
1952-05-12,0.0
1952-05-13,0.0
1952-05-14,0.0
1952-05-15,0.0
1952-05-16,0.0
1952-05-17,0.0
1952-05-18,0.0
1952-05-19,0.0
1952-05-20,0.0
1952-05-21,30.099761962890625
1952-05-22,12.774408340454102
1952-05-23,0.0
1952-05-24,0.0
1952-05-25,0.0
1952-05-26,0.7335227131843567
1952-05-27,0.0
1952-05-28,0.638119637966156
1952-05-29,0.0
1952-05-30,0.0
1952-05-31,0.0
1952-06-01,0.0
1952-06-02,0.0
1952-06-03,0.0
1952-06-04,0.0
1952-06-05,0.0
1952-06-06,0.1700139492750167
1952-06-07,0.1254487633705139
1952-06-08,0.0
1952-06-09,0.0
1952-06-10,0.0
1952-06-11,0.0
1952-06-12,0.0
1952-06-13,0.0
1952-06-14,0.0
1952-06-15,0.0
1952-06-16,0.2648362815380096
1952-06-17,0.7365649342536926
1952-06-18,0.0
1952-06-19,0.0
1952-06-20,0.0
1952-06-21,1.4753354787826538
1952-06-22,0.1602956354618072
1952-06-23,7.268055438995361
1952-06-24,0.0
1952-06-25,0.8502638936042786
1952-06-26,0.0
1952-06-27,0.0
1952-06-28,12.076315879821776
1952-06-29,0.0
1952-06-30,0.0
1952-07-01,0.0
1952-07-02,0.0
1952-07-03,0.0
1952-07-04,0.4042238295078277
1952-07-05,0.0
1952-07-06,0.0
1952-07-07,0.3176576495170593
1952-07-08,0.9704289436340332
1952-07-09,1.2218161821365356
1952-07-10,0.1393875181674957
1952-07-11,15.072083473205566
1952-07-12,12.159293174743652
1952-07-13,0.1364585608243942
1952-07-14,0.0
1952-07-15,0.0
1952-07-16,0.0
1952-07-17,0.5004364252090454
1952-07-18,0.0
1952-07-19,0.0
1952-07-20,0.0
1952-07-21,0.0
1952-07-22,0.0
1952-07-23,0.0
1952-07-24,0.0
1952-07-25,0.0
1952-07-26,0.0
1952-07-27,0.0
1952-07-28,2.7674450874328613
1952-07-29,0.0
1952-07-30,0.0
1952-07-31,0.0
1952-08-01,0.0
1952-08-02,0.0
1952-08-03,0.0
1952-08-04,0.0
1952-08-05,3.192577123641968
1952-08-06,0.0
1952-08-07,0.174234390258789
1952-08-08,0.0
1952-08-09,0.3789246082305908
1952-08-10,0.0
1952-08-11,0.0
1952-08-12,0.0
1952-08-13,6.792819499969482
1952-08-14,0.0
1952-08-15,0.0
1952-08-16,4.310515880584717
1952-08-17,0.6746708154678345
1952-08-18,33.02790069580078
1952-08-19,15.06483268737793
1952-08-20,0.0
1952-08-21,2.501573324203491
1952-08-22,0.0
1952-08-23,0.174234390258789
1952-08-24,0.0
1952-08-25,10.00399684906006
1952-08-26,0.9110368490219116
1952-08-27,7.763759136199951
1952-08-28,3.869802713394165
1952-08-29,12.379695892333984
1952-08-30,0.0
1952-08-31,0.0
1952-09-01,0.0
1952-09-02,0.0
1952-09-03,0.0
1952-09-04,0.0
1952-09-05,0.0
1952-09-06,0.0
1952-09-07,0.0
1952-09-08,0.0
1952-09-09,0.0
1952-09-10,0.0
1952-09-11,0.0
1952-09-12,0.0
1952-09-13,0.0
1952-09-14,0.0
1952-09-15,0.0
1952-09-16,0.0
1952-09-17,0.0
1952-09-18,0.0
1952-09-19,0.0
1952-09-20,0.0
1952-09-21,0.0
1952-09-22,0.0
1952-09-23,0.0
1952-09-24,0.0
1952-09-25,0.0
1952-09-26,1.1847939491271973
1952-09-27,0.0
1952-09-28,0.0
1952-09-29,0.0
1952-09-30,0.0
1952-10-01,0.0
1952-10-02,0.0
1952-10-03,0.2952873706817627
1952-10-04,8.846138000488281
1952-10-05,0.0
1952-10-06,0.0
1952-10-07,1.2882022857666016
1952-10-08,0.0
1952-10-09,0.0
1952-10-10,0.0
1952-10-11,0.0
1952-10-12,0.0
1952-10-13,3.641744136810303
1952-10-14,9.738900184631348
1952-10-15,25.930944442749023
1952-10-16,0.0
1952-10-17,8.55392074584961
1952-10-18,41.21600341796875
1952-10-19,41.54042816162109
1952-10-20,0.9804372787475586
1952-10-21,5.587941646575928
1952-10-22,5.767153739929199
1952-10-23,0.0
1952-10-24,0.0
1952-10-25,0.0
1952-10-26,0.0
1952-10-27,0.0
1952-10-28,0.0
1952-10-29,0.0
1952-10-30,0.0
1952-10-31,0.0
1952-11-01,0.0
1952-11-02,0.0
1952-11-03,0.0
1952-11-04,0.0
1952-11-05,0.0
1952-11-06,0.0
1952-11-07,0.0
1952-11-08,0.0
1952-11-09,0.0
1952-11-10,0.0
1952-11-11,0.0
1952-11-12,0.0
1952-11-13,0.0
1952-11-14,0.0
1952-11-15,0.0
1952-11-16,0.0
1952-11-17,0.0
1952-11-18,0.0
1952-11-19,0.0
1952-11-20,0.0
1952-11-21,0.0
1952-11-22,0.6114326119422913
1952-11-23,9.340399742126465
1952-11-24,0.0
1952-11-25,0.0
1952-11-26,0.0
1952-11-27,0.0
1952-11-28,0.0
1952-11-29,0.0
1952-11-30,2.136101007461548
1952-12-01,83.80855560302734
1952-12-02,7.640283107757568
1952-12-03,0.0
1952-12-04,1.0941920280456543
1952-12-05,0.0
1952-12-06,0.0
1952-12-07,118.91827392578124
1952-12-08,1.7377153635025024
1952-12-09,2.19789457321167
1952-12-10,0.5426689982414246
1952-12-11,0.0
1952-12-12,10.52588939666748
1952-12-13,4.144550323486328
1952-12-14,0.3555927872657776
1952-12-15,0.0
1952-12-16,0.0
1952-12-17,0.0
1952-12-18,0.0
1952-12-19,0.0
1952-12-20,0.0
1952-12-21,0.0
1952-12-22,0.0
1952-12-23,0.0
1952-12-24,13.97665309906006
1952-12-25,0.4228297472000122
1952-12-26,0.0
1952-12-27,0.0
1952-12-28,0.0
1952-12-29,0.0
1952-12-30,0.0
1952-12-31,0.0
1953-01-01,0.0
1953-01-02,0.0
1953-01-03,0.0
1953-01-04,0.0
1953-01-05,0.0
1953-01-06,0.0
1953-01-07,0.0
1953-01-08,0.0
1953-01-09,29.506237030029297
1953-01-10,0.0
1953-01-11,0.174234390258789
1953-01-12,1.6309187412261963
1953-01-13,0.0
1953-01-14,0.0
1953-01-15,0.0
1953-01-16,15.472187995910645
1953-01-17,0.5467007160186768
1953-01-18,0.0
1953-01-19,0.0
1953-01-20,0.0
1953-01-21,0.0
1953-01-22,0.0
1953-01-23,0.0
1953-01-24,0.0
1953-01-25,0.0
1953-01-26,0.0
1953-01-27,0.0
1953-01-28,0.0
1953-01-29,0.0
1953-01-30,0.0
1953-01-31,0.0
1953-02-01,0.0
1953-02-02,0.0
1953-02-03,0.0
1953-02-04,0.0
1953-02-05,0.0
1953-02-06,0.0
1953-02-07,0.0
1953-02-08,0.0
1953-02-09,0.0
1953-02-10,0.0
1953-02-11,0.0
1953-02-12,0.0
1953-02-13,0.0
1953-02-14,0.0
1953-02-15,0.0
1953-02-16,0.0
1953-02-17,0.0
1953-02-18,0.0
1953-02-19,0.0
1953-02-20,0.0
1953-02-21,0.0
1953-02-22,0.0
1953-02-23,0.4653961062431335
1953-02-24,0.0
1953-02-25,0.0
1953-02-26,0.0
1953-02-27,0.0
1953-02-28,0.0
1953-03-01,0.0
1953-03-02,0.0
1953-03-03,0.0
1953-03-04,0.0
1953-03-05,0.0
1953-03-06,0.0
1953-03-07,0.0
1953-03-08,0.0
1953-03-09,0.0
1953-03-10,0.0
1953-03-11,0.0
1953-03-12,0.0
1953-03-13,0.0
1953-03-14,0.0
1953-03-15,0.0
1953-03-16,0.0
1953-03-17,0.0
1953-03-18,0.0
1953-03-19,0.0
1953-03-20,0.0
1953-03-21,0.0
1953-03-22,0.0
1953-03-23,0.0
1953-03-24,0.0
1953-03-25,0.0
1953-03-26,0.0
1953-03-27,0.0
1953-03-28,0.0
1953-03-29,0.0
1953-03-30,0.0
1953-03-31,0.0
1953-04-01,0.0
1953-04-02,0.0
1953-04-03,0.0
1953-04-04,0.0
1953-04-05,0.0
1953-04-06,0.0
1953-04-07,0.1045406386256218
1953-04-08,0.0
1953-04-09,0.0
1953-04-10,0.0
1953-04-11,50.369422912597656
1953-04-12,0.0
1953-04-13,0.0
1953-04-14,0.0
1953-04-15,0.0
1953-04-16,1.1252872943878174
1953-04-17,10.398883819580078
1953-04-18,0.0
1953-04-19,0.0
1953-04-20,0.0
1953-04-21,0.0
1953-04-22,0.1297474950551986
1953-04-23,0.0
1953-04-24,0.0
1953-04-25,0.0
1953-04-26,0.0
1953-04-27,0.0
1953-04-28,0.0
1953-04-29,0.0
1953-04-30,0.0
1953-05-01,0.0
1953-05-02,0.0
1953-05-03,0.0
1953-05-04,0.0
1953-05-05,0.0
1953-05-06,0.0
1953-05-07,0.0
1953-05-08,0.0
1953-05-09,0.0
1953-05-10,0.0
1953-05-11,0.0
1953-05-12,0.0
1953-05-13,0.0
1953-05-14,0.0
1953-05-15,0.0
1953-05-16,0.0
1953-05-17,0.0
1953-05-18,0.0
1953-05-19,0.0
1953-05-20,0.0
1953-05-21,0.0
1953-05-22,0.0
1953-05-23,0.0
1953-05-24,0.0
1953-05-25,0.0
1953-05-26,0.0
1953-05-27,0.0
1953-05-28,0.0
1953-05-29,0.1073772311210632
1953-05-30,1.3378056287765503
1953-05-31,0.2729171216487884
1953-06-01,0.0
1953-06-02,0.0
1953-06-03,0.0
1953-06-04,0.0
1953-06-05,22.122913360595703
1953-06-06,0.0
1953-06-07,0.0
1953-06-08,0.0
1953-06-09,0.0
1953-06-10,0.0
1953-06-11,0.0
1953-06-12,0.0
1953-06-13,0.0
1953-06-14,46.35480880737305
1953-06-15,0.0
1953-06-16,0.0
1953-06-17,0.0
1953-06-18,2.3962323665618896
1953-06-19,0.0
1953-06-20,0.0
1953-06-21,0.0
1953-06-22,0.0
1953-06-23,0.0
1953-06-24,0.0
1953-06-25,47.58063507080078
1953-06-26,0.0
1953-06-27,4.101336479187012
1953-06-28,0.4024122953414917
1953-06-29,0.0
1953-06-30,0.583804726600647
1953-07-01,3.157663583755493
1953-07-02,0.0
1953-07-03,0.0
1953-07-04,0.0
1953-07-05,10.719474792480469
1953-07-06,6.443305492401123
1953-07-07,0.0
1953-07-08,3.729153871536255
1953-07-09,0.0
1953-07-10,0.0
1953-07-11,0.0
1953-07-12,5.839305400848389
1953-07-13,0.0
1953-07-14,0.0
1953-07-15,0.0
1953-07-16,0.0
1953-07-17,0.0
1953-07-18,0.0
1953-07-19,0.457487940788269
1953-07-20,1.48372220993042
1953-07-21,0.0
1953-07-22,0.0
1953-07-23,0.0
1953-07-24,0.7368487119674683
1953-07-25,12.920628547668455
1953-07-26,0.4228297472000122
1953-07-27,0.0
1953-07-28,0.7416849732398987
1953-07-29,0.4809904396533966
1953-07-30,5.20478630065918
1953-07-31,0.0
1953-08-01,0.3902850449085235
1953-08-02,0.0
1953-08-03,0.0
1953-08-04,0.0
1953-08-05,0.0
1953-08-06,0.0
1953-08-07,0.0
1953-08-08,22.608131408691406
1953-08-09,0.0
1953-08-10,0.0
1953-08-11,0.0
1953-08-12,0.0
1953-08-13,0.0
1953-08-14,0.0
1953-08-15,0.0
1953-08-16,0.0
1953-08-17,0.1254487633705139
1953-08-18,0.4599788188934326
1953-08-19,0.0
1953-08-20,0.5099117159843445
1953-08-21,0.0
1953-08-22,0.0
1953-08-23,0.0
1953-08-24,0.4317459166049957
1953-08-25,84.18535614013672
1953-08-26,0.3333978354930877
1953-08-27,62.04725646972656
1953-08-28,2.90890908241272
1953-08-29,0.0
1953-08-30,0.0
1953-08-31,9.66729736328125
1953-09-01,0.2090812772512436
1953-09-02,0.7108762860298157
1953-09-03,0.0
1953-09-04,0.0
1953-09-05,0.0
1953-09-06,0.0
1953-09-07,0.0
1953-09-08,0.0
1953-09-09,0.0
1953-09-10,0.0
1953-09-11,10.261399269104004
1953-09-12,51.09015655517578
1953-09-13,1.186397671699524
1953-09-14,0.0
1953-09-15,0.0
1953-09-16,40.75734329223633
1953-09-17,46.39493560791016
1953-09-18,0.8990724086761475
1953-09-19,27.90185546875
1953-09-20,0.0
1953-09-21,1.209789514541626
1953-09-22,16.01481819152832
1953-09-23,0.1364585608243942
1953-09-24,0.0
1953-09-25,0.0
1953-09-26,0.0
1953-09-27,0.0
1953-09-28,0.0
1953-09-29,0.0
1953-09-30,0.0
1953-10-01,0.5614624619483948
1953-10-02,0.0
1953-10-03,7.778219223022461
1953-10-04,0.3673767149448395
1953-10-05,0.0
1953-10-06,0.0
1953-10-07,0.2505468726158142
1953-10-08,0.0
1953-10-09,0.7070268392562866
1953-10-10,0.0
1953-10-11,0.2348248213529586
1953-10-12,0.0
1953-10-13,0.0
1953-10-14,3.555150270462036
1953-10-15,21.04718399047852
1953-10-16,21.37654685974121
1953-10-17,25.37332344055176
1953-10-18,21.209030151367188
1953-10-19,0.1393875181674957
1953-10-20,14.79619598388672
1953-10-21,71.93986511230469
1953-10-22,2.3473379611968994
1953-10-23,0.0
1953-10-24,0.0
1953-10-25,0.8102833032608032
1953-10-26,8.900644302368164
1953-10-27,0.1019576489925384
1953-10-28,9.537750244140623
1953-10-29,0.0
1953-10-30,45.52501678466797
1953-10-31,8.199494361877441
1953-11-01,0.0
1953-11-02,0.0
1953-11-03,0.0
1953-11-04,0.0
1953-11-05,0.0
1953-11-06,0.0
1953-11-07,0.0
1953-11-08,0.0
1953-11-09,0.0
1953-11-10,0.0
1953-11-11,0.0
1953-11-12,0.4193098545074463
1953-11-13,0.0
1953-11-14,5.314709186553955
1953-11-15,14.073379516601562
1953-11-16,0.1297474950551986
1953-11-17,0.0
1953-11-18,0.0
1953-11-19,0.0
1953-11-20,0.0
1953-11-21,0.0
1953-11-22,0.0
1953-11-23,0.0
1953-11-24,7.460105419158935
1953-11-25,0.264345645904541
1953-11-26,17.01991081237793
1953-11-27,35.39133071899414
1953-11-28,7.687700271606445
1953-11-29,0.0
1953-11-30,0.0
1953-12-01,0.0
1953-12-02,0.0
1953-12-03,0.0
1953-12-04,0.0
1953-12-05,0.0
1953-12-06,0.0
1953-12-07,0.0
1953-12-08,0.0
1953-12-09,0.0
1953-12-10,0.0
1953-12-11,0.0
1953-12-12,0.0
1953-12-13,0.0
1953-12-14,0.2090812772512436
1953-12-15,19.65370178222656
1953-12-16,0.174234390258789
1953-12-17,0.0
1953-12-18,0.0
1953-12-19,0.0
1953-12-20,0.0
1953-12-21,0.0
1953-12-22,0.0
1953-12-23,0.0
1953-12-24,0.0
1953-12-25,0.0
1953-12-26,8.625324249267578
1953-12-27,0.7479218244552612
1953-12-28,2.266165971755981
1953-12-29,0.0
1953-12-30,0.0
1953-12-31,0.0
1954-01-01,0.0
1954-01-02,0.0
1954-01-03,0.1951425224542617
1954-01-04,17.99498176574707
1954-01-05,7.807345867156982
1954-01-06,23.264917373657227
1954-01-07,0.7495006918907166
1954-01-08,1.279578685760498
1954-01-09,0.0
1954-01-10,0.2515859007835388
1954-01-11,22.18243789672852
1954-01-12,12.993729591369627
1954-01-13,0.1310389786958694
1954-01-14,0.0
1954-01-15,0.0
1954-01-16,0.0
1954-01-17,0.0
1954-01-18,0.0
1954-01-19,0.0
1954-01-20,0.0
1954-01-21,0.0
1954-01-22,0.0
1954-01-23,0.0
1954-01-24,0.0
1954-01-25,0.0
1954-01-26,0.0
1954-01-27,0.0
1954-01-28,0.0
1954-01-29,0.0
1954-01-30,0.0
1954-01-31,0.0
1954-02-01,0.8642025589942932
1954-02-02,0.6342132091522217
1954-02-03,0.0
1954-02-04,0.0
1954-02-05,0.0
1954-02-06,0.0
1954-02-07,0.0
1954-02-08,0.0
1954-02-09,0.0
1954-02-10,0.0
1954-02-11,0.0
1954-02-12,0.0
1954-02-13,0.0
1954-02-14,0.0
1954-02-15,0.0
1954-02-16,0.0
1954-02-17,0.0
1954-02-18,0.0
1954-02-19,0.0
1954-02-20,0.0
1954-02-21,0.0
1954-02-22,0.0
1954-02-23,0.0
1954-02-24,0.0
1954-02-25,0.0
1954-02-26,0.0
1954-02-27,0.0
1954-02-28,0.0
1954-03-01,0.0
1954-03-02,0.0
1954-03-03,0.0
1954-03-04,0.0
1954-03-05,0.0
1954-03-06,0.0
1954-03-07,0.0
1954-03-08,0.0
1954-03-09,0.0
1954-03-10,0.0
1954-03-11,0.0
1954-03-12,0.0
1954-03-13,76.971435546875
1954-03-14,51.60780715942383
1954-03-15,0.5458342432975769
1954-03-16,1.7896205186843872
1954-03-17,0.0
1954-03-18,0.0
1954-03-19,0.0
1954-03-20,0.0
1954-03-21,0.0
1954-03-22,0.0
1954-03-23,0.0
1954-03-24,0.0
1954-03-25,0.4460400342941284
1954-03-26,0.0
1954-03-27,0.0
1954-03-28,0.0
1954-03-29,0.0
1954-03-30,0.0
1954-03-31,0.0
1954-04-01,0.0
1954-04-02,0.0
1954-04-03,0.0
1954-04-04,0.0
1954-04-05,0.0
1954-04-06,0.0
1954-04-07,0.0
1954-04-08,0.0
1954-04-09,0.0
1954-04-10,0.0
1954-04-11,0.0
1954-04-12,0.0
1954-04-13,0.5458342432975769
1954-04-14,1.7896205186843872
1954-04-15,0.0
1954-04-16,0.0
1954-04-17,0.0
1954-04-18,0.0
1954-04-19,0.0
1954-04-20,0.0
1954-04-21,0.0
1954-04-22,12.672277450561523
1954-04-23,1.1098164319992063
1954-04-24,0.0
1954-04-25,0.0
1954-04-26,0.0
1954-04-27,0.0
1954-04-28,0.0
1954-04-29,0.0
1954-04-30,0.0
1954-05-01,0.0
1954-05-02,0.0
1954-05-03,0.0
1954-05-04,0.0
1954-05-05,0.0
1954-05-06,0.0
1954-05-07,0.0
1954-05-08,0.0
1954-05-09,0.0
1954-05-10,0.0
1954-05-11,0.0
1954-05-12,0.0
1954-05-13,0.0
1954-05-14,0.0
1954-05-15,0.0
1954-05-16,0.0
1954-05-17,0.0
1954-05-18,0.0
1954-05-19,0.0
1954-05-20,0.0
1954-05-21,0.0
1954-05-22,0.0
1954-05-23,0.0
1954-05-24,0.0
1954-05-25,0.0
1954-05-26,0.0
1954-05-27,0.0
1954-05-28,0.0
1954-05-29,0.1602956354618072
1954-05-30,4.570133209228516
1954-05-31,0.0
1954-06-01,0.0
1954-06-02,0.0
1954-06-03,0.0
1954-06-04,0.0
1954-06-05,0.0
1954-06-06,0.0
1954-06-07,0.0
1954-06-08,0.0
1954-06-09,0.0
1954-06-10,8.812246322631836
1954-06-11,3.7235591411590576
1954-06-12,0.0
1954-06-13,0.0
1954-06-14,0.0
1954-06-15,0.0
1954-06-16,0.0
1954-06-17,0.0
1954-06-18,0.0
1954-06-19,0.0
1954-06-20,0.0
1954-06-21,0.0
1954-06-22,0.0
1954-06-23,0.0
1954-06-24,0.0
1954-06-25,0.0
1954-06-26,0.6708957552909851
1954-06-27,0.0
1954-06-28,0.0
1954-06-29,0.0
1954-06-30,0.0
1954-07-01,18.517627716064453
1954-07-02,19.571916580200195
1954-07-03,0.4814740121364593
1954-07-04,0.0
1954-07-05,0.0
1954-07-06,0.0
1954-07-07,0.0
1954-07-08,0.0
1954-07-09,0.0
1954-07-10,0.0
1954-07-11,0.0
1954-07-12,0.0
1954-07-13,0.0
1954-07-14,0.0
1954-07-15,0.0
1954-07-16,0.0
1954-07-17,1.0744035243988037
1954-07-18,13.80703353881836
1954-07-19,0.4039561152458191
1954-07-20,0.0
1954-07-21,0.0
1954-07-22,0.0
1954-07-23,3.193264961242676
1954-07-24,68.53797149658203
1954-07-25,11.607917785644531
1954-07-26,21.96874046325684
1954-07-27,0.0
1954-07-28,15.09515380859375
1954-07-29,2.24393367767334
1954-07-30,9.067160606384276
1954-07-31,0.0
1954-08-01,0.0
1954-08-02,0.0
1954-08-03,0.0
1954-08-04,0.0
1954-08-05,0.1045406386256218
1954-08-06,0.2158753126859665
1954-08-07,1.0902055501937866
1954-08-08,2.455629348754883
1954-08-09,0.0
1954-08-10,0.0
1954-08-11,0.8947470784187317
1954-08-12,0.307340919971466
1954-08-13,2.218123435974121
1954-08-14,0.0
1954-08-15,3.190246343612671
1954-08-16,1.85053026676178
1954-08-17,9.094351768493652
1954-08-18,3.2665228843688965
1954-08-19,0.0
1954-08-20,6.155632495880127
1954-08-21,0.0
1954-08-22,6.028077602386475
1954-08-23,0.3802943825721741
1954-08-24,0.1602956354618072
1954-08-25,1.6381973028182983
1954-08-26,1.2057019472122192
1954-08-27,7.640439987182617
1954-08-28,14.464612007141112
1954-08-29,3.8619863986968994
1954-08-30,0.7728232145309448
1954-08-31,0.0
1954-09-01,0.0
1954-09-02,0.0
1954-09-03,0.0
1954-09-04,0.0
1954-09-05,1.08025324344635
1954-09-06,0.8386197090148926
1954-09-07,0.0
1954-09-08,0.0
1954-09-09,0.0
1954-09-10,0.0
1954-09-11,6.865838050842285
1954-09-12,0.0
1954-09-13,0.0
1954-09-14,0.0
1954-09-15,1.9288252592086792
1954-09-16,0.0
1954-09-17,0.2980603575706482
1954-09-18,0.1254487633705139
1954-09-19,0.0
1954-09-20,0.0
1954-09-21,0.0
1954-09-22,0.0
1954-09-23,0.1393875181674957
1954-09-24,0.0
1954-09-25,41.90682601928711
1954-09-26,3.854778051376343
1954-09-27,0.0
1954-09-28,0.0
1954-09-29,0.0
1954-09-30,0.0
1954-10-01,0.0
1954-10-02,0.0
1954-10-03,0.0
1954-10-04,0.2857443988323211
1954-10-05,6.233950614929199
1954-10-06,65.00967407226562
1954-10-07,2.4141478538513184
1954-10-08,31.911285400390625
1954-10-09,0.0
1954-10-10,0.0
1954-10-11,0.0
1954-10-12,13.400897979736328
1954-10-13,0.0
1954-10-14,0.0
1954-10-15,38.693267822265625
1954-10-16,11.812280654907228
1954-10-17,30.962364196777344
1954-10-18,26.82062149047852
1954-10-19,38.7375373840332
1954-10-20,16.565052032470703
1954-10-21,207.0207977294922
1954-10-22,2.9627580642700195
1954-10-23,22.12578392028809
1954-10-24,0.0
1954-10-25,0.0
1954-10-26,0.0
1954-10-27,25.487207412719727
1954-10-28,9.276093482971191
1954-10-29,0.0
1954-10-30,1.5542558431625366
1954-10-31,0.0
1954-11-01,0.0
1954-11-02,0.0
1954-11-03,0.0
1954-11-04,0.0
1954-11-05,0.0
1954-11-06,0.0
1954-11-07,0.0
1954-11-08,0.0
1954-11-09,0.0
1954-11-10,0.0
1954-11-11,0.0
1954-11-12,0.0
1954-11-13,0.0
1954-11-14,0.0
1954-11-15,0.0
1954-11-16,0.0
1954-11-17,0.0
1954-11-18,0.3345300555229187
1954-11-19,0.3205912709236145
1954-11-20,0.0
1954-11-21,1.170855164527893
1954-11-22,0.0
1954-11-23,0.0
1954-11-24,0.0
1954-11-25,0.0
1954-11-26,0.0
1954-11-27,0.0
1954-11-28,0.0
1954-11-29,0.0
1954-11-30,0.0
1954-12-01,0.0
1954-12-02,0.0
1954-12-03,0.0
1954-12-04,0.0
1954-12-05,0.0
1954-12-06,0.0
1954-12-07,0.0
1954-12-08,0.0
1954-12-09,6.932207107543945
1954-12-10,67.74390411376953
1954-12-11,42.41966247558594
1954-12-12,10.525676727294922
1954-12-13,5.517932415008545
1954-12-14,0.9673613905906676
1954-12-15,1.0891361236572266
1954-12-16,0.5604743361473083
1954-12-17,0.1393875181674957
1954-12-18,0.0
1954-12-19,0.0
1954-12-20,0.0
1954-12-21,0.0
1954-12-22,0.0
1954-12-23,0.0
1954-12-24,21.44592666625977
1954-12-25,0.0
1954-12-26,0.0
1954-12-27,5.952593803405762
1954-12-28,0.1029031872749328
1954-12-29,0.0
1954-12-30,0.0
1954-12-31,0.0
1955-01-01,0.0
1955-01-02,0.0
1955-01-03,0.0
1955-01-04,0.0
1955-01-05,0.0
1955-01-06,0.0
1955-01-07,0.0
1955-01-08,0.2508975267410278
1955-01-09,23.829309463500977
1955-01-10,22.108884811401367
1955-01-11,0.0
1955-01-12,0.0
1955-01-13,0.0
1955-01-14,0.0
1955-01-15,0.1263447850942611
1955-01-16,0.0
1955-01-17,0.9568676352500916
1955-01-18,0.5822573900222778
1955-01-19,0.0
1955-01-20,0.0
1955-01-21,0.0
1955-01-22,0.0
1955-01-23,0.0
1955-01-24,0.0
1955-01-25,0.0
1955-01-26,0.0
1955-01-27,0.0
1955-01-28,0.0
1955-01-29,0.0
1955-01-30,0.0
1955-01-31,0.0
1955-02-01,0.0
1955-02-02,0.0
1955-02-03,0.0
1955-02-04,0.0
1955-02-05,0.0
1955-02-06,0.0
1955-02-07,0.0
1955-02-08,0.0
1955-02-09,0.0
1955-02-10,0.0
1955-02-11,0.0
1955-02-12,0.0
1955-02-13,0.0
1955-02-14,0.0
1955-02-15,0.0
1955-02-16,0.0
1955-02-17,0.0
1955-02-18,0.0
1955-02-19,0.0
1955-02-20,0.0
1955-02-21,0.0
1955-02-22,0.0
1955-02-23,0.0
1955-02-24,0.0
1955-02-25,0.0
1955-02-26,0.0
1955-02-27,0.0
1955-02-28,0.0
1955-03-01,0.0
1955-03-02,0.0
1955-03-03,0.0
1955-03-04,0.0
1955-03-05,0.0
1955-03-06,0.0
1955-03-07,0.0
1955-03-08,0.0
1955-03-09,0.0
1955-03-10,0.0
1955-03-11,0.0
1955-03-12,0.0
1955-03-13,0.0
1955-03-14,0.0
1955-03-15,0.0
1955-03-16,0.0
1955-03-17,0.0
1955-03-18,0.0
1955-03-19,0.0
1955-03-20,0.0
1955-03-21,0.0
1955-03-22,0.0
1955-03-23,0.0
1955-03-24,0.0
1955-03-25,0.0
1955-03-26,0.0
1955-03-27,0.0
1955-03-28,0.0
1955-03-29,0.0
1955-03-30,0.0
1955-03-31,0.0
1955-04-01,0.0
1955-04-02,0.0
1955-04-03,0.0
1955-04-04,0.0
1955-04-05,0.0
1955-04-06,0.0
1955-04-07,0.0
1955-04-08,0.0
1955-04-09,0.0
1955-04-10,0.0
1955-04-11,0.0
1955-04-12,0.0
1955-04-13,0.0
1955-04-14,0.0
1955-04-15,0.0
1955-04-16,0.0
1955-04-17,0.0
1955-04-18,0.0
1955-04-19,0.0
1955-04-20,12.380022048950195
1955-04-21,23.812557220458984
1955-04-22,21.180988311767575
1955-04-23,10.878682136535645
1955-04-24,3.0871503353118896
1955-04-25,0.0
1955-04-26,0.0
1955-04-27,0.0
1955-04-28,0.0
1955-04-29,0.0
1955-04-30,0.0
1955-05-01,0.0
1955-05-02,15.669950485229492
1955-05-03,0.0
1955-05-04,0.0
1955-05-05,0.1811990886926651
1955-05-06,9.051953315734863
1955-05-07,0.0
1955-05-08,32.206172943115234
1955-05-09,0.0
1955-05-10,0.6713754534721375
1955-05-11,0.0
1955-05-12,0.0
1955-05-13,0.8647834062576294
1955-05-14,0.0
1955-05-15,0.0
1955-05-16,0.0
1955-05-17,67.68209075927734
1955-05-18,95.38343811035156
1955-05-19,5.077116012573242
1955-05-20,0.0
1955-05-21,0.0
1955-05-22,0.0
1955-05-23,0.0
1955-05-24,0.0
1955-05-25,0.0
1955-05-26,0.0
1955-05-27,0.0
1955-05-28,0.0
1955-05-29,0.0
1955-05-30,0.0
1955-05-31,0.0
1955-06-01,0.0
1955-06-02,0.0
1955-06-03,0.0
1955-06-04,0.0
1955-06-05,0.0
1955-06-06,0.0
1955-06-07,0.0
1955-06-08,0.0
1955-06-09,0.0
1955-06-10,0.5286316275596619
1955-06-11,0.2508975267410278
1955-06-12,37.66384506225586
1955-06-13,0.0
1955-06-14,0.2883227169513702
1955-06-15,0.2102804034948349
1955-06-16,0.4599788188934326
1955-06-17,0.0
1955-06-18,0.0
1955-06-19,0.0
1955-06-20,0.0
1955-06-21,0.0
1955-06-22,0.0
1955-06-23,0.0
1955-06-24,0.0
1955-06-25,0.0
1955-06-26,1.1645147800445557
1955-06-27,3.606064796447754
1955-06-28,0.0
1955-06-29,0.0
1955-06-30,0.0
1955-07-01,0.0
1955-07-02,16.832181930541992
1955-07-03,0.0
1955-07-04,0.2634021341800689
1955-07-05,0.2773911654949188
1955-07-06,0.0
1955-07-07,0.0
1955-07-08,0.0
1955-07-09,8.302334785461426
1955-07-10,3.242509603500366
1955-07-11,0.1297474950551986
1955-07-12,0.0
1955-07-13,5.755860328674316
1955-07-14,0.1393875181674957
1955-07-15,0.2281766235828399
1955-07-16,13.854666709899902
1955-07-17,1.0410712957382202
1955-07-18,10.714887619018556
1955-07-19,12.33311367034912
1955-07-20,0.0
1955-07-21,0.0
1955-07-22,0.0
1955-07-23,0.0
1955-07-24,9.69091510772705
1955-07-25,1.9445914030075075
1955-07-26,0.3554381430149078
1955-07-27,0.0
1955-07-28,2.466814517974853
1955-07-29,11.17399787902832
1955-07-30,8.720586776733398
1955-07-31,0.0
1955-08-01,11.869253158569336
1955-08-02,0.0
1955-08-03,0.0
1955-08-04,0.0
1955-08-05,0.0
1955-08-06,0.0
1955-08-07,33.743316650390625
1955-08-08,3.1114742755889893
1955-08-09,9.241997718811035
1955-08-10,0.0
1955-08-11,34.94932174682617
1955-08-12,17.602476119995117
1955-08-13,5.317474365234375
1955-08-14,11.231719970703123
1955-08-15,0.0
1955-08-16,2.028075933456421
1955-08-17,5.028209686279297
1955-08-18,2.2741944789886475
1955-08-19,0.0
1955-08-20,8.51671028137207
1955-08-21,0.1045406386256218
1955-08-22,3.5289783477783203
1955-08-23,5.143887519836426
1955-08-24,1.0934371948242188
1955-08-25,10.195379257202148
1955-08-26,0.0
1955-08-27,0.0
1955-08-28,0.0
1955-08-29,0.0
1955-08-30,0.0
1955-08-31,16.38475227355957
1955-09-01,0.0
1955-09-02,0.7907726168632507
1955-09-03,0.0
1955-09-04,0.1393875181674957
1955-09-05,8.973230361938477
1955-09-06,24.807178497314453
1955-09-07,0.0
1955-09-08,7.267680644989014
1955-09-09,7.142983436584473
1955-09-10,1.7300052642822266
1955-09-11,0.1602956354618072
1955-09-12,0.0
1955-09-13,0.0
1955-09-14,0.0
1955-09-15,0.0
1955-09-16,0.0
1955-09-17,0.0
1955-09-18,0.0
1955-09-19,0.0
1955-09-20,0.2214655429124832
1955-09-21,0.0
1955-09-22,0.0
1955-09-23,0.0
1955-09-24,0.0
1955-09-25,0.1252734363079071
1955-09-26,0.0
1955-09-27,3.4519543647766118
1955-09-28,34.71885681152344
1955-09-29,0.0
1955-09-30,0.0
1955-10-01,0.0
1955-10-02,0.0
1955-10-03,0.0
1955-10-04,0.0
1955-10-05,0.0
1955-10-06,22.173933029174805
1955-10-07,0.0
1955-10-08,0.0
1955-10-09,1.9157441854476929
1955-10-10,0.3327185213565826
1955-10-11,0.0
1955-10-12,0.0
1955-10-13,0.0
1955-10-14,0.0
1955-10-15,0.0
1955-10-16,0.0
1955-10-17,0.0
1955-10-18,0.2515859007835388
1955-10-19,6.625095844268799
1955-10-20,61.95125961303711
1955-10-21,0.0
1955-10-22,0.0
1955-10-23,14.990066528320312
1955-10-24,4.699790000915527
1955-10-25,0.7248150706291199
1955-10-26,27.46759986877441
1955-10-27,25.258075714111328
1955-10-28,0.6617693305015564
1955-10-29,9.13205909729004
1955-10-30,16.422420501708984
1955-10-31,1.8584078550338743
1955-11-01,3.638044834136963
1955-11-02,12.065187454223633
1955-11-03,38.34178924560547
1955-11-04,0.0
1955-11-05,4.462815761566162
1955-11-06,0.1363319754600525
1955-11-07,0.0
1955-11-08,0.0
1955-11-09,0.0
1955-11-10,0.0
1955-11-11,0.5614624619483948
1955-11-12,0.0
1955-11-13,0.0
1955-11-14,0.0
1955-11-15,0.0
1955-11-16,0.0
1955-11-17,0.0
1955-11-18,0.0
1955-11-19,0.0
1955-11-20,47.164337158203125
1955-11-21,0.0
1955-11-22,0.0
1955-11-23,0.0
1955-11-24,0.1224368438124656
1955-11-25,7.313311100006103
1955-11-26,0.4436246752738952
1955-11-27,0.0
1955-11-28,0.0
1955-11-29,0.0
1955-11-30,36.94942092895508
1955-12-01,56.98919677734375
1955-12-02,28.77716827392578
1955-12-03,10.58155918121338
1955-12-04,33.11161804199219
1955-12-05,0.1951425224542617
1955-12-06,3.317091226577759
1955-12-07,9.898942947387695
1955-12-08,13.33668327331543
1955-12-09,2.0700464248657227
1955-12-10,0.0
1955-12-11,0.0
1955-12-12,0.0
1955-12-13,0.0
1955-12-14,0.0
1955-12-15,0.0
1955-12-16,0.0
1955-12-17,0.0
1955-12-18,0.0
1955-12-19,0.0
1955-12-20,0.0
1955-12-21,0.0
1955-12-22,0.0
1955-12-23,0.0
1955-12-24,0.0
1955-12-25,0.0
1955-12-26,0.0
1955-12-27,0.0
1955-12-28,0.0
1955-12-29,0.0
1955-12-30,0.0
1955-12-31,0.0
1956-01-01,0.0
1956-01-02,0.0
1956-01-03,0.0
1956-01-04,0.0
1956-01-05,0.0
1956-01-06,0.0
1956-01-07,0.0
1956-01-08,0.0
1956-01-09,0.0
1956-01-10,0.0
1956-01-11,0.0
1956-01-12,0.1254487633705139
1956-01-13,0.0
1956-01-14,0.0
1956-01-15,0.0
1956-01-16,0.0
1956-01-17,0.0
1956-01-18,0.0
1956-01-19,0.0
1956-01-20,0.0
1956-01-21,0.0
1956-01-22,0.0
1956-01-23,0.0
1956-01-24,0.0
1956-01-25,0.0
1956-01-26,5.115579605102539
1956-01-27,0.0
1956-01-28,4.800810813903809
1956-01-29,15.556208610534668
1956-01-30,19.97054672241211
1956-01-31,0.0
1956-02-01,0.0
1956-02-02,0.0
1956-02-03,0.0
1956-02-04,0.0
1956-02-05,0.0
1956-02-06,0.0
1956-02-07,1.712086200714111
1956-02-08,0.0
1956-02-09,0.0
1956-02-10,0.0
1956-02-11,0.0
1956-02-12,0.0
1956-02-13,0.0
1956-02-14,0.0
1956-02-15,0.0
1956-02-16,0.0
1956-02-17,0.0
1956-02-18,0.0
1956-02-19,0.0
1956-02-20,0.0
1956-02-21,0.0
1956-02-22,0.0
1956-02-23,0.0
1956-02-24,0.0
1956-02-25,0.0
1956-02-26,0.0
1956-02-27,0.0
1956-02-28,0.0
1956-02-29,0.0
1956-03-01,0.0
1956-03-02,0.0
1956-03-03,0.0
1956-03-04,0.0
1956-03-05,0.0
1956-03-06,0.0
1956-03-07,0.0
1956-03-08,0.0
1956-03-09,0.0
1956-03-10,0.0
1956-03-11,0.0
1956-03-12,0.0
1956-03-13,0.0
1956-03-14,0.0
1956-03-15,0.0
1956-03-16,0.0
1956-03-17,0.0
1956-03-18,0.0
1956-03-19,0.0
1956-03-20,0.0
1956-03-21,0.0
1956-03-22,0.0
1956-03-23,0.0
1956-03-24,0.0
1956-03-25,0.0
1956-03-26,0.0
1956-03-27,0.0
1956-03-28,0.0
1956-03-29,0.0
1956-03-30,0.0
1956-03-31,0.0
1956-04-01,0.0
1956-04-02,0.0
1956-04-03,0.0
1956-04-04,0.0
1956-04-05,0.0
1956-04-06,0.0
1956-04-07,0.0
1956-04-08,0.0
1956-04-09,0.0
1956-04-10,0.0
1956-04-11,0.0
1956-04-12,0.0
1956-04-13,0.0
1956-04-14,0.0
1956-04-15,0.0
1956-04-16,0.0
1956-04-17,0.0
1956-04-18,0.0
1956-04-19,0.0
1956-04-20,0.0
1956-04-21,0.0
1956-04-22,0.0
1956-04-23,0.0
1956-04-24,0.0
1956-04-25,0.0
1956-04-26,0.0
1956-04-27,0.0
1956-04-28,0.0
1956-04-29,6.566292762756348
1956-04-30,19.20306205749512
1956-05-01,0.3693769574165344
1956-05-02,0.0
1956-05-03,0.0
1956-05-04,0.0
1956-05-05,0.0
1956-05-06,0.0
1956-05-07,0.0
1956-05-08,0.0
1956-05-09,0.0
1956-05-10,0.0
1956-05-11,0.0
1956-05-12,0.0
1956-05-13,0.0
1956-05-14,0.0
1956-05-15,0.0
1956-05-16,0.0
1956-05-17,0.0
1956-05-18,0.0
1956-05-19,0.0
1956-05-20,0.0
1956-05-21,0.0
1956-05-22,0.8261101245880127
1956-05-23,0.0
1956-05-24,0.3981905281543731
1956-05-25,0.0
1956-05-26,0.0
1956-05-27,0.0
1956-05-28,0.0
1956-05-29,0.0
1956-05-30,0.0
1956-05-31,0.0
1956-06-01,0.2090812772512436
1956-06-02,0.0
1956-06-03,0.0
1956-06-04,0.0
1956-06-05,0.0
1956-06-06,1.340296506881714
1956-06-07,2.043637275695801
1956-06-08,0.2772205471992492
1956-06-09,32.51311111450195
1956-06-10,2.137906551361084
1956-06-11,0.0
1956-06-12,0.2505468726158142
1956-06-13,0.0
1956-06-14,0.0
1956-06-15,19.387012481689453
1956-06-16,0.642026424407959
1956-06-17,3.126869440078736
1956-06-18,14.51564884185791
1956-06-19,1.99722421169281
1956-06-20,0.0
1956-06-21,0.0
1956-06-22,0.0
1956-06-23,27.197784423828125
1956-06-24,0.3691092133522033
1956-06-25,0.6708957552909851
1956-06-26,0.0
1956-06-27,1.1334041357040403
1956-06-28,8.720968246459961
1956-06-29,0.7853489518165588
1956-06-30,0.0
1956-07-01,0.0
1956-07-02,0.0
1956-07-03,0.0
1956-07-04,0.0
1956-07-05,0.0
1956-07-06,0.0
1956-07-07,1.0593451261520386
1956-07-08,21.427291870117188
1956-07-09,1.7972322702407837
1956-07-10,0.1247694417834281
1956-07-11,0.0
1956-07-12,0.0
1956-07-13,0.0
1956-07-14,1.509515404701233
1956-07-15,0.0
1956-07-16,0.6708957552909851
1956-07-17,0.7158172726631165
1956-07-18,0.3554381430149078
1956-07-19,1.7395049333572388
1956-07-20,3.563109874725342
1956-07-21,0.0
1956-07-22,0.0
1956-07-23,2.936954975128174
1956-07-24,4.001099109649658
1956-07-25,3.6905927658081055
1956-07-26,0.0
1956-07-27,7.040569305419922
1956-07-28,0.1185623705387115
1956-07-29,0.0
1956-07-30,0.0
1956-07-31,0.0
1956-08-01,0.0
1956-08-02,0.0
1956-08-03,0.0
1956-08-04,0.0
1956-08-05,0.0
1956-08-06,0.0
1956-08-07,0.0
1956-08-08,1.1947461366653442
1956-08-09,0.0
1956-08-10,0.0
1956-08-11,24.927404403686523
1956-08-12,1.407122015953064
1956-08-13,0.0
1956-08-14,0.3554381430149078
1956-08-15,0.1951425224542617
1956-08-16,4.105907440185547
1956-08-17,7.147473335266113
1956-08-18,0.5296725630760193
1956-08-19,36.2421760559082
1956-08-20,7.548856735229492
1956-08-21,0.0
1956-08-22,59.54460525512695
1956-08-23,6.261758804321289
1956-08-24,9.07323169708252
1956-08-25,3.885696649551392
1956-08-26,8.608097076416016
1956-08-27,1.0916684865951538
1956-08-28,0.0
1956-08-29,1.5114737749099731
1956-08-30,18.56505012512207
1956-08-31,0.1254487633705139
1956-09-01,19.04364776611328
1956-09-02,3.9650275707244873
1956-09-03,0.0
1956-09-04,0.0
1956-09-05,0.0
1956-09-06,0.0
1956-09-07,0.0
1956-09-08,0.0
1956-09-09,0.0
1956-09-10,0.0
1956-09-11,0.0
1956-09-12,0.0
1956-09-13,1.247694492340088
1956-09-14,0.0
1956-09-15,0.2495388835668563
1956-09-16,11.582364082336426
1956-09-17,23.951705932617188
1956-09-18,25.865257263183597
1956-09-19,1.5072729587554932
1956-09-20,8.45992374420166
1956-09-21,7.255967140197754
1956-09-22,0.0
1956-09-23,5.798549652099609
1956-09-24,0.0
1956-09-25,0.0
1956-09-26,0.0
1956-09-27,0.0
1956-09-28,0.0
1956-09-29,9.70085906982422
1956-09-30,14.326228141784668
1956-10-01,64.52323150634766
1956-10-02,16.594228744506836
1956-10-03,8.592479705810547
1956-10-04,7.43844747543335
1956-10-05,0.0
1956-10-06,51.29752731323242
1956-10-07,50.4338264465332
1956-10-08,26.083667755126957
1956-10-09,0.0
1956-10-10,1.3549221754074097
1956-10-11,0.0
1956-10-12,0.0
1956-10-13,0.0
1956-10-14,0.0
1956-10-15,1.3679893016815186
1956-10-16,6.232738018035889
1956-10-17,0.0
1956-10-18,14.414966583251951
1956-10-19,17.64867401123047
1956-10-20,0.0
1956-10-21,0.0
1956-10-22,0.0
1956-10-23,0.0
1956-10-24,0.0
1956-10-25,0.0
1956-10-26,11.323060989379885
1956-10-27,0.0
1956-10-28,24.24545669555664
1956-10-29,0.7281129360198975
1956-10-30,0.0
1956-10-31,0.0
1956-11-01,50.17267990112305
1956-11-02,24.33385467529297
1956-11-03,0.8220309615135193
1956-11-04,0.0
1956-11-05,0.0
1956-11-06,0.5831253528594971
1956-11-07,65.36956787109375
1956-11-08,1.2634496688842771
1956-11-09,20.18541145324707
1956-11-10,0.0
1956-11-11,2.9215450286865234
1956-11-12,34.16691589355469
1956-11-13,0.0
1956-11-14,0.0
1956-11-15,2.4044346809387207
1956-11-16,1.379936456680298
1956-11-17,4.815838813781738
1956-11-18,0.0
1956-11-19,1.1731497049331665
1956-11-20,68.73331451416016
1956-11-21,0.0
1956-11-22,4.276960372924805
1956-11-23,8.475902557373047
1956-11-24,0.0
1956-11-25,0.2063276618719101
1956-11-26,39.23830795288086
1956-11-27,12.231446266174316
1956-11-28,0.0
1956-11-29,0.8270535469055176
1956-11-30,0.0
1956-12-01,0.0
1956-12-02,1.3102426528930664
1956-12-03,0.9993696212768556
1956-12-04,11.334616661071776
1956-12-05,26.31183242797852
1956-12-06,7.926836013793945
1956-12-07,0.0
1956-12-08,0.0
1956-12-09,0.0
1956-12-10,0.0
1956-12-11,0.0
1956-12-12,0.0
1956-12-13,0.0
1956-12-14,0.0
1956-12-15,0.0
1956-12-16,0.0
1956-12-17,0.0
1956-12-18,0.0
1956-12-19,0.0
1956-12-20,0.0
1956-12-21,0.0
1956-12-22,0.0
1956-12-23,0.0
1956-12-24,0.0
1956-12-25,5.61954402923584
1956-12-26,16.57593536376953
1956-12-27,13.73702621459961
1956-12-28,6.205785274505615
1956-12-29,0.0
1956-12-30,0.0
1956-12-31,0.0
1957-01-01,0.0
1957-01-02,0.0
1957-01-03,0.0
1957-01-04,0.0
1957-01-05,0.0
1957-01-06,0.0
1957-01-07,0.0
1957-01-08,0.0
1957-01-09,0.0
1957-01-10,0.0
1957-01-11,0.0
1957-01-12,0.0
1957-01-13,0.0
1957-01-14,0.0
1957-01-15,0.0
1957-01-16,0.0
1957-01-17,0.0
1957-01-18,0.0
1957-01-19,0.0
1957-01-20,0.0
1957-01-21,0.0
1957-01-22,0.0
1957-01-23,0.0
1957-01-24,0.0
1957-01-25,0.0
1957-01-26,0.0
1957-01-27,0.0
1957-01-28,0.0
1957-01-29,0.0
1957-01-30,0.0
1957-01-31,0.0
1957-02-01,0.0
1957-02-02,7.967324733734131
1957-02-03,1.813873291015625
1957-02-04,0.2648362815380096
1957-02-05,0.0
1957-02-06,0.0
1957-02-07,0.0
1957-02-08,0.0
1957-02-09,0.0
1957-02-10,0.0
1957-02-11,0.0
1957-02-12,0.0
1957-02-13,0.0
1957-02-14,0.0
1957-02-15,0.0
1957-02-16,0.0
1957-02-17,0.0
1957-02-18,0.0
1957-02-19,0.0
1957-02-20,0.0
1957-02-21,0.0
1957-02-22,0.0
1957-02-23,0.0
1957-02-24,0.0
1957-02-25,0.0
1957-02-26,0.0
1957-02-27,0.0
1957-02-28,0.0
1957-03-01,0.0
1957-03-02,0.0
1957-03-03,0.0
1957-03-04,0.0
1957-03-05,0.0
1957-03-06,0.0
1957-03-07,0.0
1957-03-08,0.0
1957-03-09,0.0
1957-03-10,0.0
1957-03-11,0.0
1957-03-12,0.0
1957-03-13,0.0
1957-03-14,0.0
1957-03-15,0.0
1957-03-16,0.0
1957-03-17,0.0
1957-03-18,0.0
1957-03-19,0.0
1957-03-20,0.0
1957-03-21,0.0
1957-03-22,0.0
1957-03-23,0.0
1957-03-24,0.0
1957-03-25,0.0
1957-03-26,0.0
1957-03-27,0.0
1957-03-28,0.0
1957-03-29,0.0
1957-03-30,0.0
1957-03-31,0.0
1957-04-01,0.0
1957-04-02,0.0
1957-04-03,0.0
1957-04-04,0.0
1957-04-05,0.0
1957-04-06,0.0
1957-04-07,0.0
1957-04-08,0.0
1957-04-09,0.0
1957-04-10,0.0
1957-04-11,0.0
1957-04-12,0.0
1957-04-13,0.0
1957-04-14,0.0
1957-04-15,0.0
1957-04-16,0.0
1957-04-17,0.0
1957-04-18,0.0
1957-04-19,0.0
1957-04-20,0.0
1957-04-21,0.0
1957-04-22,0.0
1957-04-23,0.0
1957-04-24,0.0
1957-04-25,0.0
1957-04-26,0.0
1957-04-27,0.0
1957-04-28,0.0
1957-04-29,0.0
1957-04-30,0.0
1957-05-01,0.0
1957-05-02,0.0
1957-05-03,0.0
1957-05-04,0.0
1957-05-05,0.0
1957-05-06,0.0
1957-05-07,0.0
1957-05-08,0.0
1957-05-09,0.0
1957-05-10,0.0
1957-05-11,0.0
1957-05-12,0.0
1957-05-13,0.3149963915348053
1957-05-14,0.0
1957-05-15,0.0
1957-05-16,0.0
1957-05-17,0.0
1957-05-18,0.0
1957-05-19,0.0
1957-05-20,0.0
1957-05-21,0.0
1957-05-22,0.0
1957-05-23,0.0
1957-05-24,0.2857443988323211
1957-05-25,0.0
1957-05-26,0.3036358952522278
1957-05-27,0.0
1957-05-28,0.0
1957-05-29,0.5614624619483948
1957-05-30,0.0
1957-05-31,0.0
1957-06-01,0.2634021341800689
1957-06-02,7.463714599609375
1957-06-03,0.0
1957-06-04,0.0
1957-06-05,1.745401382446289
1957-06-06,0.0
1957-06-07,0.0
1957-06-08,0.0
1957-06-09,0.0
1957-06-10,0.0
1957-06-11,0.0
1957-06-12,0.0
1957-06-13,0.0
1957-06-14,0.9083134531974792
1957-06-15,47.03280258178711
1957-06-16,0.0
1957-06-17,1.354725956916809
1957-06-18,0.0
1957-06-19,0.0
1957-06-20,0.0
1957-06-21,0.6723686456680298
1957-06-22,11.739401817321776
1957-06-23,17.705583572387695
1957-06-24,3.1867547035217285
1957-06-25,0.0
1957-06-26,0.0
1957-06-27,1.7367031574249268
1957-06-28,0.9375067949295044
1957-06-29,0.0
1957-06-30,0.0
1957-07-01,0.0
1957-07-02,1.770221471786499
1957-07-03,8.98504638671875
1957-07-04,0.0
1957-07-05,0.0
1957-07-06,0.0
1957-07-07,0.0
1957-07-08,0.2857443988323211
1957-07-09,0.0
1957-07-10,0.0
1957-07-11,34.2995491027832
1957-07-12,0.0
1957-07-13,0.1252734363079071
1957-07-14,0.0
1957-07-15,0.0
1957-07-16,0.5268042683601379
1957-07-17,0.0
1957-07-18,0.0
1957-07-19,0.0
1957-07-20,0.0
1957-07-21,0.0
1957-07-22,0.3802943825721741
1957-07-23,13.819290161132812
1957-07-24,48.66319274902344
1957-07-25,4.325057506561279
1957-07-26,0.0
1957-07-27,2.695915460586548
1957-07-28,0.0
1957-07-29,20.75834846496582
1957-07-30,0.0
1957-07-31,1.9288252592086792
1957-08-01,13.81460189819336
1957-08-02,22.75252342224121
1957-08-03,3.3534603118896484
1957-08-04,0.0
1957-08-05,0.0
1957-08-06,0.174234390258789
1957-08-07,0.5854275822639465
1957-08-08,0.0
1957-08-09,0.0
1957-08-10,0.0
1957-08-11,0.4093756973743438
1957-08-12,0.3881715834140777
1957-08-13,0.0
1957-08-14,0.0
1957-08-15,0.7457232475280762
1957-08-16,0.0
1957-08-17,13.96718406677246
1957-08-18,2.5158591270446777
1957-08-19,9.058237075805664
1957-08-20,0.0
1957-08-21,0.0
1957-08-22,0.0
1957-08-23,0.0
1957-08-24,1.199172854423523
1957-08-25,0.0
1957-08-26,0.0
1957-08-27,0.0
1957-08-28,0.0
1957-08-29,6.2752685546875
1957-08-30,5.358062744140625
1957-08-31,0.0
1957-09-01,0.0
1957-09-02,0.0
1957-09-03,0.0
1957-09-04,0.0
1957-09-05,0.0
1957-09-06,2.470038890838623
1957-09-07,30.38407325744629
1957-09-08,2.436690092086792
1957-09-09,12.55278778076172
1957-09-10,0.2291213870048523
1957-09-11,0.0
1957-09-12,0.0
1957-09-13,0.0
1957-09-14,0.0
1957-09-15,0.0
1957-09-16,0.5614624619483948
1957-09-17,17.84340476989746
1957-09-18,0.0
1957-09-19,0.0
1957-09-20,0.0
1957-09-21,60.34417343139648
1957-09-22,12.159984588623049
1957-09-23,0.0
1957-09-24,0.0
1957-09-25,0.0
1957-09-26,0.2841970324516296
1957-09-27,0.0
1957-09-28,0.0
1957-09-29,17.070932388305664
1957-09-30,0.0
1957-10-01,0.0
1957-10-02,18.076641082763672
1957-10-03,75.78012084960938
1957-10-04,0.2940882444381714
1957-10-05,0.0
1957-10-06,1.944455862045288
1957-10-07,0.2299894094467163
1957-10-08,0.0
1957-10-09,1.319250226020813
1957-10-10,0.1254487633705139
1957-10-11,0.0
1957-10-12,0.0
1957-10-13,0.0
1957-10-14,0.0
1957-10-15,0.3049274086952209
1957-10-16,12.872466087341309
1957-10-17,2.824718475341797
1957-10-18,9.426956176757812
1957-10-19,6.428789615631104
1957-10-20,8.644634246826172
1957-10-21,0.3247193694114685
1957-10-22,0.0
1957-10-23,0.0
1957-10-24,4.462249755859375
1957-10-25,9.103829383850098
1957-10-26,3.4555485248565674
1957-10-27,8.013777732849121
1957-10-28,16.208175659179688
1957-10-29,19.34199523925781
1957-10-30,0.0
1957-10-31,0.0
1957-11-01,0.0
1957-11-02,17.237018585205078
1957-11-03,5.645077228546143
1957-11-04,10.988088607788086
1957-11-05,19.102832794189453
1957-11-06,44.22430419921875
1957-11-07,23.40629196166992
1957-11-08,5.890843868255615
1957-11-09,0.0
1957-11-10,0.0
1957-11-11,27.296594619750977
1957-11-12,15.650569915771484
1957-11-13,21.768739700317383
1957-11-14,9.600329399108888
1957-11-15,0.0
1957-11-16,0.0
1957-11-17,0.0
1957-11-18,0.0
1957-11-19,0.0
1957-11-20,0.1254487633705139
1957-11-21,61.73363876342773
1957-11-22,0.8353195190429688
1957-11-23,0.0
1957-11-24,0.0
1957-11-25,9.14151096343994
1957-11-26,0.0
1957-11-27,0.0
1957-11-28,3.944893598556519
1957-11-29,0.0
1957-11-30,0.0
1957-12-01,0.1393875181674957
1957-12-02,10.381503105163574
1957-12-03,1.4008445739746094
1957-12-04,2.620485305786133
1957-12-05,0.0
1957-12-06,0.0
1957-12-07,0.0
1957-12-08,0.0
1957-12-09,0.0
1957-12-10,0.0
1957-12-11,0.0
1957-12-12,0.0
1957-12-13,0.0
1957-12-14,0.0
1957-12-15,0.0
1957-12-16,0.0
1957-12-17,0.3345300555229187
1957-12-18,0.0
1957-12-19,5.144690036773682
1957-12-20,2.7574925422668457
1957-12-21,0.7108762860298157
1957-12-22,0.0
1957-12-23,0.0
1957-12-24,0.0
1957-12-25,0.0
1957-12-26,5.826456069946289
1957-12-27,0.2299894094467163
1957-12-28,0.0
1957-12-29,19.008678436279297
1957-12-30,6.154122352600098
1957-12-31,0.0
1958-01-01,0.0
1958-01-02,29.507471084594727
1958-01-03,0.0
1958-01-04,0.0
1958-01-05,0.0
1958-01-06,0.0
1958-01-07,0.0
1958-01-08,0.0
1958-01-09,0.0
1958-01-10,0.0
1958-01-11,0.0
1958-01-12,0.0
1958-01-13,0.0
1958-01-14,0.0
1958-01-15,0.0
1958-01-16,0.0
1958-01-17,0.0
1958-01-18,0.0
1958-01-19,0.0
1958-01-20,0.0
1958-01-21,0.0
1958-01-22,0.0
1958-01-23,0.0
1958-01-24,0.0
1958-01-25,0.3205912709236145
1958-01-26,0.1254487633705139
1958-01-27,1.2579295635223389
1958-01-28,0.0
1958-01-29,0.0
1958-01-30,0.0
1958-01-31,0.0
1958-02-01,0.0
1958-02-02,0.0
1958-02-03,0.0
1958-02-04,0.0
1958-02-05,0.0
1958-02-06,0.0
1958-02-07,0.0
1958-02-08,0.0
1958-02-09,0.0
1958-02-10,0.0
1958-02-11,0.0
1958-02-12,0.0
1958-02-13,0.0
1958-02-14,0.0
1958-02-15,0.0
1958-02-16,0.0
1958-02-17,0.0
1958-02-18,0.0
1958-02-19,0.0
1958-02-20,0.0
1958-02-21,0.0
1958-02-22,0.0
1958-02-23,0.0
1958-02-24,0.0
1958-02-25,0.0
1958-02-26,0.0
1958-02-27,0.0
1958-02-28,0.0
1958-03-01,0.0
1958-03-02,0.0
1958-03-03,0.0
1958-03-04,0.0
1958-03-05,0.0
1958-03-06,0.0
1958-03-07,0.0
1958-03-08,0.0
1958-03-09,0.0
1958-03-10,0.0
1958-03-11,0.0
1958-03-12,0.0
1958-03-13,0.0
1958-03-14,0.0
1958-03-15,0.0
1958-03-16,0.0
1958-03-17,0.0
1958-03-18,0.0
1958-03-19,0.0
1958-03-20,0.0
1958-03-21,0.0
1958-03-22,0.0
1958-03-23,0.0
1958-03-24,0.0
1958-03-25,0.0
1958-03-26,0.0
1958-03-27,0.0
1958-03-28,0.0
1958-03-29,0.0
1958-03-30,0.0
1958-03-31,0.0
1958-04-01,0.0
1958-04-02,0.0
1958-04-03,0.0
1958-04-04,0.0
1958-04-05,0.0
1958-04-06,0.0
1958-04-07,0.0
1958-04-08,0.0
1958-04-09,0.0
1958-04-10,0.0
1958-04-11,0.0
1958-04-12,0.0
1958-04-13,0.0
1958-04-14,0.0
1958-04-15,0.8386197090148926
1958-04-16,0.0
1958-04-17,0.0
1958-04-18,0.0
1958-04-19,0.0
1958-04-20,0.0
1958-04-21,0.0
1958-04-22,0.0
1958-04-23,0.0
1958-04-24,0.0
1958-04-25,0.0
1958-04-26,0.0
1958-04-27,0.0
1958-04-28,0.0
1958-04-29,0.0
1958-04-30,0.0
1958-05-01,0.0
1958-05-02,0.0
1958-05-03,0.0
1958-05-04,0.0
1958-05-05,13.889766693115234
1958-05-06,24.88910675048828
1958-05-07,0.0
1958-05-08,0.0
1958-05-09,0.0
1958-05-10,0.0
1958-05-11,0.0
1958-05-12,0.0
1958-05-13,0.0
1958-05-14,0.0
1958-05-15,37.55122756958008
1958-05-16,0.0
1958-05-17,0.0
1958-05-18,1.935189247131348
1958-05-19,0.0
1958-05-20,0.0
1958-05-21,0.0
1958-05-22,0.0
1958-05-23,0.0
1958-05-24,0.0
1958-05-25,0.0
1958-05-26,0.0
1958-05-27,1.4217525720596311
1958-05-28,0.0
1958-05-29,0.0
1958-05-30,0.0
1958-05-31,0.0
1958-06-01,0.0
1958-06-02,0.0
1958-06-03,0.0
1958-06-04,0.0
1958-06-05,0.0
1958-06-06,0.9967058897018432
1958-06-07,0.0
1958-06-08,0.0
1958-06-09,0.0
1958-06-10,0.0
1958-06-11,0.5575500726699829
1958-06-12,0.0
1958-06-13,0.0
1958-06-14,0.0
1958-06-15,0.0
1958-06-16,0.9826820492744446
1958-06-17,0.0
1958-06-18,0.0
1958-06-19,0.0
1958-06-20,0.0
1958-06-21,0.0
1958-06-22,0.0
1958-06-23,0.0
1958-06-24,0.1672650277614593
1958-06-25,0.0
1958-06-26,0.0
1958-06-27,0.0
1958-06-28,0.0
1958-06-29,0.0
1958-06-30,0.0
1958-07-01,0.0
1958-07-02,0.0
1958-07-03,14.131548881530762
1958-07-04,0.0
1958-07-05,4.696269989013672
1958-07-06,0.0
1958-07-07,0.0
1958-07-08,0.6283910870552063
1958-07-09,0.0
1958-07-10,0.0
1958-07-11,0.0
1958-07-12,5.312385559082031
1958-07-13,0.0
1958-07-14,1.3404147624969482
1958-07-15,0.0
1958-07-16,0.0
1958-07-17,0.0
1958-07-18,0.2648362815380096
1958-07-19,9.560263633728027
1958-07-20,0.0
1958-07-21,0.0
1958-07-22,0.0
1958-07-23,0.0
1958-07-24,0.0
1958-07-25,0.0
1958-07-26,0.0
1958-07-27,2.1573119163513184
1958-07-28,0.3078563809394836
1958-07-29,0.0
1958-07-30,0.0
1958-07-31,0.0
1958-08-01,4.444684505462647
1958-08-02,0.0
1958-08-03,103.91092681884766
1958-08-04,0.2841022610664367
1958-08-05,0.0
1958-08-06,0.0
1958-08-07,0.0
1958-08-08,1.2579295635223389
1958-08-09,2.621418237686157
1958-08-10,32.48796463012695
1958-08-11,2.779633045196533
1958-08-12,0.0
1958-08-13,0.0
1958-08-14,0.0
1958-08-15,4.262791156768799
1958-08-16,1.1921330690383911
1958-08-17,0.0
1958-08-18,0.0
1958-08-19,2.551450729370117
1958-08-20,0.5811194777488708
1958-08-21,37.84537124633789
1958-08-22,4.491083145141602
1958-08-23,19.09087181091309
1958-08-24,0.0
1958-08-25,0.0
1958-08-26,19.179309844970703
1958-08-27,2.0949995517730717
1958-08-28,0.2515859007835388
1958-08-29,0.3624075353145599
1958-08-30,0.0
1958-08-31,0.0
1958-09-01,0.0
1958-09-02,0.0
1958-09-03,0.0
1958-09-04,0.0
1958-09-05,0.0
1958-09-06,0.0
1958-09-07,0.0
1958-09-08,0.0
1958-09-09,0.0
1958-09-10,0.0
1958-09-11,0.0
1958-09-12,0.0
1958-09-13,0.0
1958-09-14,0.0
1958-09-15,0.0
1958-09-16,0.0
1958-09-17,0.0
1958-09-18,16.42118263244629
1958-09-19,9.571093559265137
1958-09-20,0.6887919902801514
1958-09-21,0.4653013348579407
1958-09-22,0.0
1958-09-23,10.522491455078123
1958-09-24,12.781935691833496
1958-09-25,0.0
1958-09-26,0.0
1958-09-27,0.0
1958-09-28,0.0
1958-09-29,15.812355995178224
1958-09-30,0.0
1958-10-01,0.0
1958-10-02,0.0
1958-10-03,0.0
1958-10-04,0.0
1958-10-05,0.8332768082618713
1958-10-06,5.862819194793701
1958-10-07,110.38607788085938
1958-10-08,1.271409273147583
1958-10-09,14.529179573059082
1958-10-10,0.0
1958-10-11,0.0
1958-10-12,6.185698986053467
1958-10-13,4.039061069488525
1958-10-14,0.704663097858429
1958-10-15,1.4217525720596311
1958-10-16,8.271116256713867
1958-10-17,65.88471221923828
1958-10-18,3.32593846321106
1958-10-19,0.3416971564292907
1958-10-20,0.0
1958-10-21,0.0
1958-10-22,0.0
1958-10-23,0.0
1958-10-24,2.737731695175171
1958-10-25,3.3858203887939453
1958-10-26,0.0
1958-10-27,0.0
1958-10-28,0.0
1958-10-29,4.269184112548828
1958-10-30,20.493698120117188
1958-10-31,2.1008479595184326
1958-11-01,7.239547252655029
1958-11-02,0.0
1958-11-03,0.0
1958-11-04,0.0
1958-11-05,0.0
1958-11-06,0.1672650277614593
1958-11-07,0.0
1958-11-08,0.0
1958-11-09,0.0
1958-11-10,0.0
1958-11-11,0.0
1958-11-12,0.0
1958-11-13,1.2579295635223389
1958-11-14,3.47946834564209
1958-11-15,0.0
1958-11-16,7.073604106903076
1958-11-17,0.0
1958-11-18,14.114543914794922
1958-11-19,20.684925079345703
1958-11-20,75.00337219238281
1958-11-21,132.7325439453125
1958-11-22,5.397464752197266
1958-11-23,0.0
1958-11-24,0.0
1958-11-25,0.0
1958-11-26,0.4644195437431335
1958-11-27,0.0
1958-11-28,0.3666186034679413
1958-11-29,0.0
1958-11-30,0.0
1958-12-01,0.0
1958-12-02,0.0
1958-12-03,0.0
1958-12-04,1.069865345954895
1958-12-05,6.121006011962891
1958-12-06,0.2089059501886367
1958-12-07,0.0
1958-12-08,1.25431227684021
1958-12-09,0.3008870184421539
1958-12-10,0.3484687805175781
1958-12-11,2.348134994506836
1958-12-12,1.9288252592086792
1958-12-13,2.7674450874328613
1958-12-14,1.6069679260253906
1958-12-15,0.9977680444717408
1958-12-16,0.0
1958-12-17,14.6233549118042
1958-12-18,6.39842700958252
1958-12-19,11.206554412841797
1958-12-20,0.0
1958-12-21,0.0
1958-12-22,0.0
1958-12-23,0.0
1958-12-24,0.0
1958-12-25,0.0
1958-12-26,0.0
1958-12-27,0.0
1958-12-28,0.0
1958-12-29,0.0
1958-12-30,0.0
1958-12-31,0.0
1959-01-01,0.1846686601638794
1959-01-02,0.0
1959-01-03,0.0
1959-01-04,0.0
1959-01-05,0.0
1959-01-06,0.0
1959-01-07,0.0
1959-01-08,0.0
1959-01-09,0.0
1959-01-10,0.0
1959-01-11,0.0
1959-01-12,0.0
1959-01-13,0.0
1959-01-14,0.0
1959-01-15,0.0
1959-01-16,0.0
1959-01-17,0.0
1959-01-18,0.0
1959-01-19,0.0
1959-01-20,0.0
1959-01-21,0.0
1959-01-22,0.0
1959-01-23,0.0
1959-01-24,0.0
1959-01-25,0.0
1959-01-26,0.0
1959-01-27,0.0
1959-01-28,0.0
1959-01-29,0.0
1959-01-30,0.0
1959-01-31,0.0
1959-02-01,0.0
1959-02-02,0.0
1959-02-03,87.05317687988281
1959-02-04,2.773937702178955
1959-02-05,0.5398007035255432
1959-02-06,0.0
1959-02-07,0.0
1959-02-08,0.0
1959-02-09,0.0
1959-02-10,0.0
1959-02-11,0.0
1959-02-12,0.0
1959-02-13,0.0
1959-02-14,0.0
1959-02-15,0.0
1959-02-16,0.0
1959-02-17,0.0
1959-02-18,0.0
1959-02-19,0.0
1959-02-20,0.0
1959-02-21,0.0
1959-02-22,0.0
1959-02-23,0.0
1959-02-24,0.0
1959-02-25,0.0
1959-02-26,0.0
1959-02-27,0.0
1959-02-28,0.0
1959-03-01,0.0
1959-03-02,0.0
1959-03-03,0.0
1959-03-04,0.0
1959-03-05,0.0
1959-03-06,0.0
1959-03-07,0.0
1959-03-08,0.0
1959-03-09,0.0
1959-03-10,0.0
1959-03-11,0.0
1959-03-12,0.0
1959-03-13,0.0
1959-03-14,0.0
1959-03-15,0.0
1959-03-16,0.0
1959-03-17,0.0
1959-03-18,0.0
1959-03-19,0.0
1959-03-20,0.0
1959-03-21,0.0
1959-03-22,0.0
1959-03-23,0.0
1959-03-24,0.0
1959-03-25,0.0
1959-03-26,0.0
1959-03-27,0.0
1959-03-28,0.0
1959-03-29,0.0
1959-03-30,0.0
1959-03-31,0.0
1959-04-01,0.0
1959-04-02,0.0
1959-04-03,0.0
1959-04-04,0.0
1959-04-05,0.0
1959-04-06,0.0
1959-04-07,1.662018060684204
1959-04-08,0.0
1959-04-09,0.0
1959-04-10,0.0
1959-04-11,0.0
1959-04-12,0.0
1959-04-13,0.0
1959-04-14,0.0
1959-04-15,0.0
1959-04-16,0.0
1959-04-17,0.0
1959-04-18,1.3779124021530151
1959-04-19,0.24699766933918
1959-04-20,0.0
1959-04-21,0.0
1959-04-22,0.1420528292655944
1959-04-23,0.0
1959-04-24,0.0
1959-04-25,0.0
1959-04-26,0.0
1959-04-27,0.0
1959-04-28,0.0
1959-04-29,0.0
1959-04-30,0.0
1959-05-01,0.0
1959-05-02,0.0
1959-05-03,0.0
1959-05-04,0.0
1959-05-05,0.0
1959-05-06,0.0
1959-05-07,0.0
1959-05-08,0.0
1959-05-09,0.0
1959-05-10,0.0
1959-05-11,0.0
1959-05-12,0.0
1959-05-13,0.0
1959-05-14,0.0
1959-05-15,0.0
1959-05-16,0.0
1959-05-17,0.0
1959-05-18,0.0
1959-05-19,0.0
1959-05-20,0.0
1959-05-21,0.0
1959-05-22,0.0
1959-05-23,0.0
1959-05-24,0.0
1959-05-25,0.0
1959-05-26,0.0
1959-05-27,0.0
1959-05-28,0.0
1959-05-29,0.0
1959-05-30,16.83316993713379
1959-05-31,7.814030647277832
1959-06-01,0.0
1959-06-02,0.0
1959-06-03,0.0
1959-06-04,0.0
1959-06-05,0.0
1959-06-06,0.2130792438983917
1959-06-07,0.0
1959-06-08,0.2287616431713104
1959-06-09,8.539722442626953
1959-06-10,0.0
1959-06-11,0.0
1959-06-12,0.6818535923957825
1959-06-13,0.0
1959-06-14,0.0
1959-06-15,1.976704478263855
1959-06-16,5.080995082855225
1959-06-17,0.0
1959-06-18,0.0
1959-06-19,0.0
1959-06-20,0.0
1959-06-21,0.2130792438983917
1959-06-22,3.391487836837769
1959-06-23,2.2315833568573
1959-06-24,0.0
1959-06-25,0.1136422604322433
1959-06-26,1.845223069190979
1959-06-27,0.393767386674881
1959-06-28,3.457627296447754
1959-06-29,0.0
1959-06-30,0.1420528292655944
1959-07-01,0.0
1959-07-02,0.0
1959-07-03,0.391730397939682
1959-07-04,0.0
1959-07-05,0.0
1959-07-06,0.0
1959-07-07,0.9315311312675476
1959-07-08,0.0
1959-07-09,0.0
1959-07-10,0.0
1959-07-11,0.0
1959-07-12,0.0
1959-07-13,0.0
1959-07-14,0.0
1959-07-15,0.0
1959-07-16,0.0
1959-07-17,2.32824444770813
1959-07-18,18.72471237182617
1959-07-19,0.6267686486244202
1959-07-20,0.0
1959-07-21,0.0
1959-07-22,0.0
1959-07-23,0.0
1959-07-24,0.0
1959-07-25,0.0
1959-07-26,0.0
1959-07-27,0.0
1959-07-28,0.0
1959-07-29,0.0
1959-07-30,0.62519770860672
1959-07-31,0.0
1959-08-01,0.0
1959-08-02,0.0
1959-08-03,0.0
1959-08-04,0.0
1959-08-05,0.0
1959-08-06,0.5824165940284729
1959-08-07,0.9637424349784852
1959-08-08,0.0
1959-08-09,0.6189437508583069
1959-08-10,4.493966579437256
1959-08-11,0.0
1959-08-12,59.44058227539063
1959-08-13,10.752947807312012
1959-08-14,1.0748860836029053
1959-08-15,0.0
1959-08-16,0.0
1959-08-17,0.0
1959-08-18,0.0
1959-08-19,3.2103939056396484
1959-08-20,0.0
1959-08-21,0.0
1959-08-22,0.0
1959-08-23,0.0
1959-08-24,0.0
1959-08-25,14.346829414367676
1959-08-26,0.0
1959-08-27,0.0
1959-08-28,0.0
1959-08-29,0.0
1959-08-30,0.7950402498245239
1959-08-31,0.0
1959-09-01,0.0
1959-09-02,0.1744665950536728
1959-09-03,0.0
1959-09-04,1.740659475326538
1959-09-05,42.60902786254883
1959-09-06,0.6063048243522644
1959-09-07,0.0
1959-09-08,0.0
1959-09-09,9.505248069763184
1959-09-10,0.7722458243370056
1959-09-11,0.0
1959-09-12,0.0
1959-09-13,0.2156328856945037
1959-09-14,0.2841056585311889
1959-09-15,0.6413530707359314
1959-09-16,0.1846686601638794
1959-09-17,0.0
1959-09-18,0.0
1959-09-19,0.0
1959-09-20,22.31563377380371
1959-09-21,4.10712194442749
1959-09-22,0.7683675289154053
1959-09-23,0.2799053192138672
1959-09-24,0.0
1959-09-25,34.72210693359375
1959-09-26,0.0
1959-09-27,0.9808449745178224
1959-09-28,2.1107337474823
1959-09-29,0.0
1959-09-30,0.0
1959-10-01,0.0
1959-10-02,0.0
1959-10-03,0.1646651029586792
1959-10-04,1.4201828241348269
1959-10-05,42.193138122558594
1959-10-06,0.0
1959-10-07,0.0
1959-10-08,0.0
1959-10-09,0.7954958081245422
1959-10-10,0.4665088653564453
1959-10-11,0.7670853137969971
1959-10-12,11.36018180847168
1959-10-13,0.0
1959-10-14,2.7919719219207764
1959-10-15,0.0
1959-10-16,0.0
1959-10-17,0.0
1959-10-18,0.5398007035255432
1959-10-19,0.3551320731639862
1959-10-20,0.4404188394546509
1959-10-21,6.017163276672363
1959-10-22,7.549702644348144
1959-10-23,23.921497344970703
1959-10-24,3.6331417560577393
1959-10-25,10.549616813659668
1959-10-26,18.32179069519043
1959-10-27,49.720924377441406
1959-10-28,7.674512386322021
1959-10-29,58.54641342163086
1959-10-30,0.4743624925613403
1959-10-31,0.0
1959-11-01,0.0
1959-11-02,0.0
1959-11-03,0.0
1959-11-04,0.0
1959-11-05,9.535791397094728
1959-11-06,50.95296096801758
1959-11-07,78.29387664794922
1959-11-08,7.666689872741699
1959-11-09,2.3975613117218018
1959-11-10,0.3293003737926483
1959-11-11,0.2156328856945037
1959-11-12,0.6172463297843933
1959-11-13,7.300306797027588
1959-11-14,0.0
1959-11-15,0.0
1959-11-16,0.0
1959-11-17,0.0
1959-11-18,0.0
1959-11-19,0.0
1959-11-20,0.0
1959-11-21,0.0
1959-11-22,0.0
1959-11-23,0.0
1959-11-24,0.0
1959-11-25,0.127419427037239
1959-11-26,11.753329277038574
1959-11-27,0.0
1959-11-28,48.39619827270508
1959-11-29,51.25408935546875
1959-11-30,1.9028438329696653
1959-12-01,131.50271606445312
1959-12-02,3.897705316543579
1959-12-03,0.0
1959-12-04,0.0
1959-12-05,0.0
1959-12-06,0.0
1959-12-07,0.0
1959-12-08,0.0
1959-12-09,0.0
1959-12-10,0.0
1959-12-11,4.294800281524658
1959-12-12,0.1420528292655944
1959-12-13,0.0
1959-12-14,0.0
1959-12-15,0.0
1959-12-16,0.0
1959-12-17,0.0
1959-12-18,0.0
1959-12-19,14.13945770263672
1959-12-20,0.0
1959-12-21,0.0
1959-12-22,0.0
1959-12-23,0.0
1959-12-24,0.0
1959-12-25,0.0
1959-12-26,0.6267686486244202
1959-12-27,0.0
1959-12-28,0.0
1959-12-29,0.0
1959-12-30,0.0
1959-12-31,0.0
1960-01-01,0.0
1960-01-02,0.0
1960-01-03,0.0
1960-01-04,0.0
1960-01-05,0.0
1960-01-06,0.0
1960-01-07,0.0
1960-01-08,0.0
1960-01-09,0.0
1960-01-10,0.0
1960-01-11,0.0
1960-01-12,0.0
1960-01-13,0.0
1960-01-14,0.0
1960-01-15,0.0
1960-01-16,0.0
1960-01-17,0.0
1960-01-18,0.0
1960-01-19,0.0
1960-01-20,2.0616304874420166
1960-01-21,4.774673461914063
1960-01-22,0.1616558134555816
1960-01-23,0.0
1960-01-24,0.0
1960-01-25,0.0
1960-01-26,0.0
1960-01-27,0.0
1960-01-28,0.0
1960-01-29,0.0
1960-01-30,0.0
1960-01-31,0.0
1960-02-01,0.0
1960-02-02,0.0
1960-02-03,0.0
1960-02-04,0.0
1960-02-05,0.0
1960-02-06,0.0
1960-02-07,0.0
1960-02-08,0.0
1960-02-09,0.0
1960-02-10,0.0
1960-02-11,0.0
1960-02-12,0.0
1960-02-13,0.0
1960-02-14,0.0
1960-02-15,0.0
1960-02-16,0.0
1960-02-17,0.0
1960-02-18,0.0
1960-02-19,0.0
1960-02-20,0.0
1960-02-21,0.0
1960-02-22,0.0
1960-02-23,0.0
1960-02-24,0.0
1960-02-25,0.0
1960-02-26,0.0
1960-02-27,0.0
1960-02-28,0.0
1960-02-29,0.0
1960-03-01,0.0
1960-03-02,0.0
1960-03-03,0.0
1960-03-04,0.0
1960-03-05,0.0
1960-03-06,0.0
1960-03-07,0.0
1960-03-08,0.0
1960-03-09,0.5398007035255432
1960-03-10,0.0
1960-03-11,0.0
1960-03-12,0.0
1960-03-13,0.0
1960-03-14,0.0
1960-03-15,0.0
1960-03-16,0.0
1960-03-17,0.0
1960-03-18,0.0
1960-03-19,0.0
1960-03-20,0.0
1960-03-21,0.0
1960-03-22,0.0
1960-03-23,0.0
1960-03-24,0.0
1960-03-25,0.0
1960-03-26,0.0
1960-03-27,0.0
1960-03-28,0.0
1960-03-29,0.0
1960-03-30,0.0
1960-03-31,0.0
1960-04-01,0.0
1960-04-02,0.0
1960-04-03,0.0
1960-04-04,0.0
1960-04-05,0.0
1960-04-06,0.0
1960-04-07,0.0
1960-04-08,0.0
1960-04-09,0.0
1960-04-10,0.0
1960-04-11,0.0
1960-04-12,0.0
1960-04-13,0.0
1960-04-14,0.0
1960-04-15,3.0085158348083496
1960-04-16,0.0
1960-04-17,0.0
1960-04-18,0.0
1960-04-19,0.0
1960-04-20,0.0
1960-04-21,0.0
1960-04-22,0.0
1960-04-23,0.0
1960-04-24,0.0
1960-04-25,0.0
1960-04-26,0.0
1960-04-27,0.0
1960-04-28,0.0
1960-04-29,0.0
1960-04-30,0.0
1960-05-01,0.0
1960-05-02,0.0
1960-05-03,0.0
1960-05-04,0.0
1960-05-05,0.0
1960-05-06,0.0
1960-05-07,0.0
1960-05-08,0.0
1960-05-09,0.0
1960-05-10,0.0
1960-05-11,0.0
1960-05-12,0.0
1960-05-13,0.0
1960-05-14,0.0
1960-05-15,0.0
1960-05-16,0.0
1960-05-17,2.9007728099823
1960-05-18,7.704590320587158
1960-05-19,0.0
1960-05-20,0.0
1960-05-21,0.0
1960-05-22,0.0
1960-05-23,0.0
1960-05-24,0.0
1960-05-25,0.0
1960-05-26,0.0
1960-05-27,0.0
1960-05-28,0.0
1960-05-29,0.0
1960-05-30,0.0
1960-05-31,0.0
1960-06-01,0.0
1960-06-02,0.0
1960-06-03,0.0
1960-06-04,0.0
1960-06-05,0.7528800368309021
1960-06-06,0.0
1960-06-07,4.428694248199463
1960-06-08,4.965158462524414
1960-06-09,1.2938123941421509
1960-06-10,0.0
1960-06-11,0.0
1960-06-12,3.389538049697876
1960-06-13,0.3293003737926483
1960-06-14,0.0
1960-06-15,0.0
1960-06-16,4.019239902496338
1960-06-17,0.0
1960-06-18,0.0
1960-06-19,0.0
1960-06-20,0.0
1960-06-21,1.566921591758728
1960-06-22,52.3124885559082
1960-06-23,3.917304039001465
1960-06-24,0.0
1960-06-25,0.0
1960-06-26,0.1058561503887176
1960-06-27,0.1117370426654815
1960-06-28,0.0
1960-06-29,0.0
1960-06-30,0.0
1960-07-01,0.0
1960-07-02,0.0
1960-07-03,0.8949328660964966
1960-07-04,0.7738559246063232
1960-07-05,6.737960815429688
1960-07-06,1.7112183570861816
1960-07-07,3.623824119567871
1960-07-08,0.4500438272953033
1960-07-09,0.7597547769546509
1960-07-10,0.0
1960-07-11,0.0
1960-07-12,0.255695104598999
1960-07-13,0.0
1960-07-14,0.0
1960-07-15,2.2097151279449463
1960-07-16,0.0
1960-07-17,0.0
1960-07-18,0.3551320731639862
1960-07-19,34.7154541015625
1960-07-20,1.2644281387329102
1960-07-21,0.0
1960-07-22,0.0
1960-07-23,0.0
1960-07-24,0.0
1960-07-25,0.0
1960-07-26,1.2263063192367554
1960-07-27,0.0
1960-07-28,0.0
1960-07-29,0.0
1960-07-30,0.0
1960-07-31,0.0
1960-08-01,0.0
1960-08-02,0.0
1960-08-03,0.0
1960-08-04,0.0
1960-08-05,0.0
1960-08-06,0.0
1960-08-07,0.0
1960-08-08,0.0
1960-08-09,0.0
1960-08-10,0.0
1960-08-11,0.0
1960-08-12,0.0
1960-08-13,0.0
1960-08-14,0.0
1960-08-15,0.0
1960-08-16,0.0
1960-08-17,0.0
1960-08-18,0.0
1960-08-19,0.0
1960-08-20,3.995649814605713
1960-08-21,0.0
1960-08-22,3.502322196960449
1960-08-23,4.720119476318359
1960-08-24,2.009619951248169
1960-08-25,0.0
1960-08-26,0.0
1960-08-27,0.0
1960-08-28,2.5285403728485107
1960-08-29,4.40652322769165
1960-08-30,0.0
1960-08-31,0.548833966255188
1960-09-01,0.0
1960-09-02,1.3162869215011597
1960-09-03,0.0
1960-09-04,0.0
1960-09-05,3.2814204692840576
1960-09-06,0.1372209340333938
1960-09-07,20.058225631713867
1960-09-08,0.1136422604322433
1960-09-09,0.0
1960-09-10,0.0
1960-09-11,0.0
1960-09-12,0.1420528292655944
1960-09-13,2.996753931045532
1960-09-14,2.319322347640991
1960-09-15,0.0
1960-09-16,0.6704223155975342
1960-09-17,85.88259887695312
1960-09-18,0.1925098598003387
1960-09-19,4.536098957061768
1960-09-20,0.0
1960-09-21,3.733738660812378
1960-09-22,1.9143033027648928
1960-09-23,4.133501529693604
1960-09-24,3.823774576187134
1960-09-25,0.0
1960-09-26,0.0
1960-09-27,0.0
1960-09-28,0.0
1960-09-29,0.0
1960-09-30,0.7528800368309021
1960-10-01,58.7530517578125
1960-10-02,3.542595624923706
1960-10-03,1.4504985809326172
1960-10-04,0.1846686601638794
1960-10-05,0.0
1960-10-06,0.0
1960-10-07,0.0
1960-10-08,0.0
1960-10-09,0.0
1960-10-10,0.0
1960-10-11,0.0
1960-10-12,0.0
1960-10-13,0.0
1960-10-14,0.0
1960-10-15,0.0
1960-10-16,0.0
1960-10-17,0.0
1960-10-18,0.0
1960-10-19,0.2430770546197891
1960-10-20,0.0
1960-10-21,0.4293054938316345
1960-10-22,12.836459159851074
1960-10-23,16.857023239135742
1960-10-24,25.584901809692383
1960-10-25,1.933982253074646
1960-10-26,46.569366455078125
1960-10-27,0.0
1960-10-28,0.2352358847856521
1960-10-29,0.1215385273098945
1960-10-30,0.0
1960-10-31,39.173038482666016
1960-11-01,14.88724422454834
1960-11-02,10.40623950958252
1960-11-03,32.86598587036133
1960-11-04,2.114554643630981
1960-11-05,56.54568862915039
1960-11-06,3.056622266769409
1960-11-07,17.128416061401367
1960-11-08,38.998348236083984
1960-11-09,50.16668319702149
1960-11-10,28.54745101928711
1960-11-11,109.50180053710938
1960-11-12,46.05830764770508
1960-11-13,22.235105514526367
1960-11-14,98.37843322753906
1960-11-15,24.600069046020508
1960-11-16,102.6101531982422
1960-11-17,7.932267665863037
1960-11-18,7.91635799407959
1960-11-19,0.9493655562400818
1960-11-20,0.1591618508100509
1960-11-21,38.47447967529297
1960-11-22,8.755494117736816
1960-11-23,7.58204174041748
1960-11-24,0.1410864442586898
1960-11-25,0.0
1960-11-26,0.0
1960-11-27,0.0
1960-11-28,0.0
1960-11-29,0.0
1960-11-30,0.0
1960-12-01,0.0
1960-12-02,0.0
1960-12-03,0.0
1960-12-04,0.0
1960-12-05,0.0
1960-12-06,0.0
1960-12-07,0.4403637647628784
1960-12-08,0.6108272075653076
1960-12-09,1.3364006280899048
1960-12-10,0.6173014044761658
1960-12-11,0.1097767427563667
1960-12-12,1.5199651718139648
1960-12-13,1.926409721374512
1960-12-14,0.0
1960-12-15,0.0
1960-12-16,0.0
1960-12-17,0.0
1960-12-18,0.0
1960-12-19,0.0
1960-12-20,0.0
1960-12-21,0.0
1960-12-22,0.0
1960-12-23,0.0
1960-12-24,0.0
1960-12-25,0.0
1960-12-26,0.0
1960-12-27,0.0
1960-12-28,0.3977479040622711
1960-12-29,0.0
1960-12-30,0.0
1960-12-31,0.0
1961-01-01,0.0
1961-01-02,0.0
1961-01-03,0.0
1961-01-04,2.021070718765259
1961-01-05,0.983684539794922
1961-01-06,2.986131191253662
1961-01-07,0.4136081635951996
1961-01-08,0.0
1961-01-09,19.586519241333008
1961-01-10,8.727952003479004
1961-01-11,71.80400085449219
1961-01-12,36.972843170166016
1961-01-13,0.0
1961-01-14,0.0
1961-01-15,0.0
1961-01-16,0.0
1961-01-17,0.0
1961-01-18,0.0
1961-01-19,0.0
1961-01-20,0.0
1961-01-21,0.0
1961-01-22,0.0
1961-01-23,0.0
1961-01-24,0.0
1961-01-25,0.0
1961-01-26,0.0
1961-01-27,0.0
1961-01-28,0.0
1961-01-29,0.0
1961-01-30,0.0
1961-01-31,0.0
1961-02-01,0.0
1961-02-02,0.0
1961-02-03,0.0
1961-02-04,0.0
1961-02-05,0.0
1961-02-06,0.0
1961-02-07,0.0
1961-02-08,0.0
1961-02-09,0.0
1961-02-10,0.0
1961-02-11,0.0
1961-02-12,0.0
1961-02-13,0.0
1961-02-14,0.1846686601638794
1961-02-15,0.0
1961-02-16,4.011203289031982
1961-02-17,0.0
1961-02-18,0.0
1961-02-19,0.0
1961-02-20,0.0
1961-02-21,0.0
1961-02-22,0.0
1961-02-23,0.0
1961-02-24,0.0
1961-02-25,0.0
1961-02-26,0.0
1961-02-27,0.0
1961-02-28,0.0
1961-03-01,0.0
1961-03-02,0.0
1961-03-03,0.0
1961-03-04,0.0
1961-03-05,0.0
1961-03-06,0.0
1961-03-07,0.0
1961-03-08,0.0
1961-03-09,0.0
1961-03-10,0.0
1961-03-11,0.0
1961-03-12,0.0
1961-03-13,0.0
1961-03-14,0.0
1961-03-15,0.0
1961-03-16,0.0
1961-03-17,0.0
1961-03-18,0.0
1961-03-19,0.0
1961-03-20,0.0
1961-03-21,0.0
1961-03-22,0.0
1961-03-23,0.0
1961-03-24,0.0
1961-03-25,0.0
1961-03-26,0.0
1961-03-27,0.0
1961-03-28,0.0
1961-03-29,0.0
1961-03-30,0.0
1961-03-31,0.0
1961-04-01,0.0
1961-04-02,0.0
1961-04-03,0.0
1961-04-04,0.0
1961-04-05,0.0
1961-04-06,0.0
1961-04-07,0.0
1961-04-08,0.0
1961-04-09,0.0
1961-04-10,0.0
1961-04-11,0.0
1961-04-12,0.0
1961-04-13,0.0
1961-04-14,0.0
1961-04-15,0.0
1961-04-16,0.0
1961-04-17,0.0
1961-04-18,0.0
1961-04-19,0.0
1961-04-20,0.0
1961-04-21,0.0
1961-04-22,0.0
1961-04-23,0.0
1961-04-24,0.0
1961-04-25,0.0
1961-04-26,0.0
1961-04-27,0.0
1961-04-28,0.0
1961-04-29,0.0
1961-04-30,0.0
1961-05-01,0.0
1961-05-02,0.0
1961-05-03,0.0
1961-05-04,0.0
1961-05-05,0.0
1961-05-06,0.0
1961-05-07,0.3551320731639862
1961-05-08,0.0
1961-05-09,0.0
1961-05-10,0.0
1961-05-11,0.0
1961-05-12,0.0
1961-05-13,0.0
1961-05-14,0.0
1961-05-15,0.0
1961-05-16,0.0
1961-05-17,0.0
1961-05-18,0.0
1961-05-19,0.0
1961-05-20,0.9958469271659852
1961-05-21,0.0
1961-05-22,0.0
1961-05-23,0.0
1961-05-24,0.0
1961-05-25,0.0
1961-05-26,0.8174548149108887
1961-05-27,0.0
1961-05-28,0.3551320731639862
1961-05-29,2.315805196762085
1961-05-30,0.0
1961-05-31,0.0
1961-06-01,0.0
1961-06-02,0.0
1961-06-03,0.0
1961-06-04,0.0
1961-06-05,0.0
1961-06-06,0.6818535923957825
1961-06-07,7.127598762512207
1961-06-08,0.0
1961-06-09,0.0
1961-06-10,0.156823918223381
1961-06-11,13.475525856018066
1961-06-12,0.0
1961-06-13,0.5070139169692993
1961-06-14,0.0
1961-06-15,0.0
1961-06-16,1.2741296291351318
1961-06-17,0.0
1961-06-18,0.0
1961-06-19,2.5285403728485107
1961-06-20,0.1846686601638794
1961-06-21,0.0
1961-06-22,3.253912210464477
1961-06-23,0.0
1961-06-24,0.0
1961-06-25,0.0
1961-06-26,0.4687743484973907
1961-06-27,0.0
1961-06-28,0.0
1961-06-29,0.0
1961-06-30,0.0
1961-07-01,1.0192759037017822
1961-07-02,0.0
1961-07-03,0.0
1961-07-04,0.0
1961-07-05,0.0
1961-07-06,0.0
1961-07-07,0.0
1961-07-08,0.2234740853309631
1961-07-09,0.747992992401123
1961-07-10,0.0
1961-07-11,0.0
1961-07-12,4.779110908508301
1961-07-13,0.3629732728004455
1961-07-14,0.0
1961-07-15,3.4020071029663086
1961-07-16,0.0
1961-07-17,1.8019598722457888
1961-07-18,0.0
1961-07-19,11.281835556030272
1961-07-20,0.6665016412734985
1961-07-21,0.0
1961-07-22,2.663766622543335
1961-07-23,0.4893712401390075
1961-07-24,0.0
1961-07-25,26.55333137512207
1961-07-26,81.52335357666016
1961-07-27,2.6917171478271484
1961-07-28,10.18921184539795
1961-07-29,0.0
1961-07-30,0.0
1961-07-31,0.0
1961-08-01,0.0
1961-08-02,0.0
1961-08-03,1.122217297554016
1961-08-04,0.0
1961-08-05,34.983665466308594
1961-08-06,28.76299095153809
1961-08-07,5.183170795440674
1961-08-08,3.792442560195923
1961-08-09,0.7244694232940674
1961-08-10,5.362950325012207
1961-08-11,10.280274391174316
1961-08-12,2.515602827072144
1961-08-13,1.912137985229492
1961-08-14,1.655135154724121
1961-08-15,1.087756872177124
1961-08-16,0.0
1961-08-17,0.3133843243122101
1961-08-18,0.12349883466959
1961-08-19,0.0
1961-08-20,0.0
1961-08-21,0.0
1961-08-22,5.112325191497803
1961-08-23,19.99933433532715
1961-08-24,2.6696934700012207
1961-08-25,2.3919677734375
1961-08-26,23.576879501342773
1961-08-27,1.9267997741699217
1961-08-28,0.3133843243122101
1961-08-29,19.870893478393555
1961-08-30,67.15524291992188
1961-08-31,26.882532119750977
1961-09-01,8.779914855957031
1961-09-02,0.0
1961-09-03,0.0
1961-09-04,0.0
1961-09-05,0.0
1961-09-06,0.0
1961-09-07,0.0
1961-09-08,0.1136422604322433
1961-09-09,0.0
1961-09-10,0.4390671551227569
1961-09-11,0.0
1961-09-12,0.0
1961-09-13,0.0
1961-09-14,19.586519241333008
1961-09-15,2.19143009185791
1961-09-16,0.0
1961-09-17,15.825908660888672
1961-09-18,7.976186752319336
1961-09-19,64.35742950439453
1961-09-20,63.147857666015625
1961-09-21,9.926472663879396
1961-09-22,3.179511547088623
1961-09-23,1.2196670770645142
1961-09-24,0.0
1961-09-25,2.3503823280334477
1961-09-26,0.2547837793827057
1961-09-27,0.0
1961-09-28,10.65506649017334
1961-09-29,2.88367223739624
1961-09-30,2.203742265701294
1961-10-01,15.240544319152832
1961-10-02,4.504805088043213
1961-10-03,0.0
1961-10-04,0.0
1961-10-05,2.03699803352356
1961-10-06,5.331160068511963
1961-10-07,2.533221244812012
1961-10-08,2.3864874839782715
1961-10-09,0.1420528292655944
1961-10-10,0.0
1961-10-11,0.0
1961-10-12,0.0
1961-10-13,0.0
1961-10-14,0.0
1961-10-15,0.0
1961-10-16,8.81118106842041
1961-10-17,12.08979320526123
1961-10-18,0.0
1961-10-19,0.0
1961-10-20,0.0
1961-10-21,0.0
1961-10-22,0.511390209197998
1961-10-23,34.62896728515625
1961-10-24,1.387556791305542
1961-10-25,1.421991229057312
1961-10-26,1.097244143486023
1961-10-27,0.0
1961-10-28,2.9771509170532227
1961-10-29,0.0
1961-10-30,0.0
1961-10-31,0.9736782908439636
1961-11-01,1.1893682479858398
1961-11-02,88.478759765625
1961-11-03,7.221158027648926
1961-11-04,5.159323215484619
1961-11-05,0.0
1961-11-06,0.0
1961-11-07,3.2944555282592773
1961-11-08,20.350133895874023
1961-11-09,0.0
1961-11-10,1.566921591758728
1961-11-11,3.7731716632843018
1961-11-12,3.3258204460144043
1961-11-13,12.226872444152832
1961-11-14,9.80037784576416
1961-11-15,0.4728876948356628
1961-11-16,0.0
1961-11-17,0.0
1961-11-18,0.0
1961-11-19,0.0
1961-11-20,0.0
1961-11-21,0.0
1961-11-22,0.0
1961-11-23,0.0
1961-11-24,0.0
1961-11-25,0.0
1961-11-26,0.0
1961-11-27,0.0
1961-11-28,0.0
1961-11-29,28.496841430664062
1961-11-30,13.808505058288574
1961-12-01,1.4954602718353271
1961-12-02,0.0
1961-12-03,15.123674392700195
1961-12-04,16.43462371826172
1961-12-05,2.57288122177124
1961-12-06,0.0
1961-12-07,0.0
1961-12-08,0.0
1961-12-09,0.0
1961-12-10,30.9389705657959
1961-12-11,3.950475692749024
1961-12-12,11.938819885253906
1961-12-13,1.0075936317443848
1961-12-14,0.0
1961-12-15,4.700764656066895
1961-12-16,0.0
1961-12-17,0.0
1961-12-18,0.0
1961-12-19,0.0
1961-12-20,0.0
1961-12-21,0.0
1961-12-22,0.0
1961-12-23,0.0
1961-12-24,0.0
1961-12-25,0.0
1961-12-26,0.0
1961-12-27,0.0
1961-12-28,0.0
1961-12-29,0.0
1961-12-30,0.0
1961-12-31,0.0
1962-01-01,0.0
1962-01-02,0.0
1962-01-03,0.0
1962-01-04,0.0
1962-01-05,0.0
1962-01-06,0.0
1962-01-07,0.0
1962-01-08,0.0
1962-01-09,0.0
1962-01-10,0.0
1962-01-11,0.0
1962-01-12,0.0
1962-01-13,0.0
1962-01-14,0.0
1962-01-15,0.0
1962-01-16,0.0
1962-01-17,0.0
1962-01-18,0.0
1962-01-19,0.0
1962-01-20,0.0
1962-01-21,0.0
1962-01-22,0.0
1962-01-23,0.0
1962-01-24,0.0
1962-01-25,0.0
1962-01-26,0.0
1962-01-27,1.0796014070510864
1962-01-28,0.0
1962-01-29,0.0
1962-01-30,0.0
1962-01-31,0.0
1962-02-01,0.0
1962-02-02,0.0
1962-02-03,0.0
1962-02-04,0.0
1962-02-05,0.0
1962-02-06,0.0
1962-02-07,0.0
1962-02-08,1.1751911640167236
1962-02-09,0.0
1962-02-10,0.0
1962-02-11,0.0
1962-02-12,0.0
1962-02-13,0.0
1962-02-14,0.0
1962-02-15,0.0
1962-02-16,0.0
1962-02-17,0.0
1962-02-18,0.0
1962-02-19,0.0
1962-02-20,0.0
1962-02-21,0.0
1962-02-22,0.0
1962-02-23,0.0
1962-02-24,0.0
1962-02-25,0.0
1962-02-26,5.562571048736572
1962-02-27,33.089542388916016
1962-02-28,5.562571048736572
1962-03-01,0.0
1962-03-02,0.0
1962-03-03,0.0
1962-03-04,0.0
1962-03-05,0.0
1962-03-06,0.0
1962-03-07,0.0
1962-03-08,0.0
1962-03-09,0.0
1962-03-10,0.2085569351911544
1962-03-11,6.891850471496582
1962-03-12,0.0
1962-03-13,0.0
1962-03-14,0.0
1962-03-15,0.0
1962-03-16,0.0
1962-03-17,0.0
1962-03-18,0.0
1962-03-19,0.0
1962-03-20,0.0
1962-03-21,0.0
1962-03-22,0.0
1962-03-23,0.0
1962-03-24,0.0
1962-03-25,0.0
1962-03-26,0.0
1962-03-27,0.0
1962-03-28,0.0
1962-03-29,0.0
1962-03-30,0.0
1962-03-31,0.0
1962-04-01,0.0
1962-04-02,0.0
1962-04-03,0.0
1962-04-04,8.640324592590332
1962-04-05,0.0
1962-04-06,37.3321647644043
1962-04-07,3.068701982498169
1962-04-08,8.748332023620605
1962-04-09,0.0
1962-04-10,0.0
1962-04-11,1.6194021701812744
1962-04-12,0.0
1962-04-13,0.2489579766988754
1962-04-14,0.229354977607727
1962-04-15,6.581069946289063
1962-04-16,1.5202786922454834
1962-04-17,5.170841217041016
1962-04-18,7.265661716461182
1962-04-19,0.0
1962-04-20,1.0184990167617798
1962-04-21,0.0
1962-04-22,8.147992134094238
1962-04-23,0.0
1962-04-24,0.0
1962-04-25,0.0
1962-04-26,0.0
1962-04-27,11.974910736083984
1962-04-28,31.07598114013672
1962-04-29,53.4073486328125
1962-04-30,1.986628532409668
1962-05-01,0.0
1962-05-02,3.911935329437256
1962-05-03,1.1457836627960205
1962-05-04,1.11413311958313
1962-05-05,2.5569510459899902
1962-05-06,0.4687743484973907
1962-05-07,0.0
1962-05-08,0.0
1962-05-09,0.3551320731639862
1962-05-10,19.82757568359375
1962-05-11,9.544939994812012
1962-05-12,0.0
1962-05-13,0.0
1962-05-14,0.0
1962-05-15,0.0
1962-05-16,8.14028263092041
1962-05-17,1.9096288681030276
1962-05-18,4.874971389770508
1962-05-19,0.8949328660964966
1962-05-20,0.0
1962-05-21,0.0
1962-05-22,0.3457654416561126
1962-05-23,0.0
1962-05-24,0.0
1962-05-25,0.0
1962-05-26,0.0
1962-05-27,1.960312008857727
1962-05-28,5.440622806549072
1962-05-29,4.211528301239014
1962-05-30,8.895777702331543
1962-05-31,9.38157081604004
1962-06-01,3.929343938827514
1962-06-02,1.0773247480392456
1962-06-03,0.7793443202972412
1962-06-04,0.0
1962-06-05,0.0
1962-06-06,0.1701385527849197
1962-06-07,0.2085569351911544
1962-06-08,0.1372085213661193
1962-06-09,0.2524636387825012
1962-06-10,6.163406848907471
1962-06-11,6.300614833831787
1962-06-12,2.288638114929199
1962-06-13,1.8660356998443604
1962-06-14,2.842960357666016
1962-06-15,3.9461169242858887
1962-06-16,0.2085569351911544
1962-06-17,2.2686450481414795
1962-06-18,2.2721731662750244
1962-06-19,0.8616694211959839
1962-06-20,0.0
1962-06-21,0.342634916305542
1962-06-22,0.5872524380683899
1962-06-23,0.0
1962-06-24,0.5982291102409363
1962-06-25,2.8910579681396484
1962-06-26,1.7288272380828855
1962-06-27,2.3435213565826416
1962-06-28,0.5159040093421936
1962-06-29,0.109766811132431
1962-06-30,1.465386986732483
1962-07-01,0.0
1962-07-02,0.0
1962-07-03,0.0
1962-07-04,0.0
1962-07-05,0.0
1962-07-06,0.0
1962-07-07,0.0
1962-07-08,7.053067207336426
1962-07-09,0.0
1962-07-10,0.0
1962-07-11,0.1975802630186081
1962-07-12,4.931274890899658
1962-07-13,0.0
1962-07-14,0.0
1962-07-15,0.0
1962-07-16,0.0
1962-07-17,0.0
1962-07-18,0.0
1962-07-19,0.0
1962-07-20,0.0
1962-07-21,0.0
1962-07-22,0.0
1962-07-23,0.0
1962-07-24,0.0
1962-07-25,0.0
1962-07-26,0.0
1962-07-27,0.0
1962-07-28,0.0
1962-07-29,0.0
1962-07-30,4.067340850830078
1962-07-31,0.0
1962-08-01,0.0
1962-08-02,0.0
1962-08-03,0.1117370426654815
1962-08-04,0.0
1962-08-05,0.0
1962-08-06,0.0
1962-08-07,0.0
1962-08-08,0.0
1962-08-09,0.0
1962-08-10,0.0
1962-08-11,0.0
1962-08-12,0.0
1962-08-13,0.0
1962-08-14,0.0
1962-08-15,0.0
1962-08-16,0.0
1962-08-17,0.2607197761535644
1962-08-18,0.0
1962-08-19,2.154453754425049
1962-08-20,0.0
1962-08-21,1.347085952758789
1962-08-22,1.875097393989563
1962-08-23,3.30720591545105
1962-08-24,0.0
1962-08-25,0.0
1962-08-26,0.0
1962-08-27,0.2097519785165786
1962-08-28,0.0
1962-08-29,1.671859622001648
1962-08-30,38.42304992675781
1962-08-31,20.454910278320312
1962-09-01,1.4205282926559448
1962-09-02,71.17933654785156
1962-09-03,0.0
1962-09-04,0.0
1962-09-05,0.1764269173145294
1962-09-06,0.0
1962-09-07,0.0
1962-09-08,0.0
1962-09-09,0.117617942392826
1962-09-10,0.0
1962-09-11,0.0
1962-09-12,10.184990882873535
1962-09-13,1.5185432434082031
1962-09-14,23.50382423400879
1962-09-15,0.980149507522583
1962-09-16,0.0
1962-09-17,0.0
1962-09-18,0.0
1962-09-19,0.0
1962-09-20,0.0
1962-09-21,0.0
1962-09-22,0.0
1962-09-23,0.0
1962-09-24,0.2744170427322387
1962-09-25,1.8466867208480835
1962-09-26,1.5682390928268433
1962-09-27,52.037715911865234
1962-09-28,0.0
1962-09-29,6.817196846008301
1962-09-30,36.05945587158203
1962-10-01,5.387528419494629
1962-10-02,23.656625747680664
1962-10-03,4.128240585327148
1962-10-04,1.7188392877578735
1962-10-05,2.392916440963745
1962-10-06,0.0
1962-10-07,0.0
1962-10-08,2.07784104347229
1962-10-09,24.17988586425781
1962-10-10,9.32493019104004
1962-10-11,42.7265853881836
1962-10-12,2.0871098041534424
1962-10-13,4.974881649017334
1962-10-14,0.2841056585311889
1962-10-15,0.0
1962-10-16,24.777359008789062
1962-10-17,20.15022087097168
1962-10-18,20.93080711364746
1962-10-19,15.790627479553224
1962-10-20,14.684711456298828
1962-10-21,0.4801355600357055
1962-10-22,8.95296859741211
1962-10-23,26.747432708740234
1962-10-24,0.0
1962-10-25,4.246604442596436
1962-10-26,0.0
1962-10-27,0.0
1962-10-28,32.12189102172852
1962-10-29,18.129364013671875
1962-10-30,5.484225273132324
1962-10-31,0.0
1962-11-01,0.0
1962-11-02,0.0
1962-11-03,0.0
1962-11-04,1.2623183727264404
1962-11-05,15.94464111328125
1962-11-06,1.8466867208480835
1962-11-07,1.3290033340454102
1962-11-08,0.8781344890594482
1962-11-09,0.2940448522567749
1962-11-10,0.0
1962-11-11,0.0
1962-11-12,0.0
1962-11-13,0.0
1962-11-14,0.0
1962-11-15,0.0
1962-11-16,0.0
1962-11-17,0.0
1962-11-18,0.0
1962-11-19,0.0
1962-11-20,0.0
1962-11-21,0.0
1962-11-22,0.0
1962-11-23,4.544270515441895
1962-11-24,168.6187744140625
1962-11-25,51.80412292480469
1962-11-26,4.056117057800293
1962-11-27,0.0
1962-11-28,0.0
1962-11-29,0.0
1962-11-30,0.0
1962-12-01,11.989031791687012
1962-12-02,5.867671966552734
1962-12-03,11.51516056060791
1962-12-04,0.1562581062316894
1962-12-05,0.0
1962-12-06,0.0
1962-12-07,0.0
1962-12-08,0.0
1962-12-09,0.0
1962-12-10,0.0
1962-12-11,0.0
1962-12-12,0.0
1962-12-13,0.0
1962-12-14,0.0
1962-12-15,0.0
1962-12-16,0.0
1962-12-17,0.0
1962-12-18,0.0
1962-12-19,0.0
1962-12-20,0.0
1962-12-21,0.0
1962-12-22,0.0
1962-12-23,0.0
1962-12-24,0.0
1962-12-25,0.0
1962-12-26,0.6076627969741821
1962-12-27,3.7709202766418457
1962-12-28,1.993080139160156
1962-12-29,0.0
1962-12-30,0.0
1962-12-31,0.0
1963-01-01,0.0
1963-01-02,0.0
1963-01-03,0.0
1963-01-04,0.0
1963-01-05,0.0
1963-01-06,0.0
1963-01-07,0.0
1963-01-08,1.523023009300232
1963-01-09,33.46821975708008
1963-01-10,32.31098175048828
1963-01-11,4.634154319763184
1963-01-12,10.069853782653809
1963-01-13,0.0
1963-01-14,0.0
1963-01-15,1.566921591758728
1963-01-16,1.2516777515411377
1963-01-17,0.4261584877967834
1963-01-18,0.0
1963-01-19,0.0
1963-01-20,0.0
1963-01-21,0.0
1963-01-22,0.0
1963-01-23,0.0
1963-01-24,0.0
1963-01-25,0.0
1963-01-26,0.0
1963-01-27,0.0
1963-01-28,0.0
1963-01-29,0.0
1963-01-30,0.0
1963-01-31,0.0
1963-02-01,0.0
1963-02-02,0.0
1963-02-03,0.0
1963-02-04,0.0
1963-02-05,0.0
1963-02-06,0.0
1963-02-07,0.0
1963-02-08,0.0
1963-02-09,0.0
1963-02-10,0.0
1963-02-11,0.0
1963-02-12,0.0
1963-02-13,0.0
1963-02-14,0.0
1963-02-15,0.0
1963-02-16,0.0
1963-02-17,0.0
1963-02-18,0.0
1963-02-19,0.0
1963-02-20,0.0
1963-02-21,0.0
1963-02-22,0.0
1963-02-23,0.0
1963-02-24,0.0
1963-02-25,0.0
1963-02-26,0.0
1963-02-27,0.0
1963-02-28,0.0
1963-03-01,0.0
1963-03-02,0.0
1963-03-03,0.0
1963-03-04,0.0
1963-03-05,0.0
1963-03-06,0.0
1963-03-07,0.0
1963-03-08,0.0
1963-03-09,0.0
1963-03-10,0.0
1963-03-11,0.0
1963-03-12,0.0
1963-03-13,0.0
1963-03-14,0.0
1963-03-15,0.0
1963-03-16,0.0
1963-03-17,0.0
1963-03-18,0.0
1963-03-19,0.0
1963-03-20,0.0
1963-03-21,0.0
1963-03-22,0.0
1963-03-23,0.0
1963-03-24,0.0
1963-03-25,11.930709838867188
1963-03-26,0.9989075660705566
1963-03-27,4.277267456054688
1963-03-28,0.0
1963-03-29,0.2841056585311889
1963-03-30,0.0
1963-03-31,0.0
1963-04-01,0.0
1963-04-02,0.0
1963-04-03,0.0
1963-04-04,0.0
1963-04-05,0.0
1963-04-06,0.0
1963-04-07,0.0
1963-04-08,0.0
1963-04-09,0.0
1963-04-10,0.0
1963-04-11,0.0
1963-04-12,0.0
1963-04-13,1.566921591758728
1963-04-14,0.0
1963-04-15,0.2842184603214264
1963-04-16,0.0
1963-04-17,0.0
1963-04-18,0.0
1963-04-19,0.0
1963-04-20,0.0
1963-04-21,0.0
1963-04-22,0.0
1963-04-23,0.0
1963-04-24,0.0
1963-04-25,0.0
1963-04-26,1.566921591758728
1963-04-27,0.0
1963-04-28,0.0
1963-04-29,0.0
1963-04-30,0.0
1963-05-01,0.0
1963-05-02,0.0
1963-05-03,0.0
1963-05-04,0.0
1963-05-05,0.0
1963-05-06,0.0
1963-05-07,0.0
1963-05-08,0.0
1963-05-09,0.0
1963-05-10,11.835269927978516
1963-05-11,0.0
1963-05-12,0.0
1963-05-13,0.0
1963-05-14,0.0
1963-05-15,0.0
1963-05-16,0.0
1963-05-17,0.0
1963-05-18,0.0
1963-05-19,0.0
1963-05-20,0.0
1963-05-21,0.0
1963-05-22,0.0
1963-05-23,0.0
1963-05-24,0.0
1963-05-25,0.0
1963-05-26,0.0
1963-05-27,0.548833966255188
1963-05-28,0.3351812660694122
1963-05-29,0.0
1963-05-30,0.0
1963-05-31,3.133843183517456
1963-06-01,0.0
1963-06-02,0.0
1963-06-03,0.0
1963-06-04,0.2626800537109375
1963-06-05,0.0
1963-06-06,0.0
1963-06-07,0.0
1963-06-08,0.0
1963-06-09,0.0
1963-06-10,0.0
1963-06-11,0.0
1963-06-12,0.0
1963-06-13,0.0
1963-06-14,0.0
1963-06-15,0.0
1963-06-16,0.0
1963-06-17,0.0
1963-06-18,0.0
1963-06-19,0.0
1963-06-20,0.0
1963-06-21,0.0
1963-06-22,0.0
1963-06-23,0.0
1963-06-24,0.0
1963-06-25,0.0
1963-06-26,4.079145431518555
1963-06-27,1.7657955884933472
1963-06-28,3.621562242507935
1963-06-29,0.4390671551227569
1963-06-30,0.0
1963-07-01,0.0
1963-07-02,0.0
1963-07-03,0.0
1963-07-04,0.0
1963-07-05,0.0
1963-07-06,0.0
1963-07-07,0.0
1963-07-08,0.0
1963-07-09,0.0
1963-07-10,0.0
1963-07-11,8.757951736450195
1963-07-12,7.487470626831055
1963-07-13,0.0
1963-07-14,5.332475185394287
1963-07-15,9.997502326965332
1963-07-16,31.8306884765625
1963-07-17,17.75481414794922
1963-07-18,44.17521667480469
1963-07-19,2.22079873085022
1963-07-20,0.0
1963-07-21,0.0
1963-07-22,17.752153396606445
1963-07-23,0.0
1963-07-24,38.701507568359375
1963-07-25,0.0
1963-07-26,2.0295522212982178
1963-07-27,0.0
1963-07-28,0.0
1963-07-29,0.0
1963-07-30,0.0
1963-07-31,6.574800491333008
1963-08-01,0.1704633980989456
1963-08-02,4.220968246459961
1963-08-03,4.700764656066895
1963-08-04,11.680755615234377
1963-08-05,0.0
1963-08-06,0.0
1963-08-07,0.0
1963-08-08,0.0
1963-08-09,0.0
1963-08-10,0.0
1963-08-11,0.0
1963-08-12,0.0
1963-08-13,0.0
1963-08-14,11.172256469726562
1963-08-15,0.1420528292655944
1963-08-16,1.4828027486801147
1963-08-17,13.879196166992188
1963-08-18,0.0
1963-08-19,0.0
1963-08-20,0.0
1963-08-21,0.0
1963-08-22,3.408705472946167
1963-08-23,0.7628791928291321
1963-08-24,31.93080711364746
1963-08-25,0.1097667887806892
1963-08-26,16.775461196899414
1963-08-27,1.919775366783142
1963-08-28,0.0
1963-08-29,0.0
1963-08-30,1.3559561967849731
1963-08-31,71.51780700683594
1963-09-01,4.741210460662842
1963-09-02,0.0
1963-09-03,1.3702517747879028
1963-09-04,0.0
1963-09-05,0.0
1963-09-06,0.2130792438983917
1963-09-07,0.0
1963-09-08,0.1254591345787048
1963-09-09,0.0
1963-09-10,0.0
1963-09-11,0.0
1963-09-12,0.0
1963-09-13,0.0
1963-09-14,0.0
1963-09-15,0.0
1963-09-16,0.0
1963-09-17,0.5268806219100952
1963-09-18,0.6392377614974976
1963-09-19,0.0
1963-09-20,0.0
1963-09-21,0.0
1963-09-22,0.0
1963-09-23,0.0
1963-09-24,0.2195335775613784
1963-09-25,7.231827259063721
1963-09-26,0.1420528292655944
1963-09-27,3.885404109954834
1963-09-28,39.42045593261719
1963-09-29,3.019836902618408
1963-09-30,4.415478229522705
1963-10-01,12.857780456542969
1963-10-02,0.0
1963-10-03,0.0
1963-10-04,0.0
1963-10-05,0.0
1963-10-06,0.0
1963-10-07,0.0
1963-10-08,0.0
1963-10-09,0.0
1963-10-10,1.0780699253082275
1963-10-11,34.40473556518555
1963-10-12,0.4007973670959472
1963-10-13,0.548833966255188
1963-10-14,0.0
1963-10-15,1.6336075067520142
1963-10-16,0.7554559707641602
1963-10-17,5.178799152374268
1963-10-18,1.122244954109192
1963-10-19,15.41221809387207
1963-10-20,1.3726825714111328
1963-10-21,73.8737564086914
1963-10-22,22.762800216674805
1963-10-23,0.8548556566238403
1963-10-24,0.0
1963-10-25,0.0
1963-10-26,0.6037173271179199
1963-10-27,0.0
1963-10-28,1.4205282926559448
1963-10-29,0.0
1963-10-30,0.0
1963-10-31,0.9000876545906067
1963-11-01,1.0169671773910522
1963-11-02,0.3340060710906982
1963-11-03,0.2097519785165786
1963-11-04,1.025196552276611
1963-11-05,0.2744418680667877
1963-11-06,0.0
1963-11-07,0.0
1963-11-08,0.0
1963-11-09,0.0
1963-11-10,0.0
1963-11-11,0.0
1963-11-12,0.0
1963-11-13,0.0
1963-11-14,14.110676765441896
1963-11-15,0.8938963413238525
1963-11-16,25.543643951416016
1963-11-17,60.78897857666016
1963-11-18,24.41401672363281
1963-11-19,22.573516845703125
1963-11-20,0.3821206092834472
1963-11-21,31.660295486450195
1963-11-22,21.70255851745605
1963-11-23,0.1420528292655944
1963-11-24,0.0
1963-11-25,0.0
1963-11-26,0.0
1963-11-27,0.0
1963-11-28,0.0
1963-11-29,22.4676570892334
1963-11-30,48.76445770263672
1963-12-01,5.07547664642334
1963-12-02,57.534576416015625
1963-12-03,10.337444305419922
1963-12-04,6.024783134460449
1963-12-05,12.028494834899902
1963-12-06,0.169497013092041
1963-12-07,19.22933006286621
1963-12-08,19.18830680847168
1963-12-09,1.2635613679885864
1963-12-10,0.0
1963-12-11,4.748490333557129
1963-12-12,0.0
1963-12-13,0.0
1963-12-14,0.0
1963-12-15,0.0
1963-12-16,0.0
1963-12-17,0.0
1963-12-18,0.0
1963-12-19,0.0
1963-12-20,0.0
1963-12-21,0.0
1963-12-22,0.99461030960083
1963-12-23,0.0
1963-12-24,0.0
1963-12-25,8.796526908874512
1963-12-26,0.0
1963-12-27,0.0
1963-12-28,0.0
1963-12-29,0.0
1963-12-30,0.0
1963-12-31,0.0
1964-01-01,0.0
1964-01-02,0.0
1964-01-03,0.0
1964-01-04,0.0
1964-01-05,0.0
1964-01-06,0.0
1964-01-07,0.0
1964-01-08,0.0
1964-01-09,0.0
1964-01-10,0.0
1964-01-11,0.0
1964-01-12,0.0
1964-01-13,0.0
1964-01-14,0.0
1964-01-15,0.0
1964-01-16,0.0
1964-01-17,0.0
1964-01-18,0.0
1964-01-19,0.0
1964-01-20,0.0
1964-01-21,0.0
1964-01-22,0.0
1964-01-23,0.0
1964-01-24,0.0
1964-01-25,0.0
1964-01-26,0.0
1964-01-27,0.0
1964-01-28,0.0
1964-01-29,0.0
1964-01-30,0.0
1964-01-31,0.0
1964-02-01,0.0
1964-02-02,0.0
1964-02-03,0.0
1964-02-04,0.0
1964-02-05,0.0
1964-02-06,0.0
1964-02-07,0.0
1964-02-08,0.0
1964-02-09,0.0
1964-02-10,0.0
1964-02-11,0.0
1964-02-12,0.0
1964-02-13,0.0
1964-02-14,0.0
1964-02-15,0.0
1964-02-16,0.0
1964-02-17,0.0
1964-02-18,0.0
1964-02-19,0.0
1964-02-20,0.0
1964-02-21,0.0
1964-02-22,0.0
1964-02-23,0.0
1964-02-24,0.0
1964-02-25,0.0
1964-02-26,0.0
1964-02-27,0.0
1964-02-28,0.0
1964-02-29,0.0
1964-03-01,0.0
1964-03-02,0.0
1964-03-03,0.0
1964-03-04,0.0
1964-03-05,0.0
1964-03-06,0.0
1964-03-07,0.0
1964-03-08,0.0
1964-03-09,0.0
1964-03-10,0.0
1964-03-11,0.0
1964-03-12,0.0
1964-03-13,0.0
1964-03-14,0.0
1964-03-15,0.0
1964-03-16,0.0
1964-03-17,0.0
1964-03-18,0.0
1964-03-19,0.0
1964-03-20,7.347722053527832
1964-03-21,0.0
1964-03-22,0.1607445180416107
1964-03-23,0.0
1964-03-24,0.0
1964-03-25,0.0
1964-03-26,0.0
1964-03-27,0.0
1964-03-28,0.0
1964-03-29,0.0
1964-03-30,0.0
1964-03-31,0.0
1964-04-01,0.0
1964-04-02,0.0
1964-04-03,0.0
1964-04-04,0.0
1964-04-05,0.0
1964-04-06,0.0
1964-04-07,0.0
1964-04-08,0.0
1964-04-09,0.0
1964-04-10,0.0
1964-04-11,0.0
1964-04-12,0.0
1964-04-13,0.0
1964-04-14,0.0
1964-04-15,0.0
1964-04-16,0.0
1964-04-17,0.0
1964-04-18,0.0
1964-04-19,0.0
1964-04-20,0.0
1964-04-21,0.0
1964-04-22,0.0
1964-04-23,0.0
1964-04-24,0.0
1964-04-25,0.0
1964-04-26,0.0
1964-04-27,0.0
1964-04-28,0.0
1964-04-29,0.0
1964-04-30,0.0
1964-05-01,0.0
1964-05-02,0.0
1964-05-03,0.0
1964-05-04,0.0
1964-05-05,0.0
1964-05-06,0.0
1964-05-07,0.0
1964-05-08,0.0
1964-05-09,0.0
1964-05-10,0.0
1964-05-11,0.0
1964-05-12,0.0
1964-05-13,0.0
1964-05-14,0.0
1964-05-15,0.0
1964-05-16,0.0
1964-05-17,0.0
1964-05-18,0.274416983127594
1964-05-19,0.0
1964-05-20,0.0
1964-05-21,0.0
1964-05-22,0.0
1964-05-23,0.0
1964-05-24,0.9021185636520386
1964-05-25,0.0
1964-05-26,0.0
1964-05-27,0.0
1964-05-28,0.0
1964-05-29,0.0
1964-05-30,0.0
1964-05-31,0.9072003364562988
1964-06-01,0.0
1964-06-02,0.0
1964-06-03,0.0
1964-06-04,0.0
1964-06-05,0.0
1964-06-06,0.0
1964-06-07,0.0
1964-06-08,0.0
1964-06-09,0.0
1964-06-10,0.0
1964-06-11,0.0
1964-06-12,0.0
1964-06-13,0.0
1964-06-14,0.4390671551227569
1964-06-15,0.0
1964-06-16,0.0
1964-06-17,0.0
1964-06-18,0.0
1964-06-19,0.0
1964-06-20,0.0
1964-06-21,0.0
1964-06-22,0.2195335775613784
1964-06-23,4.023094177246094
1964-06-24,0.0
1964-06-25,0.0
1964-06-26,1.2358596324920654
1964-06-27,7.991299629211426
1964-06-28,0.0
1964-06-29,0.0
1964-06-30,0.0
1964-07-01,0.0
1964-07-02,0.0
1964-07-03,0.1607445180416107
1964-07-04,4.086465358734131
1964-07-05,0.0
1964-07-06,0.0
1964-07-07,2.769707679748535
1964-07-08,0.0
1964-07-09,0.0
1964-07-10,0.262149453163147
1964-07-11,0.0
1964-07-12,0.0
1964-07-13,0.0
1964-07-14,0.0
1964-07-15,2.071372985839844
1964-07-16,0.0
1964-07-17,0.0
1964-07-18,0.0
1964-07-19,0.3606751263141632
1964-07-20,0.0
1964-07-21,0.2272845208644867
1964-07-22,0.0
1964-07-23,5.567006587982178
1964-07-24,1.152551293373108
1964-07-25,0.5598106384277344
1964-07-26,11.281835556030272
1964-07-27,18.193559646606445
1964-07-28,1.6194974184036257
1964-07-29,2.579052209854126
1964-07-30,1.025278925895691
1964-07-31,0.0
1964-08-01,5.167874336242676
1964-08-02,0.0
1964-08-03,13.14707374572754
1964-08-04,1.3953540325164795
1964-08-05,0.8879525065422058
1964-08-06,1.5393571853637695
1964-08-07,0.0
1964-08-08,0.3171258866786957
1964-08-09,0.0
1964-08-10,0.0
1964-08-11,0.0
1964-08-12,0.0
1964-08-13,0.0
1964-08-14,0.0
1964-08-15,5.719865322113037
1964-08-16,5.047821998596191
1964-08-17,0.0
1964-08-18,1.756176233291626
1964-08-19,81.7612075805664
1964-08-20,0.3171258866786957
1964-08-21,0.0
1964-08-22,0.0
1964-08-23,0.0
1964-08-24,0.0
1964-08-25,0.0
1964-08-26,17.514108657836914
1964-08-27,7.203230857849121
1964-08-28,0.0
1964-08-29,86.63735961914062
1964-08-30,47.16357421875
1964-08-31,0.0
1964-09-01,0.0
1964-09-02,0.0
1964-09-03,0.1562581062316894
1964-09-04,3.995649814605713
1964-09-05,0.0
1964-09-06,0.0
1964-09-07,0.0
1964-09-08,6.832740783691406
1964-09-09,0.0
1964-09-10,0.6374702453613281
1964-09-11,15.86196994781494
1964-09-12,36.82265853881836
1964-09-13,0.3214691281318664
1964-09-14,0.0
1964-09-15,1.6014400720596311
1964-09-16,5.640917778015137
1964-09-17,0.0
1964-09-18,0.0
1964-09-19,0.0
1964-09-20,5.953522682189941
1964-09-21,0.0
1964-09-22,0.0
1964-09-23,0.0
1964-09-24,0.0
1964-09-25,0.0
1964-09-26,0.0
1964-09-27,8.923534393310547
1964-09-28,0.0
1964-09-29,0.0
1964-09-30,0.0
1964-10-01,0.0
1964-10-02,0.0
1964-10-03,0.0
1964-10-04,0.0
1964-10-05,0.0
1964-10-06,0.0
1964-10-07,8.779837608337402
1964-10-08,0.6316221952438354
1964-10-09,3.897690773010254
1964-10-10,19.12535095214844
1964-10-11,55.677371978759766
1964-10-12,34.411354064941406
1964-10-13,7.188859462738037
1964-10-14,0.5172986388206482
1964-10-15,2.663766622543335
1964-10-16,1.7046339511871338
1964-10-17,0.0
1964-10-18,0.0
1964-10-19,0.0
1964-10-20,0.0
1964-10-21,0.0
1964-10-22,0.0
1964-10-23,0.0
1964-10-24,0.0
1964-10-25,0.0
1964-10-26,0.0
1964-10-27,3.073470115661621
1964-10-28,0.3410920202732086
1964-10-29,4.09359884262085
1964-10-30,0.1420528292655944
1964-10-31,9.907326698303224
1964-11-01,92.93012237548828
1964-11-02,21.828384399414062
1964-11-03,18.387569427490234
1964-11-04,2.92671012878418
1964-11-05,0.0
1964-11-06,0.0
1964-11-07,5.417868614196777
1964-11-08,44.830902099609375
1964-11-09,8.582915306091309
1964-11-10,0.7354404330253601
1964-11-11,8.12745189666748
1964-11-12,11.379966735839844
1964-11-13,2.171837091445923
1964-11-14,4.814725399017334
1964-11-15,0.2983109354972839
1964-11-16,0.0
1964-11-17,0.0
1964-11-18,0.0
1964-11-19,0.0
1964-11-20,1.573466658592224
1964-11-21,7.207839488983154
1964-11-22,3.2905349731445312
1964-11-23,0.4116304516792297
1964-11-24,0.0
1964-11-25,0.0
1964-11-26,3.650757789611816
1964-11-27,0.0
1964-11-28,0.0
1964-11-29,0.0
1964-11-30,0.0
1964-12-01,0.0
1964-12-02,0.0
1964-12-03,0.0
1964-12-04,0.0
1964-12-05,0.0
1964-12-06,0.0
1964-12-07,0.0
1964-12-08,0.0
1964-12-09,0.0
1964-12-10,0.0
1964-12-11,0.0
1964-12-12,0.0
1964-12-13,0.0
1964-12-14,0.0
1964-12-15,0.0
1964-12-16,0.0
1964-12-17,0.0
1964-12-18,0.0
1964-12-19,0.0
1964-12-20,0.0
1964-12-21,0.0
1964-12-22,0.0
1964-12-23,12.821794509887695
1964-12-24,29.670215606689453
1964-12-25,6.241668701171875
1964-12-26,0.2352358847856521
1964-12-27,1.4915547370910645
1964-12-28,0.0
1964-12-29,0.0
1964-12-30,0.0
1964-12-31,0.0
1965-01-01,0.7387539148330688
1965-01-02,0.0
1965-01-03,0.906018853187561
1965-01-04,0.0
1965-01-05,0.0
1965-01-06,0.0
1965-01-07,0.0
1965-01-08,0.0
1965-01-09,0.0
1965-01-10,0.0
1965-01-11,0.3066525459289551
1965-01-12,0.0
1965-01-13,0.0
1965-01-14,0.0
1965-01-15,0.0
1965-01-16,0.0
1965-01-17,0.3345300555229187
1965-01-18,0.0
1965-01-19,0.0
1965-01-20,0.0
1965-01-21,0.0
1965-01-22,0.0
1965-01-23,0.0
1965-01-24,0.0
1965-01-25,0.0
1965-01-26,0.0
1965-01-27,0.0
1965-01-28,0.0
1965-01-29,0.0
1965-01-30,0.0
1965-01-31,0.0
1965-02-01,0.0
1965-02-02,0.0
1965-02-03,0.0
1965-02-04,0.0
1965-02-05,0.0
1965-02-06,0.0
1965-02-07,0.0
1965-02-08,0.0
1965-02-09,0.0
1965-02-10,0.0
1965-02-11,0.0
1965-02-12,0.0
1965-02-13,2.076873779296875
1965-02-14,0.0
1965-02-15,0.0
1965-02-16,0.0
1965-02-17,0.0
1965-02-18,0.0
1965-02-19,0.0
1965-02-20,0.0
1965-02-21,0.0
1965-02-22,0.0
1965-02-23,0.0
1965-02-24,0.0
1965-02-25,0.0
1965-02-26,0.0
1965-02-27,0.0
1965-02-28,0.0
1965-03-01,0.0
1965-03-02,0.0
1965-03-03,0.0
1965-03-04,0.0
1965-03-05,0.0
1965-03-06,0.0
1965-03-07,0.0
1965-03-08,0.0
1965-03-09,0.0
1965-03-10,0.0
1965-03-11,0.0
1965-03-12,0.0
1965-03-13,0.0
1965-03-14,0.0
1965-03-15,0.0
1965-03-16,0.0
1965-03-17,0.0
1965-03-18,0.0
1965-03-19,0.0
1965-03-20,0.0
1965-03-21,0.0
1965-03-22,0.0
1965-03-23,0.0
1965-03-24,0.0
1965-03-25,0.0
1965-03-26,0.0
1965-03-27,0.0
1965-03-28,0.0
1965-03-29,0.0
1965-03-30,0.0
1965-03-31,0.0
1965-04-01,0.2460728138685226
1965-04-02,0.2460728138685226
1965-04-03,0.0
1965-04-04,0.0
1965-04-05,0.0
1965-04-06,0.0
1965-04-07,0.0
1965-04-08,0.0
1965-04-09,0.0
1965-04-10,0.0
1965-04-11,0.0
1965-04-12,0.0
1965-04-13,0.0
1965-04-14,0.0
1965-04-15,12.886404991149902
1965-04-16,0.7446805834770203
1965-04-17,0.3624075353145599
1965-04-18,0.0
1965-04-19,0.0
1965-04-20,0.2304136455059051
1965-04-21,0.0
1965-04-22,0.5714887976646423
1965-04-23,0.0
1965-04-24,0.0
1965-04-25,0.0
1965-04-26,0.0
1965-04-27,0.0
1965-04-28,0.0
1965-04-29,0.0
1965-04-30,0.0
1965-05-01,0.0
1965-05-02,0.0
1965-05-03,0.0
1965-05-04,0.0
1965-05-05,0.0
1965-05-06,0.0
1965-05-07,0.0
1965-05-08,0.0
1965-05-09,0.0
1965-05-10,0.0
1965-05-11,4.109264373779297
1965-05-12,0.0
1965-05-13,0.0
1965-05-14,0.0
1965-05-15,0.0
1965-05-16,0.0
1965-05-17,0.0
1965-05-18,0.0
1965-05-19,0.0
1965-05-20,0.0
1965-05-21,0.0
1965-05-22,0.0
1965-05-23,0.0
1965-05-24,0.0
1965-05-25,1.12903892993927
1965-05-26,0.2415987849235534
1965-05-27,0.0
1965-05-28,0.0
1965-05-29,0.3972544074058532
1965-05-30,0.0
1965-05-31,0.0
1965-06-01,0.0
1965-06-02,0.0
1965-06-03,0.0
1965-06-04,0.0
1965-06-05,0.0
1965-06-06,0.8386197090148926
1965-06-07,0.7912293076515198
1965-06-08,0.0
1965-06-09,0.0
1965-06-10,0.0
1965-06-11,0.0
1965-06-12,1.198732614517212
1965-06-13,8.160637855529785
1965-06-14,15.632800102233888
1965-06-15,2.745848655700684
1965-06-16,0.0
1965-06-17,0.0
1965-06-18,0.0
1965-06-19,21.18206214904785
1965-06-20,0.0
1965-06-21,0.0
1965-06-22,0.0
1965-06-23,0.0
1965-06-24,0.0
1965-06-25,0.0
1965-06-26,0.0
1965-06-27,0.0
1965-06-28,1.8756474256515503
1965-06-29,10.835156440734863
1965-06-30,0.0
1965-07-01,0.0
1965-07-02,5.723522186279297
1965-07-03,0.917180597782135
1965-07-04,0.0
1965-07-05,0.0
1965-07-06,0.0
1965-07-07,0.0
1965-07-08,2.0794906616210938
1965-07-09,1.2190217971801758
1965-07-10,0.0
1965-07-11,0.0
1965-07-12,0.0
1965-07-13,0.0
1965-07-14,0.0
1965-07-15,0.0
1965-07-16,0.0
1965-07-17,0.0
1965-07-18,0.3624075353145599
1965-07-19,0.0
1965-07-20,3.522202491760254
1965-07-21,0.0
1965-07-22,0.0
1965-07-23,0.0
1965-07-24,0.5120299458503723
1965-07-25,0.564519464969635
1965-07-26,13.719861030578612
1965-07-27,0.0
1965-07-28,0.0
1965-07-29,0.0
1965-07-30,4.878562927246094
1965-07-31,2.1450085639953613
1965-08-01,0.0
1965-08-02,32.7900276184082
1965-08-03,6.426290988922119
1965-08-04,0.0
1965-08-05,18.42962074279785
1965-08-06,0.0
1965-08-07,18.342742919921875
1965-08-08,0.0
1965-08-09,0.0
1965-08-10,0.0
1965-08-11,6.724844455718994
1965-08-12,36.03556823730469
1965-08-13,1.1972230672836304
1965-08-14,0.0
1965-08-15,29.3516902923584
1965-08-16,6.769301891326904
1965-08-17,0.0
1965-08-18,32.70616912841797
1965-08-19,6.559337615966797
1965-08-20,0.0
1965-08-21,0.2175127863883972
1965-08-22,0.2787750363349914
1965-08-23,0.0
1965-08-24,0.0
1965-08-25,0.0
1965-08-26,0.4181625545024872
1965-08-27,1.5249598026275637
1965-08-28,0.0
1965-08-29,1.6459436416625977
1965-08-30,9.22481632232666
1965-08-31,1.3335191011428833
1965-09-01,0.0
1965-09-02,0.0
1965-09-03,0.0
1965-09-04,0.0
1965-09-05,0.0
1965-09-06,0.0
1965-09-07,7.818019390106201
1965-09-08,0.0
1965-09-09,35.22202682495117
1965-09-10,0.0
1965-09-11,0.0
1965-09-12,0.8317962884902954
1965-09-13,0.1951425224542617
1965-09-14,0.0
1965-09-15,3.527675151824951
1965-09-16,0.0
1965-09-17,0.0
1965-09-18,69.50695037841797
1965-09-19,1.6772394180297852
1965-09-20,0.0
1965-09-21,9.21579647064209
1965-09-22,0.0
1965-09-23,0.3355538547039032
1965-09-24,0.0
1965-09-25,0.0
1965-09-26,0.0
1965-09-27,2.9112870693206787
1965-09-28,0.0
1965-09-29,0.0
1965-09-30,0.0
1965-10-01,0.0
1965-10-02,0.0
1965-10-03,0.0
1965-10-04,0.0
1965-10-05,0.0
1965-10-06,0.0
1965-10-07,0.0
1965-10-08,0.0
1965-10-09,0.0
1965-10-10,0.0
1965-10-11,0.0
1965-10-12,0.0
1965-10-13,0.0
1965-10-14,0.2648362815380096
1965-10-15,16.99082374572754
1965-10-16,7.469440937042236
1965-10-17,27.302888870239254
1965-10-18,11.740675926208496
1965-10-19,4.497297286987305
1965-10-20,7.714841842651367
1965-10-21,0.2039152979850769
1965-10-22,0.0
1965-10-23,0.0
1965-10-24,0.0
1965-10-25,0.0
1965-10-26,0.0
1965-10-27,0.0
1965-10-28,0.0
1965-10-29,0.0
1965-10-30,0.0
1965-10-31,0.0
1965-11-01,0.0
1965-11-02,6.708957672119141
1965-11-03,21.537322998046875
1965-11-04,1.5422950983047483
1965-11-05,0.1254487633705139
1965-11-06,2.616595506668091
1965-11-07,0.0
1965-11-08,1.6772394180297852
1965-11-09,23.78693008422852
1965-11-10,7.363988399505615
1965-11-11,0.0
1965-11-12,0.0
1965-11-13,0.0
1965-11-14,0.0
1965-11-15,0.0
1965-11-16,0.0
1965-11-17,0.2927137911319732
1965-11-18,0.1533262729644775
1965-11-19,0.2772654294967651
1965-11-20,0.0
1965-11-21,0.0
1965-11-22,0.0
1965-11-23,0.0
1965-11-24,2.827353477478028
1965-11-25,55.248531341552734
1965-11-26,5.178255081176758
1965-11-27,1.1564273834228516
1965-11-28,0.0
1965-11-29,34.828704833984375
1965-11-30,28.36428451538086
1965-12-01,42.62599563598633
1965-12-02,4.767933368682861
1965-12-03,0.7805700898170471
1965-12-04,101.07571411132812
1965-12-05,89.01048278808594
1965-12-06,120.62169647216795
1965-12-07,116.78902435302734
1965-12-08,2.456827163696289
1965-12-09,35.80294418334961
1965-12-10,0.3656730651855469
1965-12-11,0.5439525842666626
1965-12-12,0.0
1965-12-13,0.0
1965-12-14,0.0
1965-12-15,0.0
1965-12-16,0.0
1965-12-17,0.0
1965-12-18,0.0
1965-12-19,0.0
1965-12-20,0.0
1965-12-21,0.0
1965-12-22,0.0
1965-12-23,0.0
1965-12-24,0.0
1965-12-25,0.0
1965-12-26,0.0
1965-12-27,37.4262924194336
1965-12-28,211.6572723388672
1965-12-29,0.0
1965-12-30,0.0
1965-12-31,0.0
1966-01-01,0.0
1966-01-02,0.0
1966-01-03,0.2130792438983917
1966-01-04,0.0
1966-01-05,0.0
1966-01-06,0.0
1966-01-07,0.0
1966-01-08,0.0
1966-01-09,0.0
1966-01-10,0.0
1966-01-11,0.0
1966-01-12,0.0
1966-01-13,0.0
1966-01-14,0.2130792438983917
1966-01-15,0.0
1966-01-16,0.0
1966-01-17,0.0
1966-01-18,0.0
1966-01-19,0.0
1966-01-20,0.0
1966-01-21,0.0
1966-01-22,0.0
1966-01-23,0.0
1966-01-24,0.0
1966-01-25,0.0
1966-01-26,0.0
1966-01-27,0.0
1966-01-28,0.0
1966-01-29,0.0
1966-01-30,0.0
1966-01-31,1.758155345916748
1966-02-01,0.1293797343969345
1966-02-02,0.0
1966-02-03,0.0
1966-02-04,0.0
1966-02-05,0.0
1966-02-06,0.0
1966-02-07,0.0
1966-02-08,0.0
1966-02-09,0.0
1966-02-10,0.0
1966-02-11,0.0
1966-02-12,0.0
1966-02-13,0.0
1966-02-14,0.0
1966-02-15,0.0
1966-02-16,0.0
1966-02-17,0.0
1966-02-18,0.0
1966-02-19,0.0
1966-02-20,0.0
1966-02-21,0.0
1966-02-22,0.0
1966-02-23,0.0
1966-02-24,0.0
1966-02-25,0.0
1966-02-26,0.0
1966-02-27,0.0
1966-02-28,0.0
1966-03-01,0.0
1966-03-02,0.0
1966-03-03,0.0
1966-03-04,0.0
1966-03-05,0.0
1966-03-06,0.0
1966-03-07,0.0
1966-03-08,0.0
1966-03-09,0.0
1966-03-10,0.0
1966-03-11,0.0
1966-03-12,0.0
1966-03-13,0.4900747537612915
1966-03-14,14.223832130432127
1966-03-15,0.0
1966-03-16,0.0
1966-03-17,0.0
1966-03-18,0.0
1966-03-19,0.0
1966-03-20,0.0
1966-03-21,0.0
1966-03-22,0.0
1966-03-23,0.0
1966-03-24,0.0
1966-03-25,0.0
1966-03-26,0.0
1966-03-27,0.0
1966-03-28,0.0
1966-03-29,0.0
1966-03-30,0.0
1966-03-31,0.0
1966-04-01,0.0
1966-04-02,0.0
1966-04-03,0.0
1966-04-04,0.0
1966-04-05,0.0
1966-04-06,0.0
1966-04-07,0.0
1966-04-08,0.0
1966-04-09,0.0
1966-04-10,0.0
1966-04-11,0.0
1966-04-12,0.0
1966-04-13,0.0
1966-04-14,0.0
1966-04-15,0.0
1966-04-16,0.0
1966-04-17,0.0
1966-04-18,0.0
1966-04-19,0.0
1966-04-20,0.0
1966-04-21,0.0
1966-04-22,0.0
1966-04-23,0.0
1966-04-24,0.0
1966-04-25,0.0
1966-04-26,0.0
1966-04-27,0.0
1966-04-28,0.0
1966-04-29,0.0
1966-04-30,0.0
1966-05-01,214.36561584472656
1966-05-02,79.25466918945312
1966-05-03,0.4261584877967834
1966-05-04,0.0
1966-05-05,29.849855422973636
1966-05-06,0.0
1966-05-07,0.0
1966-05-08,12.334762573242188
1966-05-09,0.0
1966-05-10,0.0
1966-05-11,0.0
1966-05-12,0.0
1966-05-13,0.0
1966-05-14,0.0
1966-05-15,0.0
1966-05-16,0.0
1966-05-17,0.0
1966-05-18,0.0
1966-05-19,0.0
1966-05-20,1.5750739574432373
1966-05-21,0.0
1966-05-22,0.0
1966-05-23,0.0
1966-05-24,0.0
1966-05-25,0.0
1966-05-26,0.0
1966-05-27,0.0
1966-05-28,0.0
1966-05-29,0.0
1966-05-30,0.0
1966-05-31,0.0
1966-06-01,0.0
1966-06-02,0.0
1966-06-03,0.0
1966-06-04,12.535372734069824
1966-06-05,0.0
1966-06-06,0.0
1966-06-07,0.0
1966-06-08,0.0
1966-06-09,0.2841056585311889
1966-06-10,0.0
1966-06-11,0.0
1966-06-12,0.0
1966-06-13,0.0
1966-06-14,0.8278820514678955
1966-06-15,0.4261584877967834
1966-06-16,1.9195544719696045
1966-06-17,0.0
1966-06-18,0.0
1966-06-19,0.0
1966-06-20,0.0
1966-06-21,0.0
1966-06-22,0.0
1966-06-23,0.0
1966-06-24,0.0
1966-06-25,0.0
1966-06-26,0.0
1966-06-27,4.700764656066895
1966-06-28,0.1293797343969345
1966-06-29,0.0
1966-06-30,0.6037173271179199
1966-07-01,0.0
1966-07-02,0.0
1966-07-03,0.1097667887806892
1966-07-04,0.0
1966-07-05,0.0
1966-07-06,1.016135334968567
1966-07-07,4.700764656066895
1966-07-08,0.0
1966-07-09,0.0
1966-07-10,0.0
1966-07-11,0.0
1966-07-12,0.7812905311584473
1966-07-13,5.9852375984191895
1966-07-14,0.0
1966-07-15,0.60654616355896
1966-07-16,0.0
1966-07-17,0.0
1966-07-18,0.0
1966-07-19,0.0
1966-07-20,0.1646501868963241
1966-07-21,0.0
1966-07-22,6.595778465270996
1966-07-23,0.0
1966-07-24,0.0
1966-07-25,4.325011730194092
1966-07-26,0.0
1966-07-27,0.0
1966-07-28,0.0
1966-07-29,0.0
1966-07-30,0.0
1966-07-31,0.0
1966-08-01,0.0
1966-08-02,0.0
1966-08-03,0.0
1966-08-04,0.0
1966-08-05,0.6037173271179199
1966-08-06,13.67260456085205
1966-08-07,7.066829681396484
1966-08-08,0.0
1966-08-09,0.16858571767807
1966-08-10,0.0
1966-08-11,0.0
1966-08-12,3.6435210704803462
1966-08-13,8.20785140991211
1966-08-14,20.484973907470703
1966-08-15,0.0
1966-08-16,38.27262496948242
1966-08-17,4.278316020965576
1966-08-18,0.0
1966-08-19,0.0
1966-08-20,3.815361499786377
1966-08-21,71.11009216308594
1966-08-22,0.869171142578125
1966-08-23,11.747535705566406
1966-08-24,7.013930797576904
1966-08-25,0.0
1966-08-26,0.6116132736206055
1966-08-27,0.8038879632949829
1966-08-28,12.049878120422363
1966-08-29,1.023911952972412
1966-08-30,0.0
1966-08-31,9.90727424621582
1966-09-01,0.0
1966-09-02,4.700764656066895
1966-09-03,1.6453694105148315
1966-09-04,0.7528800368309021
1966-09-05,0.0
1966-09-06,0.0
1966-09-07,0.0
1966-09-08,0.0
1966-09-09,0.0
1966-09-10,0.0
1966-09-11,1.9887394905090328
1966-09-12,35.48881149291992
1966-09-13,0.0
1966-09-14,0.0
1966-09-15,0.0
1966-09-16,0.0
1966-09-17,0.0
1966-09-18,0.0
1966-09-19,0.0
1966-09-20,0.0
1966-09-21,0.0
1966-09-22,0.0
1966-09-23,0.0
1966-09-24,0.0
1966-09-25,0.1215385273098945
1966-09-26,10.716299057006836
1966-09-27,67.75016784667969
1966-09-28,128.68267822265625
1966-09-29,2.784519672393799
1966-09-30,0.1705460101366043
1966-10-01,0.0
1966-10-02,0.0
1966-10-03,3.0185868740081787
1966-10-04,18.901708602905277
1966-10-05,13.32733154296875
1966-10-06,43.91613006591797
1966-10-07,75.59085845947266
1966-10-08,43.3660888671875
1966-10-09,3.943380355834961
1966-10-10,0.0
1966-10-11,0.0
1966-10-12,0.0
1966-10-13,0.6095982789993286
1966-10-14,74.4655990600586
1966-10-15,4.1375908851623535
1966-10-16,0.1317201554775238
1966-10-17,0.0
1966-10-18,7.18173885345459
1966-10-19,46.38713455200195
1966-10-20,89.55241394042969
1966-10-21,37.569557189941406
1966-10-22,0.2689360976219177
1966-10-23,0.0
1966-10-24,4.700764656066895
1966-10-25,0.0
1966-10-26,0.0
1966-10-27,0.0
1966-10-28,0.0
1966-10-29,0.0
1966-10-30,0.0
1966-10-31,0.5598106384277344
1966-11-01,0.8483768105506897
1966-11-02,1.08156156539917
1966-11-03,57.47280502319336
1966-11-04,105.26237487792967
1966-11-05,2.852278232574463
1966-11-06,14.47604274749756
1966-11-07,16.005155563354492
1966-11-08,1.7152642011642456
1966-11-09,25.096954345703125
1966-11-10,108.21101379394533
1966-11-11,20.11589813232422
1966-11-12,20.138601303100582
1966-11-13,3.7784676551818848
1966-11-14,0.2805784344673157
1966-11-15,5.031718254089356
1966-11-16,0.0
1966-11-17,0.0
1966-11-18,5.031718254089356
1966-11-19,0.0
1966-11-20,0.0
1966-11-21,0.0
1966-11-22,0.0
1966-11-23,0.0
1966-11-24,0.0
1966-11-25,0.0
1966-11-26,0.0
1966-11-27,1.5942763090133667
1966-11-28,20.969480514526367
1966-11-29,7.273562908172607
1966-11-30,1.3201614618301392
1966-12-01,0.3355538547039032
1966-12-02,0.1789620518684387
1966-12-03,0.8317962884902954
1966-12-04,5.455193519592285
1966-12-05,11.757731437683104
1966-12-06,21.39262580871582
1966-12-07,13.489006042480469
1966-12-08,0.0
1966-12-09,0.0
1966-12-10,0.0
1966-12-11,0.0
1966-12-12,0.0
1966-12-13,0.0
1966-12-14,0.0
1966-12-15,0.0
1966-12-16,0.0
1966-12-17,0.0
1966-12-18,0.0
1966-12-19,2.661748170852661
1966-12-20,73.04316711425781
1966-12-21,16.379802703857422
1966-12-22,0.0
1966-12-23,0.0
1966-12-24,0.0
1966-12-25,0.0
1966-12-26,0.0
1966-12-27,0.0
1966-12-28,0.0
1966-12-29,0.0
1966-12-30,0.0
1966-12-31,0.0
1968-01-01,0.0
1968-01-02,0.0
1968-01-03,0.0
1968-01-04,0.0
1968-01-05,0.0
1968-01-06,0.0
1968-01-07,0.0
1968-01-08,0.0
1968-01-09,0.0
1968-01-10,0.0
1968-01-11,0.0
1968-01-12,0.0
1968-01-13,0.0
1968-01-14,0.0
1968-01-15,0.0
1968-01-16,0.0
1968-01-17,0.0
1968-01-18,0.0
1968-01-19,0.0
1968-01-20,0.0
1968-01-21,0.0
1968-01-22,0.0
1968-01-23,0.0
1968-01-24,0.0
1968-01-25,0.0
1968-01-26,0.0
1968-01-27,0.0
1968-01-28,0.0
1968-01-29,0.0
1968-01-30,0.0
1968-01-31,0.0
1968-02-01,0.0
1968-02-02,0.0
1968-02-03,0.0
1968-02-04,0.0
1968-02-05,0.0
1968-02-06,0.0
1968-02-07,0.0
1968-02-08,0.0
1968-02-09,0.0
1968-02-10,0.0
1968-02-11,0.0
1968-02-12,0.0
1968-02-13,0.0
1968-02-14,0.0
1968-02-15,0.0
1968-02-16,0.0
1968-02-17,0.0
1968-02-18,0.0
1968-02-19,0.0
1968-02-20,0.0
1968-02-21,0.0
1968-02-22,0.0
1968-02-23,0.0
1968-02-24,0.0
1968-02-25,0.0
1968-02-26,0.0
1968-02-27,0.0
1968-02-28,0.0
1968-02-29,0.0
1968-03-01,0.0
1968-03-02,0.0
1968-03-03,0.0
1968-03-04,0.0
1968-03-05,0.0
1968-03-06,0.0
1968-03-07,0.0
1968-03-08,0.0
1968-03-09,0.0
1968-03-10,0.0
1968-03-11,0.0
1968-03-12,0.0
1968-03-13,0.0
1968-03-14,0.0
1968-03-15,0.0
1968-03-16,0.0
1968-03-17,0.0
1968-03-18,0.0
1968-03-19,0.0
1968-03-20,0.0
1968-03-21,0.0
1968-03-22,0.0
1968-03-23,0.0
1968-03-24,0.0
1968-03-25,0.0
1968-03-26,0.0
1968-03-27,0.0
1968-03-28,0.0
1968-03-29,0.0
1968-03-30,0.0
1968-03-31,0.0
1968-04-01,0.0
1968-04-02,0.0
1968-04-03,0.0
1968-04-04,0.0
1968-04-05,0.0
1968-04-06,0.0
1968-04-07,0.0
1968-04-08,0.0
1968-04-09,0.0
1968-04-10,0.0
1968-04-11,0.0
1968-04-12,0.0
1968-04-13,0.0
1968-04-14,0.0
1968-04-15,0.0
1968-04-16,0.0
1968-04-17,0.0
1968-04-18,0.0
1968-04-19,0.0
1968-04-20,0.2140452563762664
1968-04-21,26.199708938598636
1968-04-22,0.0
1968-04-23,123.81383514404295
1968-04-24,0.0
1968-04-25,0.0
1968-04-26,0.1426968276500702
1968-04-27,22.268400192260746
1968-04-28,0.0
1968-04-29,0.0
1968-04-30,2.0450918674468994
1968-05-01,0.0
1968-05-02,0.4115251004695892
1968-05-03,0.2008617967367172
1968-05-04,0.0
1968-05-05,0.0
1968-05-06,0.0
1968-05-07,0.0
1968-05-08,0.0
1968-05-09,0.0
1968-05-10,0.0
1968-05-11,0.0
1968-05-12,0.0
1968-05-13,0.0
1968-05-14,0.0
1968-05-15,0.0
1968-05-16,0.0
1968-05-17,0.0
1968-05-18,0.0
1968-05-19,0.0
1968-05-20,0.0
1968-05-21,0.0
1968-05-22,0.0
1968-05-23,0.0
1968-05-24,0.0
1968-05-25,0.0
1968-05-26,0.0
1968-05-27,0.0
1968-05-28,0.0
1968-05-29,0.0
1968-05-30,0.0
1968-05-31,0.0
1968-06-01,0.0
1968-06-02,0.0
1968-06-03,0.0
1968-06-04,0.0
1968-06-05,0.0
1968-06-06,12.535372734069824
1968-06-07,5.611086368560791
1968-06-08,0.0
1968-06-09,0.0
1968-06-10,0.0
1968-06-11,0.0
1968-06-12,0.0
1968-06-13,0.0
1968-06-14,0.0
1968-06-15,0.0
1968-06-16,0.0
1968-06-17,0.0
1968-06-18,0.3399603962898254
1968-06-19,0.0
1968-06-20,1.566921591758728
1968-06-21,0.0
1968-06-22,0.92509126663208
1968-06-23,0.4694154858589172
1968-06-24,0.0
1968-06-25,0.0
1968-06-26,0.0
1968-06-27,0.0
1968-06-28,0.0
1968-06-29,0.0
1968-06-30,0.4939505755901336
1968-07-01,2.325773239135742
1968-07-02,0.0
1968-07-03,0.2272845208644867
1968-07-04,0.0
1968-07-05,0.0
1968-07-06,0.3293003737926483
1968-07-07,1.537124752998352
1968-07-08,2.0072853565216064
1968-07-09,2.3154609203338623
1968-07-10,0.0
1968-07-11,0.0
1968-07-12,0.0
1968-07-13,0.0
1968-07-14,0.0
1968-07-15,0.0
1968-07-16,0.0
1968-07-17,15.493227005004885
1968-07-18,2.417907476425171
1968-07-19,0.0
1968-07-20,0.0
1968-07-21,0.7852111458778381
1968-07-22,0.3267214894294739
1968-07-23,0.0
1968-07-24,0.5280940532684326
1968-07-25,0.0
1968-07-26,0.9645647406578064
1968-07-27,0.6586007475852966
1968-07-28,0.4389142096042633
1968-07-29,0.2272845208644867
1968-07-30,0.0
1968-07-31,0.0
1968-08-01,0.0
1968-08-02,0.3766953349113464
1968-08-03,0.1195782348513603
1968-08-04,0.0
1968-08-05,0.0
1968-08-06,0.0
1968-08-07,0.0
1968-08-08,0.0
1968-08-09,0.0
1968-08-10,0.0
1968-08-11,0.0
1968-08-12,0.8097010850906372
1968-08-13,0.5075147151947021
1968-08-14,0.8298825025558472
1968-08-15,0.1940695941448211
1968-08-16,0.0
1968-08-17,0.0
1968-08-18,0.0
1968-08-19,0.0
1968-08-20,0.0
1968-08-21,0.0
1968-08-22,0.0
1968-08-23,0.0
1968-08-24,0.3551320731639862
1968-08-25,0.9536192417144777
1968-08-26,0.8428787589073181
1968-08-27,1.8211935758590696
1968-08-28,4.712459087371826
1968-08-29,0.5488488674163818
1968-08-30,4.691734313964844
1968-08-31,0.7044509053230286
1968-09-01,1.9559251070022583
1968-09-02,0.0
1968-09-03,18.01959800720215
1968-09-04,8.374807357788086
1968-09-05,0.0
1968-09-06,0.0
1968-09-07,10.968450546264648
1968-09-08,2.277787208557129
1968-09-09,29.012056350708008
1968-09-10,23.671066284179688
1968-09-11,1.8947004079818728
1968-09-12,0.0
1968-09-13,0.0
1968-09-14,0.0
1968-09-15,0.1420528292655944
1968-09-16,0.0
1968-09-17,0.0
1968-09-18,4.451440811157227
1968-09-19,8.706592559814453
1968-09-20,1.010590434074402
1968-09-21,0.0
1968-09-22,0.0
1968-09-23,0.0
1968-09-24,0.0
1968-09-25,0.0
1968-09-26,22.849260330200195
1968-09-27,0.0
1968-09-28,1.922053575515747
1968-09-29,19.215686798095703
1968-09-30,4.76349401473999
1968-10-01,1.3610284328460691
1968-10-02,0.0
1968-10-03,0.0
1968-10-04,0.0
1968-10-05,0.0
1968-10-06,0.0
1968-10-07,0.0
1968-10-08,0.0
1968-10-09,13.32863426208496
1968-10-10,14.885754585266112
1968-10-11,6.4353437423706055
1968-10-12,1.7369056940078735
1968-10-13,1.7184110879898071
1968-10-14,12.47467803955078
1968-10-15,0.1489827185869217
1968-10-16,0.0
1968-10-17,8.548368453979492
1968-10-18,0.2450373768806457
1968-10-19,0.4545690417289734
1968-10-20,0.0
1968-10-21,0.0
1968-10-22,0.0
1968-10-23,0.0
1968-10-24,0.0
1968-10-25,0.0
1968-10-26,0.0
1968-10-27,0.0
1968-10-28,0.0
1968-10-29,0.0
1968-10-30,0.0
1968-10-31,0.282200425863266
1968-11-01,3.0257251262664795
1968-11-02,0.0
1968-11-03,17.60590934753418
1968-11-04,0.3551320731639862
1968-11-05,0.0
1968-11-06,54.42539596557617
1968-11-07,12.52991771697998
1968-11-08,92.02433013916016
1968-11-09,20.736692428588867
1968-11-10,0.0
1968-11-11,0.0
1968-11-12,0.0
1968-11-13,0.0
1968-11-14,0.0
1968-11-15,0.0
1968-11-16,0.0
1968-11-17,0.558522641658783
1968-11-18,22.21951103210449
1968-11-19,47.23493957519531
1968-11-20,22.45591163635254
1968-11-21,1.3374748229980469
1968-11-22,1.2074346542358398
1968-11-23,0.0
1968-11-24,0.0
1968-11-25,0.0
1968-11-26,0.0
1968-11-27,0.0
1968-11-28,10.270221710205078
1968-11-29,21.4013729095459
1968-11-30,2.8925294876098637
1968-12-01,0.0
1968-12-02,0.0
1968-12-03,0.0
1968-12-04,0.0
1968-12-05,0.0
1968-12-06,10.977452278137209
1968-12-07,13.115726470947266
1968-12-08,2.0138299465179443
1968-12-09,0.0
1968-12-10,0.0
1968-12-11,0.0
1968-12-12,0.0
1968-12-13,0.0
1968-12-14,0.0
1968-12-15,0.0
1968-12-16,0.0
1968-12-17,8.199223518371582
1968-12-18,49.87273788452149
1968-12-19,4.901985168457031
1968-12-20,0.4997637867927551
1968-12-21,0.0
1968-12-22,0.0
1968-12-23,0.0
1968-12-24,0.0
1968-12-25,0.0
1968-12-26,0.0
1968-12-27,0.0
1968-12-28,0.0
1968-12-29,0.0
1968-12-30,0.0
1968-12-31,0.129324659705162
1969-01-01,0.0
1969-01-02,0.0
1969-01-03,0.0
1969-01-04,0.0
1969-01-05,0.0
1969-01-06,0.0
1969-01-07,0.0
1969-01-08,0.0
1969-01-09,0.0
1969-01-10,0.0
1969-01-11,0.0
1969-01-12,0.0
1969-01-13,0.0
1969-01-14,0.0
1969-01-15,0.0
1969-01-16,0.0
1969-01-17,0.0
1969-01-18,0.0
1969-01-19,0.0
1969-01-20,0.0
1969-01-21,0.0
1969-01-22,0.0
1969-01-23,0.0
1969-01-24,0.0
1969-01-25,0.0
1969-01-26,0.0
1969-01-27,0.0
1969-01-28,0.0
1969-01-29,0.0
1969-01-30,0.0
1969-01-31,0.0
1969-02-01,0.0
1969-02-02,0.0
1969-02-03,0.0
1969-02-04,0.0
1969-02-05,0.0
1969-02-06,0.0
1969-02-07,0.0
1969-02-08,0.0
1969-02-09,1.1905373334884644
1969-02-10,0.0
1969-02-11,0.0
1969-02-12,0.0
1969-02-13,0.0
1969-02-14,0.0
1969-02-15,0.0
1969-02-16,0.0
1969-02-17,0.0
1969-02-18,0.0
1969-02-19,0.0
1969-02-20,0.0
1969-02-21,0.0
1969-02-22,0.0
1969-02-23,0.0
1969-02-24,0.0
1969-02-25,0.0
1969-02-26,0.0
1969-02-27,0.0
1969-02-28,0.0
1969-03-01,0.0
1969-03-02,0.0
1969-03-03,0.0
1969-03-04,0.0
1969-03-05,0.0
1969-03-06,0.0
1969-03-07,0.0
1969-03-08,0.0
1969-03-09,0.0
1969-03-10,0.0
1969-03-11,0.0
1969-03-12,0.0
1969-03-13,0.0
1969-03-14,0.0
1969-03-15,0.0
1969-03-16,0.0
1969-03-17,0.0
1969-03-18,0.0
1969-03-19,0.0
1969-03-20,0.0
1969-03-21,0.0
1969-03-22,0.0
1969-03-23,0.0
1969-03-24,0.0
1969-03-25,0.0
1969-03-26,0.0
1969-03-27,0.0
1969-03-28,0.0
1969-03-29,0.0
1969-03-30,0.0
1969-03-31,0.0
1969-04-01,0.0
1969-04-02,0.0
1969-04-03,0.0
1969-04-04,0.0
1969-04-05,0.0
1969-04-06,0.0
1969-04-07,0.0
1969-04-08,0.0
1969-04-09,0.0
1969-04-10,0.0
1969-04-11,0.0
1969-04-12,0.0
1969-04-13,0.0
1969-04-14,0.0
1969-04-15,0.0
1969-04-16,0.0
1969-04-17,0.0
1969-04-18,0.0
1969-04-19,0.0
1969-04-20,0.0
1969-04-21,0.0
1969-04-22,0.0
1969-04-23,0.0
1969-04-24,0.0
1969-04-25,0.0
1969-04-26,0.0
1969-04-27,0.0
1969-04-28,0.0
1969-04-29,0.0
1969-04-30,0.0
1969-05-01,0.0
1969-05-02,0.0
1969-05-03,0.0
1969-05-04,0.0
1969-05-05,0.0
1969-05-06,0.0
1969-05-07,0.0
1969-05-08,0.0
1969-05-09,0.0
1969-05-10,0.0
1969-05-11,0.0
1969-05-12,0.0
1969-05-13,0.0
1969-05-14,0.0
1969-05-15,0.0
1969-05-16,1.8396672010421755
1969-05-17,0.0
1969-05-18,19.02175521850586
1969-05-19,0.0
1969-05-20,0.0
1969-05-21,0.0
1969-05-22,0.0
1969-05-23,0.0
1969-05-24,2.283923864364624
1969-05-25,2.3503823280334477
1969-05-26,0.0
1969-05-27,0.0
1969-05-28,0.0
1969-05-29,0.0
1969-05-30,0.0
1969-05-31,0.0
1969-06-01,0.0
1969-06-02,0.1601787060499191
1969-06-03,0.0
1969-06-04,0.0
1969-06-05,0.0
1969-06-06,0.0
1969-06-07,0.0
1969-06-08,0.0
1969-06-09,0.0
1969-06-10,0.0
1969-06-11,0.0
1969-06-12,0.0
1969-06-13,0.0
1969-06-14,0.548833966255188
1969-06-15,4.375212669372559
1969-06-16,0.0
1969-06-17,0.0
1969-06-18,0.0
1969-06-19,0.0
1969-06-20,0.0
1969-06-21,0.0
1969-06-22,0.0
1969-06-23,0.0
1969-06-24,0.0
1969-06-25,0.274416983127594
1969-06-26,0.0
1969-06-27,0.0
1969-06-28,0.0
1969-06-29,0.0
1969-06-30,0.0
1969-07-01,0.0
1969-07-02,1.1637622117996216
1969-07-03,0.0
1969-07-04,0.0
1969-07-05,0.0
1969-07-06,0.0
1969-07-07,0.0
1969-07-08,0.1420528292655944
1969-07-09,0.6880649328231812
1969-07-10,0.0
1969-07-11,11.475017547607422
1969-07-12,9.426189422607422
1969-07-13,0.1562581062316894
1969-07-14,0.0
1969-07-15,0.0
1969-07-16,0.0
1969-07-17,0.0
1969-07-18,0.0
1969-07-19,0.0
1969-07-20,0.0
1969-07-21,0.0
1969-07-22,0.1298353821039199
1969-07-23,17.9427490234375
1969-07-24,0.0
1969-07-25,0.0
1969-07-26,0.0
1969-07-27,0.0
1969-07-28,0.0
1969-07-29,0.0
1969-07-30,0.0
1969-07-31,0.0
1969-08-01,0.0
1969-08-02,0.0
1969-08-03,0.0
1969-08-04,0.9339489936828612
1969-08-05,9.63674545288086
1969-08-06,0.0
1969-08-07,0.1646501868963241
1969-08-08,0.5497949719429016
1969-08-09,0.1420528292655944
1969-08-10,0.0
1969-08-11,0.0
1969-08-12,0.0
1969-08-13,0.0
1969-08-14,1.6481512784957886
1969-08-15,0.0
1969-08-16,0.0
1969-08-17,0.554006040096283
1969-08-18,1.1179263591766355
1969-08-19,0.0
1969-08-20,0.0
1969-08-21,0.0
1969-08-22,14.855449676513672
1969-08-23,20.70610809326172
1969-08-24,1.566921591758728
1969-08-25,0.9592071771621704
1969-08-26,0.6037173271179199
1969-08-27,0.0
1969-08-28,0.0
1969-08-29,24.051494598388672
1969-08-30,1.4342780113220217
1969-08-31,0.0
1969-09-01,0.0
1969-09-02,0.0
1969-09-03,0.0
1969-09-04,0.0
1969-09-05,0.1783045977354049
1969-09-06,0.0
1969-09-07,0.0
1969-09-08,0.0
1969-09-09,0.0
1969-09-10,0.0
1969-09-11,0.0
1969-09-12,0.0
1969-09-13,0.0
1969-09-14,0.0
1969-09-15,0.2272845208644867
1969-09-16,0.0
1969-09-17,0.0
1969-09-18,0.0
1969-09-19,0.0
1969-09-20,0.0
1969-09-21,0.0
1969-09-22,0.0
1969-09-23,0.0
1969-09-24,0.0
1969-09-25,0.0
1969-09-26,0.0
1969-09-27,26.1677188873291
1969-09-28,0.0
1969-09-29,0.0
1969-09-30,5.484225273132324
1969-10-01,0.0
1969-10-02,0.0
1969-10-03,0.0
1969-10-04,0.0
1969-10-05,0.0
1969-10-06,8.58984375
1969-10-07,22.689552307128903
1969-10-08,0.0
1969-10-09,26.01701545715332
1969-10-10,0.0
1969-10-11,19.673133850097656
1969-10-12,0.0
1969-10-13,0.0
1969-10-14,0.1411415338516235
1969-10-15,10.481894493103027
1969-10-16,106.67645263671876
1969-10-17,14.82418441772461
1969-10-18,5.316198825836182
1969-10-19,28.8493709564209
1969-10-20,8.85001277923584
1969-10-21,33.03290939331055
1969-10-22,170.54266357421875
1969-10-23,111.18678283691406
1969-10-24,5.546802997589111
1969-10-25,0.0
1969-10-26,0.3352111577987671
1969-10-27,2.52536940574646
1969-10-28,2.9131319522857666
1969-10-29,6.4989190101623535
1969-10-30,8.31564998626709
1969-10-31,0.0
1969-11-01,0.0
1969-11-02,0.0
1969-11-03,0.0
1969-11-04,0.0
1969-11-05,0.0
1969-11-06,0.0
1969-11-07,0.0
1969-11-08,0.0
1969-11-09,0.0
1969-11-10,0.0
1969-11-11,0.0
1969-11-12,0.0
1969-11-13,0.4516698718070984
1969-11-14,0.0
1969-11-15,0.0
1969-11-16,0.0
1969-11-17,0.0
1969-11-18,31.391849517822266
1969-11-19,161.66558837890625
1969-11-20,197.7459716796875
1969-11-21,6.092859268188477
1969-11-22,20.00513458251953
1969-11-23,5.255456447601318
1969-11-24,0.0
1969-11-25,0.0
1969-11-26,0.0
1969-11-27,0.0
1969-11-28,5.645829200744629
1969-11-29,17.700368881225586
1969-11-30,53.74151611328125
1969-12-01,1.1835248470306396
1969-12-02,0.0
1969-12-03,0.0
1969-12-04,0.6132981777191162
1969-12-05,0.2352358847856521
1969-12-06,0.0
1969-12-07,0.4971848726272583
1969-12-08,0.0
1969-12-09,0.0
1969-12-10,5.980480670928955
1969-12-11,23.39700508117676
1969-12-12,7.938498497009277
1969-12-13,3.784135580062866
1969-12-14,9.408793449401855
1969-12-15,0.0
1969-12-16,0.0
1969-12-17,8.057456016540527
1969-12-18,7.691630840301514
1969-12-19,0.0
1969-12-20,0.0
1969-12-21,0.0
1969-12-22,0.0
1969-12-23,0.0
1969-12-24,0.0
1969-12-25,0.0
1969-12-26,0.0
1969-12-27,0.0
1969-12-28,0.0
1969-12-29,0.0
1969-12-30,0.0
1969-12-31,22.31686019897461
1970-01-01,7.675414085388184
1970-01-02,0.0
1970-01-03,0.0
1970-01-04,0.0
1970-01-05,0.0
1970-01-06,0.0
1970-01-07,0.0
1970-01-08,0.0
1970-01-09,0.0
1970-01-10,0.0
1970-01-11,0.0
1970-01-12,0.0
1970-01-13,0.0
1970-01-14,0.0
1970-01-15,0.0
1970-01-16,0.0
1970-01-17,0.0
1970-01-18,0.0
1970-01-19,0.0
1970-01-20,0.0
1970-01-21,0.0
1970-01-22,0.0
1970-01-23,0.0
1970-01-24,0.0
1970-01-25,0.0
1970-01-26,0.0
1970-01-27,0.0
1970-01-28,0.0
1970-01-29,0.0
1970-01-30,0.0
1970-01-31,0.0
1970-02-01,0.0
1970-02-02,0.0
1970-02-03,0.0
1970-02-04,0.0
1970-02-05,0.0
1970-02-06,0.0
1970-02-07,0.0
1970-02-08,0.0
1970-02-09,0.0
1970-02-10,0.0
1970-02-11,0.0
1970-02-12,0.0
1970-02-13,0.0
1970-02-14,0.0
1970-02-15,0.0
1970-02-16,0.0
1970-02-17,0.0
1970-02-18,0.0
1970-02-19,17.063905715942383
1970-02-20,0.0
1970-02-21,0.0
1970-02-22,2.742112636566162
1970-02-23,0.0
1970-02-24,0.255695104598999
1970-02-25,0.0
1970-02-26,0.0
1970-02-27,0.0
1970-02-28,0.0
1970-03-01,0.0
1970-03-02,0.0
1970-03-03,0.0
1970-03-04,0.0
1970-03-05,0.0
1970-03-06,0.0
1970-03-07,0.3150698542594909
1970-03-08,0.0
1970-03-09,0.0
1970-03-10,0.0
1970-03-11,0.0
1970-03-12,0.0
1970-03-13,0.0
1970-03-14,0.0
1970-03-15,0.0
1970-03-16,0.0
1970-03-17,0.0
1970-03-18,0.0
1970-03-19,0.0
1970-03-20,0.0
1970-03-21,0.0
1970-03-22,0.0
1970-03-23,0.0
1970-03-24,0.0
1970-03-25,0.0
1970-03-26,0.0
1970-03-27,0.0
1970-03-28,0.0
1970-03-29,0.0
1970-03-30,0.0
1970-03-31,0.0
1970-04-01,0.0
1970-04-02,0.0
1970-04-03,0.0
1970-04-04,0.0
1970-04-05,0.9330177307128906
1970-04-06,0.0
1970-04-07,0.0
1970-04-08,0.0
1970-04-09,0.0
1970-04-10,0.0
1970-04-11,0.0
1970-04-12,0.0
1970-04-13,0.0
1970-04-14,0.5280665159225464
1970-04-15,0.8229399919509888
1970-04-16,0.0
1970-04-17,0.0
1970-04-18,0.0
1970-04-19,0.0
1970-04-20,0.0
1970-04-21,0.0
1970-04-22,0.0
1970-04-23,0.0
1970-04-24,0.0
1970-04-25,0.0
1970-04-26,0.0
1970-04-27,0.0
1970-04-28,0.0
1970-04-29,0.0
1970-04-30,0.0
1970-05-01,0.0
1970-05-02,0.0
1970-05-03,0.0
1970-05-04,0.0
1970-05-05,0.0
1970-05-06,0.0
1970-05-07,0.0
1970-05-08,0.0
1970-05-09,0.0
1970-05-10,0.0
1970-05-11,0.0
1970-05-12,0.0
1970-05-13,0.0
1970-05-14,0.0
1970-05-15,0.0
1970-05-16,0.0
1970-05-17,0.0
1970-05-18,3.233818531036377
1970-05-19,0.0
1970-05-20,0.0
1970-05-21,0.0
1970-05-22,0.1562581062316894
1970-05-23,2.7441697120666504
1970-05-24,37.09378433227539
1970-05-25,0.0
1970-05-26,0.0
1970-05-27,0.0
1970-05-28,0.0
1970-05-29,0.0
1970-05-30,0.0
1970-05-31,0.0
1970-06-01,90.23983001708984
1970-06-02,0.0
1970-06-03,3.0015203952789307
1970-06-04,11.390851020812988
1970-06-05,0.0
1970-06-06,0.0
1970-06-07,0.0
1970-06-08,0.0
1970-06-09,2.022358655929565
1970-06-10,0.0
1970-06-11,0.0
1970-06-12,2.782269239425659
1970-06-13,0.0
1970-06-14,0.0
1970-06-15,0.0
1970-06-16,0.0
1970-06-17,0.0
1970-06-18,0.1459734290838241
1970-06-19,4.54407262802124
1970-06-20,0.0
1970-06-21,0.0
1970-06-22,0.0
1970-06-23,5.477397441864014
1970-06-24,0.2430770546197891
1970-06-25,0.0
1970-06-26,0.0
1970-06-27,0.0
1970-06-28,25.699159622192383
1970-06-29,0.0
1970-06-30,0.0
1970-07-01,0.0
1970-07-02,0.0
1970-07-03,0.4173508882522583
1970-07-04,0.0
1970-07-05,0.0
1970-07-06,0.0
1970-07-07,0.0
1970-07-08,0.0
1970-07-09,0.0
1970-07-10,7.005497932434082
1970-07-11,0.391730397939682
1970-07-12,0.0
1970-07-13,3.2026991844177246
1970-07-14,3.0397305488586426
1970-07-15,11.98801040649414
1970-07-16,2.2302770614624023
1970-07-17,1.922053575515747
1970-07-18,7.066829681396484
1970-07-19,0.0
1970-07-20,0.0
1970-07-21,2.3503823280334477
1970-07-22,0.0
1970-07-23,4.044658660888672
1970-07-24,0.8971030712127686
1970-07-25,0.0
1970-07-26,0.0
1970-07-27,0.0
1970-07-28,0.0
1970-07-29,0.0
1970-07-30,0.0
1970-07-31,0.0
1970-08-01,0.0
1970-08-02,1.566921591758728
1970-08-03,0.0
1970-08-04,11.979077339172363
1970-08-05,0.1420528292655944
1970-08-06,5.484225273132324
1970-08-07,17.949621200561523
1970-08-08,3.917304039001465
1970-08-09,0.1097767427563667
1970-08-10,0.0
1970-08-11,1.82608163356781
1970-08-12,4.042995452880859
1970-08-13,6.361814498901367
1970-08-14,0.1440131217241287
1970-08-15,0.8835015296936035
1970-08-16,0.0
1970-08-17,0.0
1970-08-18,5.797609806060791
1970-08-19,1.9707084894180296
1970-08-20,0.274416983127594
1970-08-21,0.0
1970-08-22,0.0
1970-08-23,0.0
1970-08-24,16.26107406616211
1970-08-25,0.0
1970-08-26,23.498727798461918
1970-08-27,1.022780418395996
1970-08-28,7.472611427307129
1970-08-29,21.21871566772461
1970-08-30,0.0
1970-08-31,0.0
1970-09-01,0.0
1970-09-02,0.0
1970-09-03,0.0
1970-09-04,0.0
1970-09-05,0.0
1970-09-06,0.0
1970-09-07,1.801477670669556
1970-09-08,9.656343460083008
1970-09-09,18.575044631958008
1970-09-10,55.24642562866211
1970-09-11,9.297334671020508
1970-09-12,0.0
1970-09-13,0.0
1970-09-14,0.0
1970-09-15,0.2699003517627716
1970-09-16,0.0
1970-09-17,24.27713203430176
1970-09-18,0.0
1970-09-19,0.227394700050354
1970-09-20,0.3371714353561401
1970-09-21,0.0
1970-09-22,2.9478721618652344
1970-09-23,0.0
1970-09-24,65.4693603515625
1970-09-25,0.0
1970-09-26,0.0
1970-09-27,0.0
1970-09-28,0.0
1970-09-29,0.0
1970-09-30,0.0
1970-10-01,25.34244537353516
1970-10-02,0.3551320731639862
1970-10-03,0.0
1970-10-04,33.42188262939453
1970-10-05,56.88368606567383
1970-10-06,0.0
1970-10-07,10.04664134979248
1970-10-08,0.1097667887806892
1970-10-09,2.336451530456543
1970-10-10,18.62148094177246
1970-10-11,0.0
1970-10-12,0.0
1970-10-13,14.60487937927246
1970-10-14,2.6444222927093506
1970-10-15,0.5682113170623779
1970-10-16,18.54122543334961
1970-10-17,1.0847535133361816
1970-10-18,10.831159591674805
1970-10-19,0.0
1970-10-20,0.0
1970-10-21,7.81447696685791
1970-10-22,0.0
1970-10-23,0.0
1970-10-24,0.0
1970-10-25,0.0
1970-10-26,0.0
1970-10-27,0.0
1970-10-28,0.0
1970-10-29,0.0
1970-10-30,0.0
1970-10-31,0.0
1970-11-01,0.0
1970-11-02,1.6296510696411133
1970-11-03,0.0
1970-11-04,0.0
1970-11-05,0.0
1970-11-06,14.88947868347168
1970-11-07,6.424510002136231
1970-11-08,0.0
1970-11-09,0.0
1970-11-10,0.1420528292655944
1970-11-11,0.0
1970-11-12,0.0
1970-11-13,0.0
1970-11-14,0.0
1970-11-15,0.0
1970-11-16,1.2708698511123655
1970-11-17,0.0
1970-11-18,0.0
1970-11-19,9.257789611816406
1970-11-20,181.1890106201172
1970-11-21,32.42173385620117
1970-11-22,37.81662368774414
1970-11-23,62.36068344116211
1970-11-24,24.56818580627441
1970-11-25,0.0
1970-11-26,26.8552360534668
1970-11-27,0.2836500108242035
1970-11-28,11.168401718139648
1970-11-29,7.101828098297119
1970-11-30,0.0
1970-12-01,0.0
1970-12-02,0.0
1970-12-03,0.0
1970-12-04,0.0
1970-12-05,0.0
1970-12-06,0.0
1970-12-07,0.0
1970-12-08,0.0
1970-12-09,0.0
1970-12-10,0.0
1970-12-11,1.547450304031372
1970-12-12,1.5655752420425415
1970-12-13,0.0
1970-12-14,0.0
1970-12-15,0.0
1970-12-16,0.0
1970-12-17,0.0
1970-12-18,0.0
1970-12-19,0.0
1970-12-20,0.0
1970-12-21,0.0
1970-12-22,0.0
1970-12-23,0.0
1970-12-24,0.0
1970-12-25,0.0
1970-12-26,0.0
1970-12-27,24.367656707763672
1970-12-28,27.688743591308597
1970-12-29,0.0
1970-12-30,0.0
1970-12-31,0.0
1971-01-01,0.0
1971-01-02,0.0
1971-01-03,0.0
1971-01-04,0.0
1971-01-05,0.0
1971-01-06,0.0
1971-01-07,0.0
1971-01-08,0.0
1971-01-09,1.944489359855652
1971-01-10,0.0
1971-01-11,0.4072496592998504
1971-01-12,0.0
1971-01-13,0.0
1971-01-14,0.0
1971-01-15,0.0
1971-01-16,0.0
1971-01-17,0.0
1971-01-18,0.0
1971-01-19,0.0
1971-01-20,0.0
1971-01-21,0.0
1971-01-22,0.0
1971-01-23,0.0
1971-01-24,6.204069137573242
1971-01-25,8.046710014343262
1971-01-26,0.0
1971-01-27,0.0
1971-01-28,0.0
1971-01-29,0.0
1971-01-30,0.0
1971-01-31,0.0
1971-02-01,0.0
1971-02-02,0.0
1971-02-03,0.0
1971-02-04,0.0
1971-02-05,0.0
1971-02-06,0.0
1971-02-07,0.0
1971-02-08,0.0
1971-02-09,0.0
1971-02-10,0.0
1971-02-11,0.0
1971-02-12,0.0
1971-02-13,0.0
1971-02-14,0.0
1971-02-15,0.0
1971-02-16,0.0
1971-02-17,0.0
1971-02-18,0.0
1971-02-19,0.0
1971-02-20,0.0
1971-02-21,0.0
1971-02-22,0.0
1971-02-23,0.0
1971-02-24,0.0
1971-02-25,0.0
1971-02-26,0.0
1971-02-27,12.456584930419922
1971-02-28,3.205198287963867
1971-03-01,1.1925735473632812
1971-03-02,1.074867844581604
1971-03-03,0.3317920267581939
1971-03-04,0.0
1971-03-05,0.1688921600580215
1971-03-06,12.090352058410645
1971-03-07,1.8724647760391235
1971-03-08,0.4886995851993561
1971-03-09,18.19110870361328
1971-03-10,37.20403671264648
1971-03-11,0.0
1971-03-12,0.0
1971-03-13,0.0
1971-03-14,0.0
1971-03-15,0.0
1971-03-16,0.0
1971-03-17,0.0
1971-03-18,0.0
1971-03-19,0.0
1971-03-20,0.0
1971-03-21,0.0
1971-03-22,0.0
1971-03-23,0.0
1971-03-24,0.0
1971-03-25,0.0
1971-03-26,0.0
1971-03-27,0.0
1971-03-28,0.0
1971-03-29,0.0
1971-03-30,0.0
1971-03-31,0.0
1971-04-01,0.0
1971-04-02,0.0
1971-04-03,0.0
1971-04-04,0.0
1971-04-05,0.0
1971-04-06,0.0
1971-04-07,0.0
1971-04-08,0.0
1971-04-09,0.0
1971-04-10,0.0
1971-04-11,0.0
1971-04-12,0.0
1971-04-13,0.0
1971-04-14,0.0
1971-04-15,0.0
1971-04-16,0.0
1971-04-17,2.7692973613739014
1971-04-18,0.0
1971-04-19,0.0
1971-04-20,0.0
1971-04-21,0.0
1971-04-22,0.0
1971-04-23,6.80119514465332
1971-04-24,0.0
1971-04-25,0.0
1971-04-26,0.0
1971-04-27,0.0
1971-04-28,0.0
1971-04-29,0.0
1971-04-30,0.0
1971-05-01,0.0
1971-05-02,0.0
1971-05-03,0.0
1971-05-04,0.0
1971-05-05,0.0
1971-05-06,1.0288870334625244
1971-05-07,6.920324802398682
1971-05-08,0.0
1971-05-09,0.0
1971-05-10,0.0
1971-05-11,0.0
1971-05-12,0.0
1971-05-13,0.0
1971-05-14,0.0
1971-05-15,19.483970642089844
1971-05-16,0.0
1971-05-17,0.0
1971-05-18,0.2932197451591491
1971-05-19,0.0
1971-05-20,20.079530715942383
1971-05-21,0.0
1971-05-22,0.0
1971-05-23,6.764862537384033
1971-05-24,0.0
1971-05-25,0.0
1971-05-26,0.0
1971-05-27,0.0
1971-05-28,4.670627593994141
1971-05-29,0.0
1971-05-30,30.64695167541504
1971-05-31,1.19100022315979
1971-06-01,0.1636865735054016
1971-06-02,1.5469648838043213
1971-06-03,0.0
1971-06-04,0.0
1971-06-05,0.0
1971-06-06,0.0
1971-06-07,0.0
1971-06-08,0.0
1971-06-09,0.0
1971-06-10,0.1628998517990112
1971-06-11,0.0
1971-06-12,0.0
1971-06-13,0.0
1971-06-14,0.0
1971-06-15,0.0
1971-06-16,4.059178352355957
1971-06-17,8.925522804260254
1971-06-18,0.0
1971-06-19,0.0
1971-06-20,0.0
1971-06-21,0.0
1971-06-22,0.0
1971-06-23,0.0
1971-06-24,0.0
1971-06-25,0.0
1971-06-26,2.3781168460845947
1971-06-27,0.2814869284629822
1971-06-28,0.0
1971-06-29,0.0
1971-06-30,0.4569062888622284
1971-07-01,0.0
1971-07-02,0.0
1971-07-03,0.0
1971-07-04,14.751861572265623
1971-07-05,14.794669151306152
1971-07-06,0.0
1971-07-07,0.0
1971-07-08,2.236963987350464
1971-07-09,0.0
1971-07-10,13.301956176757812
1971-07-11,31.50974464416504
1971-07-12,16.88547134399414
1971-07-13,0.3257997035980224
1971-07-14,0.0
1971-07-15,0.0
1971-07-16,0.9587355852127076
1971-07-17,0.0
1971-07-18,0.0
1971-07-19,0.0
1971-07-20,0.0
1971-07-21,3.162007093429565
1971-07-22,13.343320846557615
1971-07-23,0.0
1971-07-24,0.0
1971-07-25,10.348608016967772
1971-07-26,8.944642066955566
1971-07-27,0.0
1971-07-28,0.221752718091011
1971-07-29,0.1628998517990112
1971-07-30,0.0
1971-07-31,0.6915310025215149
1971-08-01,0.0
1971-08-02,0.0
1971-08-03,0.0
1971-08-04,0.0
1971-08-05,0.0
1971-08-06,0.0
1971-08-07,0.0
1971-08-08,0.0
1971-08-09,0.0
1971-08-10,0.0
1971-08-11,0.0
1971-08-12,0.0
1971-08-13,0.0
1971-08-14,0.0
1971-08-15,0.0
1971-08-16,4.438145637512207
1971-08-17,13.281880378723145
1971-08-18,3.43625283241272
1971-08-19,18.43319320678711
1971-08-20,5.654298305511475
1971-08-21,16.331966400146484
1971-08-22,8.747757911682129
1971-08-23,39.89558410644531
1971-08-24,17.305524826049805
1971-08-25,0.0
1971-08-26,0.0
1971-08-27,0.0
1971-08-28,0.0
1971-08-29,10.16531467437744
1971-08-30,0.0
1971-08-31,0.0
1971-09-01,0.6597427129745483
1971-09-02,0.972164273262024
1971-09-03,0.0
1971-09-04,0.0
1971-09-05,0.8565080165863037
1971-09-06,5.637119293212891
1971-09-07,0.0
1971-09-08,0.0
1971-09-09,0.0
1971-09-10,0.0
1971-09-11,0.0
1971-09-12,0.6149585247039795
1971-09-13,0.0
1971-09-14,0.0
1971-09-15,0.0
1971-09-16,0.0
1971-09-17,4.227042198181152
1971-09-18,16.502910614013672
1971-09-19,0.0
1971-09-20,7.738227844238281
1971-09-21,0.0
1971-09-22,0.0
1971-09-23,1.7237039804458618
1971-09-24,7.225019931793213
1971-09-25,4.440587520599365
1971-09-26,0.0
1971-09-27,7.789474010467529
1971-09-28,3.0704152584075928
1971-09-29,19.60594749450684
1971-09-30,0.0
1971-10-01,0.0
1971-10-02,0.0
1971-10-03,0.0
1971-10-04,0.0
1971-10-05,11.92381763458252
1971-10-06,3.8888943195343018
1971-10-07,4.092601299285889
1971-10-08,73.07151794433594
1971-10-09,0.0
1971-10-10,0.0
1971-10-11,0.0
1971-10-12,2.49236798286438
1971-10-13,0.1407434642314911
1971-10-14,52.17097091674805
1971-10-15,0.0
1971-10-16,0.0
1971-10-17,8.568142890930176
1971-10-18,6.920843124389648
1971-10-19,0.1140298992395401
1971-10-20,7.501484870910644
1971-10-21,2.2154381275177
1971-10-22,7.59495210647583
1971-10-23,21.964130401611328
1971-10-24,37.5726432800293
1971-10-25,18.110889434814453
1971-10-26,11.341933250427246
1971-10-27,0.8144993185997009
1971-10-28,0.0
1971-10-29,15.214612007141112
1971-10-30,0.0
1971-10-31,0.0
1971-11-01,0.0
1971-11-02,0.0
1971-11-03,0.0
1971-11-04,0.7982093095779419
1971-11-05,0.0
1971-11-06,0.0
1971-11-07,0.0
1971-11-08,0.0
1971-11-09,0.0
1971-11-10,0.0
1971-11-11,0.0
1971-11-12,17.510839462280273
1971-11-13,34.56894302368164
1971-11-14,0.0
1971-11-15,4.390515804290772
1971-11-16,0.0
1971-11-17,0.0
1971-11-18,2.47741436958313
1971-11-19,11.141763687133787
1971-11-20,1.8194736242294312
1971-11-21,0.0
1971-11-22,5.758091926574707
1971-11-23,5.822295188903809
1971-11-24,0.0
1971-11-25,0.0
1971-11-26,0.3602867424488067
1971-11-27,0.0
1971-11-28,4.092164516448975
1971-11-29,22.132986068725582
1971-11-30,0.0
1971-12-01,0.0
1971-12-02,0.0
1971-12-03,23.11272430419922
1971-12-04,79.67382049560547
1971-12-05,0.0
1971-12-06,0.0
1971-12-07,0.1403027772903442
1971-12-08,96.18785858154295
1971-12-09,82.09339141845703
1971-12-10,4.786562919616699
1971-12-11,5.084863662719727
1971-12-12,0.3369029462337494
1971-12-13,0.0
1971-12-14,107.00949096679688
1971-12-15,69.78663635253906
1971-12-16,95.7340087890625
1971-12-17,75.34201049804688
1971-12-18,0.0
1971-12-19,0.0
1971-12-20,0.0
1971-12-21,0.0
1971-12-22,0.0
1971-12-23,0.0
1971-12-24,0.0
1971-12-25,0.0
1971-12-26,0.0
1971-12-27,0.0
1971-12-28,0.0
1971-12-29,0.0
1971-12-30,0.0
1971-12-31,0.0
1972-01-01,0.0
1972-01-02,0.0
1972-01-03,0.0
1972-01-04,0.0
1972-01-05,0.0
1972-01-06,0.0
1972-01-07,0.0
1972-01-08,0.0
1972-01-09,0.0
1972-01-10,0.0
1972-01-11,0.0
1972-01-12,0.0
1972-01-13,0.0
1972-01-14,0.0
1972-01-15,0.0
1972-01-16,0.0
1972-01-17,0.0
1972-01-18,1.1252676248550415
1972-01-19,1.375968098640442
1972-01-20,0.0
1972-01-21,0.0
1972-01-22,0.0
1972-01-23,0.0
1972-01-24,0.0
1972-01-25,0.0
1972-01-26,0.0
1972-01-27,0.0
1972-01-28,0.0
1972-01-29,0.0
1972-01-30,0.0
1972-01-31,0.0
1972-02-01,0.0
1972-02-02,0.0
1972-02-03,0.0
1972-02-04,0.0
1972-02-05,0.0
1972-02-06,0.0
1972-02-07,0.0
1972-02-08,0.0
1972-02-09,0.0
1972-02-10,0.0
1972-02-11,0.0
1972-02-12,0.0
1972-02-13,0.0
1972-02-14,0.0
1972-02-15,0.0
1972-02-16,0.0
1972-02-17,0.0
1972-02-18,0.0
1972-02-19,0.0
1972-02-20,0.0
1972-02-21,0.0
1972-02-22,0.0
1972-02-23,0.0
1972-02-24,0.0
1972-02-25,0.0
1972-02-26,0.0
1972-02-27,0.0
1972-02-28,0.0
1972-02-29,0.0
1972-03-01,0.0
1972-03-02,0.0
1972-03-03,0.0
1972-03-04,0.0
1972-03-05,0.0
1972-03-06,0.0
1972-03-07,0.0
1972-03-08,0.0
1972-03-09,0.0
1972-03-10,0.0
1972-03-11,0.0
1972-03-12,0.0
1972-03-13,0.0
1972-03-14,0.0
1972-03-15,0.0
1972-03-16,0.0
1972-03-17,0.0
1972-03-18,0.0
1972-03-19,0.0
1972-03-20,0.0
1972-03-21,0.0
1972-03-22,0.0
1972-03-23,0.0
1972-03-24,0.0
1972-03-25,0.0
1972-03-26,0.0
1972-03-27,0.0
1972-03-28,0.0
1972-03-29,0.0
1972-03-30,0.0
1972-03-31,0.0
1972-04-01,0.0
1972-04-02,0.0
1972-04-03,0.0
1972-04-04,0.0
1972-04-05,0.0
1972-04-06,0.0
1972-04-07,0.0
1972-04-08,0.0
1972-04-09,0.0
1972-04-10,0.0
1972-04-11,0.0
1972-04-12,0.0
1972-04-13,0.0
1972-04-14,0.0
1972-04-15,0.0
1972-04-16,0.0
1972-04-17,0.0
1972-04-18,0.0
1972-04-19,0.0
1972-04-20,0.0
1972-04-21,0.0
1972-04-22,0.0
1972-04-23,0.0
1972-04-24,0.0
1972-04-25,0.0
1972-04-26,0.0
1972-04-27,0.0
1972-04-28,0.0
1972-04-29,0.0
1972-04-30,0.0
1972-05-01,0.0
1972-05-02,0.0
1972-05-03,0.0
1972-05-04,0.0
1972-05-05,0.0
1972-05-06,0.0
1972-05-07,0.0
1972-05-08,0.0
1972-05-09,0.0
1972-05-10,1.0055032968521118
1972-05-11,25.81082534790039
1972-05-12,29.748424530029297
1972-05-13,45.77841567993164
1972-05-14,0.3659330010414123
1972-05-15,1.2796072959899902
1972-05-16,1.407434582710266
1972-05-17,0.0
1972-05-18,0.0
1972-05-19,0.0
1972-05-20,0.0
1972-05-21,0.0
1972-05-22,0.0
1972-05-23,0.0
1972-05-24,0.0
1972-05-25,0.0
1972-05-26,5.945844650268555
1972-05-27,0.0
1972-05-28,0.0
1972-05-29,0.0
1972-05-30,0.0
1972-05-31,0.0
1972-06-01,0.0
1972-06-02,0.0
1972-06-03,0.0
1972-06-04,0.0
1972-06-05,0.0
1972-06-06,1.8249602317810056
1972-06-07,0.0
1972-06-08,0.0
1972-06-09,0.0
1972-06-10,0.0
1972-06-11,0.0
1972-06-12,0.0
1972-06-13,0.0
1972-06-14,0.0
1972-06-15,0.0
1972-06-16,0.0
1972-06-17,0.0
1972-06-18,0.0
1972-06-19,0.0
1972-06-20,0.0
1972-06-21,0.0
1972-06-22,0.1191329956054687
1972-06-23,0.0
1972-06-24,0.0
1972-06-25,0.0
1972-06-26,0.0
1972-06-27,0.0
1972-06-28,0.0
1972-06-29,0.0
1972-06-30,0.0
1972-07-01,0.0
1972-07-02,0.0
1972-07-03,3.3966312408447266
1972-07-04,0.0
1972-07-05,0.0
1972-07-06,0.0
1972-07-07,1.4731791019439695
1972-07-08,2.415580987930298
1972-07-09,0.0
1972-07-10,0.0
1972-07-11,0.0
1972-07-12,0.0
1972-07-13,0.0
1972-07-14,0.0
1972-07-15,0.0
1972-07-16,0.0
1972-07-17,0.6686761379241943
1972-07-18,0.0
1972-07-19,28.734100341796875
1972-07-20,2.8990883827209477
1972-07-21,0.0
1972-07-22,1.0383795499801636
1972-07-23,0.0
1972-07-24,0.0
1972-07-25,0.4398296475410461
1972-07-26,0.0
1972-07-27,0.0
1972-07-28,0.0
1972-07-29,0.0
1972-07-30,0.532156229019165
1972-07-31,0.0
1972-08-01,0.0
1972-08-02,1.4187897443771362
1972-08-03,0.1628998517990112
1972-08-04,0.0
1972-08-05,0.0
1972-08-06,61.59089279174805
1972-08-07,0.0
1972-08-08,0.0
1972-08-09,0.0
1972-08-10,1.8853330612182615
1972-08-11,2.7035837173461914
1972-08-12,0.0
1972-08-13,1.2490662336349487
1972-08-14,0.0
1972-08-15,0.0
1972-08-16,13.43532371520996
1972-08-17,2.2191004753112797
1972-08-18,0.1403027772903442
1972-08-19,9.498037338256836
1972-08-20,0.0
1972-08-21,2.1453006267547607
1972-08-22,5.348106861114502
1972-08-23,1.1565889120101929
1972-08-24,0.0
1972-08-25,0.0
1972-08-26,0.0
1972-08-27,0.0
1972-08-28,0.3569445610046386
1972-08-29,1.221748948097229
1972-08-30,0.0
1972-08-31,0.0
1972-09-01,0.0
1972-09-02,0.0
1972-09-03,0.0
1972-09-04,0.0
1972-09-05,0.0
1972-09-06,0.0
1972-09-07,0.0
1972-09-08,98.24420928955078
1972-09-09,6.147578239440918
1972-09-10,0.0
1972-09-11,0.0
1972-09-12,0.0
1972-09-13,0.0
1972-09-14,0.0
1972-09-15,4.736665725708008
1972-09-16,1.445755124092102
1972-09-17,0.0
1972-09-18,0.0
1972-09-19,0.0
1972-09-20,0.0
1972-09-21,0.0
1972-09-22,3.3843259811401367
1972-09-23,0.0
1972-09-24,1.9539926052093504
1972-09-25,0.0
1972-09-26,0.0
1972-09-27,0.0
1972-09-28,0.0
1972-09-29,12.59263801574707
1972-09-30,10.112228393554688
1972-10-01,0.0
1972-10-02,1.149287462234497
1972-10-03,1.4739792346954346
1972-10-04,0.0
1972-10-05,0.0
1972-10-06,29.40742301940918
1972-10-07,0.0
1972-10-08,0.126448780298233
1972-10-09,5.866161823272705
1972-10-10,0.0
1972-10-11,0.3095097243785858
1972-10-12,0.244349792599678
1972-10-13,0.0
1972-10-14,0.0
1972-10-15,0.0
1972-10-16,0.0
1972-10-17,0.0
1972-10-18,0.0
1972-10-19,0.0
1972-10-20,0.0
1972-10-21,2.2721939086914062
1972-10-22,90.54767608642578
1972-10-23,0.7267422676086426
1972-10-24,16.790061950683594
1972-10-25,3.837899684906006
1972-10-26,58.005069732666016
1972-10-27,97.41106414794922
1972-10-28,6.779501914978027
1972-10-29,1.2601070404052734
1972-10-30,0.0
1972-10-31,18.961688995361328
1972-11-01,13.535236358642578
1972-11-02,3.690700054168701
1972-11-03,91.48274230957033
1972-11-04,27.373069763183597
1972-11-05,5.4344892501831055
1972-11-06,1.5935710668563845
1972-11-07,2.6861345767974854
1972-11-08,0.5845949053764343
1972-11-09,3.739734411239624
1972-11-10,0.0
1972-11-11,0.0
1972-11-12,0.0
1972-11-13,0.0
1972-11-14,0.0
1972-11-15,0.0
1972-11-16,0.2572217583656311
1972-11-17,0.4561195969581604
1972-11-18,0.0
1972-11-19,0.0
1972-11-20,0.0
1972-11-21,0.0
1972-11-22,44.04842758178711
1972-11-23,6.72983980178833
1972-11-24,0.9111813306808472
1972-11-25,0.0
1972-11-26,0.0
1972-11-27,0.9353518486022948
1972-11-28,5.288956165313721
1972-11-29,0.5951067209243774
1972-11-30,0.0
1972-12-01,0.0
1972-12-02,1.7300812005996704
1972-12-03,7.270037651062012
1972-12-04,8.044296264648438
1972-12-05,79.69300842285156
1972-12-06,133.42959594726562
1972-12-07,126.8149642944336
1972-12-08,6.9673919677734375
1972-12-09,0.3182840347290039
1972-12-10,0.0
1972-12-11,0.0
1972-12-12,0.0
1972-12-13,0.0
1972-12-14,7.775752544403076
1972-12-15,0.9587355852127076
1972-12-16,0.0
1972-12-17,0.0
1972-12-18,0.0
1972-12-19,0.0
1972-12-20,0.0
1972-12-21,0.0
1972-12-22,0.0
1972-12-23,0.0
1972-12-24,0.2338379621505737
1972-12-25,0.0
1972-12-26,0.0
1972-12-27,0.0
1972-12-28,0.0
1972-12-29,0.0
1972-12-30,0.0
1972-12-31,0.0
1973-01-01,0.0
1973-01-02,0.0
1973-01-03,0.0
1973-01-04,0.0
1973-01-05,0.0
1973-01-06,0.0
1973-01-07,0.0
1973-01-08,0.0
1973-01-09,0.0
1973-01-10,0.0
1973-01-11,0.0
1973-01-12,0.0
1973-01-13,0.0
1973-01-14,0.0
1973-01-15,0.0
1973-01-16,0.0
1973-01-17,0.0
1973-01-18,0.0
1973-01-19,0.0
1973-01-20,0.0
1973-01-21,0.0
1973-01-22,0.0
1973-01-23,0.0
1973-01-24,0.0
1973-01-25,0.0
1973-01-26,0.4072496592998504
1973-01-27,0.0
1973-01-28,0.0
1973-01-29,0.0
1973-01-30,0.0
1973-01-31,0.8184328079223633
1973-02-01,0.0
1973-02-02,0.0
1973-02-03,0.0
1973-02-04,0.0
1973-02-05,0.0
1973-02-06,0.0
1973-02-07,0.0
1973-02-08,0.0
1973-02-09,0.0
1973-02-10,0.0
1973-02-11,0.0
1973-02-12,0.0
1973-02-13,0.0
1973-02-14,0.0
1973-02-15,0.0
1973-02-16,0.0
1973-02-17,0.0
1973-02-18,0.0
1973-02-19,0.0
1973-02-20,0.0
1973-02-21,0.0
1973-02-22,0.0
1973-02-23,0.0
1973-02-24,0.0
1973-02-25,0.0
1973-02-26,0.0
1973-02-27,0.0
1973-02-28,0.0
1973-03-01,0.0
1973-03-02,0.0
1973-03-03,0.0
1973-03-04,0.0
1973-03-05,0.0
1973-03-06,0.0
1973-03-07,0.0
1973-03-08,0.0
1973-03-09,0.0
1973-03-10,0.0
1973-03-11,0.0
1973-03-12,0.0
1973-03-13,0.0
1973-03-14,0.0
1973-03-15,0.0
1973-03-16,0.0
1973-03-17,0.0
1973-03-18,0.0
1973-03-19,0.0
1973-03-20,0.0
1973-03-21,0.0
1973-03-22,0.0
1973-03-23,0.0
1973-03-24,0.0
1973-03-25,0.0
1973-03-26,0.0
1973-03-27,0.0
1973-03-28,0.0
1973-03-29,0.0
1973-03-30,0.0
1973-03-31,0.0
1973-04-01,0.0
1973-04-02,0.0
1973-04-03,0.0
1973-04-04,0.0
1973-04-05,0.0
1973-04-06,0.0
1973-04-07,0.0
1973-04-08,0.0
1973-04-09,0.0
1973-04-10,0.0
1973-04-11,0.0
1973-04-12,0.0
1973-04-13,0.0
1973-04-14,0.0
1973-04-15,0.0
1973-04-16,0.0
1973-04-17,0.0
1973-04-18,0.0
1973-04-19,0.0
1973-04-20,0.0
1973-04-21,0.0
1973-04-22,0.0
1973-04-23,0.0
1973-04-24,0.0
1973-04-25,0.0
1973-04-26,0.0
1973-04-27,0.0
1973-04-28,0.0
1973-04-29,0.0
1973-04-30,0.0
1973-05-01,0.0
1973-05-02,0.0
1973-05-03,0.0
1973-05-04,0.0
1973-05-05,0.0
1973-05-06,0.0
1973-05-07,0.0
1973-05-08,0.0
1973-05-09,0.0
1973-05-10,0.0
1973-05-11,0.0
1973-05-12,0.0
1973-05-13,1.4818516969680786
1973-05-14,0.0
1973-05-15,0.0
1973-05-16,0.0
1973-05-17,0.0
1973-05-18,0.0
1973-05-19,0.0
1973-05-20,0.0
1973-05-21,0.0
1973-05-22,0.0
1973-05-23,0.0
1973-05-24,0.0
1973-05-25,0.0
1973-05-26,0.0
1973-05-27,0.0
1973-05-28,0.0
1973-05-29,0.0
1973-05-30,0.0
1973-05-31,0.0
1973-06-01,0.0
1973-06-02,0.0
1973-06-03,2.1577367782592773
1973-06-04,0.0
1973-06-05,0.0
1973-06-06,0.0
1973-06-07,0.5378273129463196
1973-06-08,0.0
1973-06-09,0.0
1973-06-10,0.0
1973-06-11,0.0
1973-06-12,0.1636865735054016
1973-06-13,0.0
1973-06-14,0.0
1973-06-15,0.0
1973-06-16,0.0
1973-06-17,0.0
1973-06-18,0.0
1973-06-19,0.0
1973-06-20,1.122422218322754
1973-06-21,0.0
1973-06-22,0.0
1973-06-23,11.235072135925291
1973-06-24,5.618293762207031
1973-06-25,0.0
1973-06-26,0.0
1973-06-27,2.087789297103882
1973-06-28,0.7701864838600159
1973-06-29,0.0
1973-06-30,0.0
1973-07-01,0.0
1973-07-02,0.0
1973-07-03,0.3039893507957458
1973-07-04,0.0
1973-07-05,0.0
1973-07-06,0.0
1973-07-07,0.0
1973-07-08,8.304389953613281
1973-07-09,0.0
1973-07-10,0.0
1973-07-11,0.0
1973-07-12,0.0
1973-07-13,0.0
1973-07-14,0.0
1973-07-15,0.0
1973-07-16,0.0
1973-07-17,0.0
1973-07-18,0.963802933692932
1973-07-19,0.0
1973-07-20,0.0
1973-07-21,0.0
1973-07-22,0.2316758632659912
1973-07-23,0.5128700733184814
1973-07-24,26.989267349243164
1973-07-25,0.0
1973-07-26,0.0
1973-07-27,0.0
1973-07-28,1.8044744729995728
1973-07-29,4.001033782958984
1973-07-30,1.466885328292847
1973-07-31,3.194490909576416
1973-08-01,0.0
1973-08-02,90.01780700683594
1973-08-03,39.86044692993164
1973-08-04,27.596515655517575
1973-08-05,9.252690315246582
1973-08-06,1.4497952461242676
1973-08-07,0.4072496592998504
1973-08-08,0.0
1973-08-09,7.197137355804443
1973-08-10,44.97591018676758
1973-08-11,33.79978561401367
1973-08-12,14.049756050109863
1973-08-13,5.163661956787109
1973-08-14,0.9942805171012878
1973-08-15,11.65919303894043
1973-08-16,2.578771114349365
1973-08-17,1.4031223058700562
1973-08-18,0.0
1973-08-19,0.0
1973-08-20,0.0
1973-08-21,0.1403027772903442
1973-08-22,0.0
1973-08-23,0.0
1973-08-24,0.0
1973-08-25,0.5569815635681152
1973-08-26,0.0
1973-08-27,3.5845837593078613
1973-08-28,0.0
1973-08-29,0.0
1973-08-30,0.0
1973-08-31,0.4442921280860901
1973-09-01,0.0
1973-09-02,0.0
1973-09-03,0.0
1973-09-04,0.0
1973-09-05,0.0
1973-09-06,2.188636302947998
1973-09-07,1.4030277729034424
1973-09-08,0.0
1973-09-09,0.0
1973-09-10,1.8586318492889404
1973-09-11,7.844936847686768
1973-09-12,0.0
1973-09-13,0.0
1973-09-14,0.0
1973-09-15,0.0
1973-09-16,0.0
1973-09-17,1.628998637199402
1973-09-18,0.0
1973-09-19,18.27386474609375
1973-09-20,3.151834487915039
1973-09-21,0.0
1973-09-22,0.0
1973-09-23,0.0
1973-09-24,0.0
1973-09-25,0.0
1973-09-26,0.8885842561721802
1973-09-27,0.0
1973-09-28,0.0
1973-09-29,0.4442921280860901
1973-09-30,3.317352056503296
1973-10-01,0.6515994071960449
1973-10-02,0.0
1973-10-03,0.0
1973-10-04,0.0
1973-10-05,0.0
1973-10-06,0.0
1973-10-07,0.0
1973-10-08,0.0
1973-10-09,0.0
1973-10-10,33.90959167480469
1973-10-11,7.90586519241333
1973-10-12,1.2845354080200195
1973-10-13,0.0
1973-10-14,0.9587355852127076
1973-10-15,0.6920324563980103
1973-10-16,0.3257997035980224
1973-10-17,5.071136951446533
1973-10-18,12.52578830718994
1973-10-19,0.0
1973-10-20,29.23670196533203
1973-10-21,26.26990509033203
1973-10-22,9.902155876159668
1973-10-23,0.0
1973-10-24,0.0
1973-10-25,0.7248976230621338
1973-10-26,4.50925874710083
1973-10-27,1.6111217737197876
1973-10-28,18.684877395629883
1973-10-29,22.533721923828125
1973-10-30,26.341047286987305
1973-10-31,25.058223724365234
1973-11-01,5.471048355102539
1973-11-02,0.0
1973-11-03,0.3746696412563324
1973-11-04,15.07025146484375
1973-11-05,1.628998637199402
1973-11-06,0.0
1973-11-07,0.0
1973-11-08,0.0
1973-11-09,0.0
1973-11-10,0.0
1973-11-11,0.0
1973-11-12,0.0
1973-11-13,0.0
1973-11-14,0.0
1973-11-15,24.36757469177246
1973-11-16,0.0
1973-11-17,0.0
1973-11-18,0.0
1973-11-19,0.0
1973-11-20,0.0
1973-11-21,0.0
1973-11-22,0.0
1973-11-23,0.0
1973-11-24,0.0
1973-11-25,20.73036766052246
1973-11-26,25.20450592041016
1973-11-27,0.0
1973-11-28,0.0
1973-11-29,0.1636865735054016
1973-11-30,1.5091770887374878
1973-12-01,0.2932197451591491
1973-12-02,19.67972755432129
1973-12-03,0.2840235531330108
1973-12-04,4.7386345863342285
1973-12-05,0.0
1973-12-06,0.0
1973-12-07,0.0
1973-12-08,0.0
1973-12-09,0.0
1973-12-10,0.0
1973-12-11,0.0
1973-12-12,30.44942855834961
1973-12-13,8.491460800170898
1973-12-14,8.99642276763916
1973-12-15,7.7274489402771
1973-12-16,7.200417995452881
1973-12-17,3.664304256439209
1973-12-18,0.8005737066268921
1973-12-19,0.8101043105125427
1973-12-20,0.0
1973-12-21,0.0
1973-12-22,0.0
1973-12-23,0.0
1973-12-24,0.0
1973-12-25,17.584089279174805
1973-12-26,0.0
1973-12-27,0.0
1973-12-28,2.583810806274414
1973-12-29,0.0
1973-12-30,0.0
1973-12-31,0.0
1974-01-01,0.0
1974-01-02,0.0
1974-01-03,0.0
1974-01-04,0.0
1974-01-05,0.0
1974-01-06,0.0
1974-01-07,0.0
1974-01-08,0.0
1974-01-09,0.0
1974-01-10,0.0
1974-01-11,0.0
1974-01-12,0.0
1974-01-13,0.0
1974-01-14,0.0
1974-01-15,0.0
1974-01-16,0.0
1974-01-17,0.0
1974-01-18,0.0
1974-01-19,0.0
1974-01-20,0.0
1974-01-21,0.0
1974-01-22,0.0
1974-01-23,0.0
1974-01-24,0.0
1974-01-25,0.0
1974-01-26,0.0
1974-01-27,0.0
1974-01-28,0.0
1974-01-29,0.0
1974-01-30,0.0
1974-01-31,0.0
1974-02-01,0.0
1974-02-02,0.0
1974-02-03,0.0
1974-02-04,0.0
1974-02-05,0.0
1974-02-06,0.0
1974-02-07,0.0
1974-02-08,0.0
1974-02-09,0.0
1974-02-10,0.0
1974-02-11,0.0
1974-02-12,0.0
1974-02-13,0.0
1974-02-14,0.0
1974-02-15,0.0
1974-02-16,0.0
1974-02-17,0.0
1974-02-18,0.0
1974-02-19,0.0
1974-02-20,0.0
1974-02-21,0.0
1974-02-22,0.0
1974-02-23,0.0
1974-02-24,0.0
1974-02-25,0.0
1974-02-26,0.0
1974-02-27,0.0
1974-02-28,6.643511772155762
1974-03-01,4.290817737579346
1974-03-02,0.0
1974-03-03,0.0
1974-03-04,0.0
1974-03-05,0.0
1974-03-06,0.0
1974-03-07,0.0
1974-03-08,0.0
1974-03-09,0.0
1974-03-10,0.0
1974-03-11,0.0
1974-03-12,0.0
1974-03-13,0.0
1974-03-14,0.0
1974-03-15,0.0
1974-03-16,0.0
1974-03-17,0.0
1974-03-18,0.0
1974-03-19,0.0
1974-03-20,0.0
1974-03-21,0.0
1974-03-22,0.0
1974-03-23,0.0
1974-03-24,0.0
1974-03-25,0.0
1974-03-26,0.0
1974-03-27,0.0
1974-03-28,0.0
1974-03-29,0.0
1974-03-30,0.0
1974-03-31,0.0
1974-04-01,0.0
1974-04-02,0.0
1974-04-03,0.0
1974-04-04,0.0
1974-04-05,0.0
1974-04-06,0.0
1974-04-07,0.0
1974-04-08,0.0
1974-04-09,0.0
1974-04-10,0.0
1974-04-11,0.0
1974-04-12,0.0
1974-04-13,0.0
1974-04-14,0.0
1974-04-15,0.0
1974-04-16,0.0
1974-04-17,0.0
1974-04-18,0.0
1974-04-19,0.0
1974-04-20,0.0
1974-04-21,0.0
1974-04-22,0.0
1974-04-23,0.0
1974-04-24,0.0
1974-04-25,0.0
1974-04-26,0.0
1974-04-27,0.0
1974-04-28,0.0
1974-04-29,0.0
1974-04-30,0.0
1974-05-01,0.0
1974-05-02,0.0
1974-05-03,0.0
1974-05-04,0.0
1974-05-05,0.0
1974-05-06,0.0
1974-05-07,0.0
1974-05-08,0.0
1974-05-09,0.0
1974-05-10,0.0
1974-05-11,0.0
1974-05-12,0.0
1974-05-13,0.0
1974-05-14,3.273731231689453
1974-05-15,0.0
1974-05-16,0.0
1974-05-17,6.920324802398682
1974-05-18,13.435152053833008
1974-05-19,3.1200544834136963
1974-05-20,0.8144993185997009
1974-05-21,0.0
1974-05-22,0.0
1974-05-23,0.0
1974-05-24,0.0
1974-05-25,0.0
1974-05-26,0.1636865735054016
1974-05-27,6.920324802398682
1974-05-28,1.2143839597702026
1974-05-29,0.0
1974-05-30,0.0
1974-05-31,2.768129825592041
1974-06-01,0.0
1974-06-02,0.0
1974-06-03,0.0
1974-06-04,0.0
1974-06-05,0.6079787015914917
1974-06-06,0.0
1974-06-07,0.0
1974-06-08,0.0
1974-06-09,0.0
1974-06-10,2.3762943744659424
1974-06-11,0.0
1974-06-12,1.3840649127960205
1974-06-13,0.2104541659355163
1974-06-14,7.023781776428223
1974-06-15,0.0
1974-06-16,11.072519302368164
1974-06-17,0.0
1974-06-18,0.0
1974-06-19,0.0
1974-06-20,0.0
1974-06-21,0.0
1974-06-22,15.723917007446287
1974-06-23,0.0
1974-06-24,0.0
1974-06-25,0.0
1974-06-26,0.2338379621505737
1974-06-27,0.0
1974-06-28,0.0
1974-06-29,0.0
1974-06-30,1.072268843650818
1974-07-01,8.940775871276855
1974-07-02,9.124835014343262
1974-07-03,9.18993091583252
1974-07-04,0.0
1974-07-05,0.0
1974-07-06,3.69049859046936
1974-07-07,13.595388412475586
1974-07-08,0.0
1974-07-09,0.0
1974-07-10,6.163267135620117
1974-07-11,0.0
1974-07-12,21.96843719482422
1974-07-13,0.0
1974-07-14,0.0
1974-07-15,20.08360481262207
1974-07-16,0.0
1974-07-17,0.0
1974-07-18,0.0
1974-07-19,0.0
1974-07-20,0.0
1974-07-21,0.0
1974-07-22,0.0
1974-07-23,0.4860821366310119
1974-07-24,4.86082124710083
1974-07-25,0.0
1974-07-26,0.0
1974-07-27,1.3483039140701294
1974-07-28,0.0
1974-07-29,4.89265251159668
1974-07-30,2.3262712955474854
1974-07-31,4.933212757110596
1974-08-01,0.1870703697204589
1974-08-02,23.65791130065918
1974-08-03,11.994030952453612
1974-08-04,0.0
1974-08-05,1.3876450061798096
1974-08-06,0.1169189810752868
1974-08-07,0.0
1974-08-08,0.0
1974-08-09,0.0
1974-08-10,0.0
1974-08-11,0.0
1974-08-12,0.3039893507957458
1974-08-13,0.0
1974-08-14,0.0
1974-08-15,0.0
1974-08-16,0.0
1974-08-17,0.0
1974-08-18,0.0
1974-08-19,6.920324802398682
1974-08-20,3.6522929668426514
1974-08-21,1.707017183303833
1974-08-22,81.58942413330078
1974-08-23,0.0
1974-08-24,0.0
1974-08-25,0.0
1974-08-26,0.0
1974-08-27,0.0
1974-08-28,0.0
1974-08-29,0.0
1974-08-30,0.394081711769104
1974-08-31,1.854188084602356
1974-09-01,0.0
1974-09-02,24.27743530273437
1974-09-03,14.96430778503418
1974-09-04,40.87387847900391
1974-09-05,0.0
1974-09-06,1.7780498266220093
1974-09-07,53.5827522277832
1974-09-08,0.0
1974-09-09,0.0
1974-09-10,1.3840649127960205
1974-09-11,0.0
1974-09-12,1.886220335960388
1974-09-13,60.5343017578125
1974-09-14,0.0
1974-09-15,0.2104541659355163
1974-09-16,0.0
1974-09-17,4.152194976806641
1974-09-18,0.0
1974-09-19,0.0
1974-09-20,0.0
1974-09-21,0.0
1974-09-22,0.0
1974-09-23,0.8478659391403198
1974-09-24,0.0
1974-09-25,61.66104507446289
1974-09-26,2.607184410095215
1974-09-27,17.006303787231445
1974-09-28,0.0
1974-09-29,0.0
1974-09-30,0.0
1974-10-01,39.88126754760742
1974-10-02,0.0
1974-10-03,0.0
1974-10-04,9.337064743041992
1974-10-05,64.7877197265625
1974-10-06,3.6988463401794434
1974-10-07,13.057710647583008
1974-10-08,1.2020089626312256
1974-10-09,0.1849530041217804
1974-10-10,0.0
1974-10-11,2.225241184234619
1974-10-12,0.0
1974-10-13,5.493858337402344
1974-10-14,46.82960891723633
1974-10-15,0.0
1974-10-16,0.4109971225261688
1974-10-17,0.2668337225914001
1974-10-18,0.0
1974-10-19,0.3865533471107483
1974-10-20,0.2203764915466308
1974-10-21,1.8690522909164429
1974-10-22,0.0
1974-10-23,0.0
1974-10-24,0.0
1974-10-25,0.0
1974-10-26,0.0
1974-10-27,0.0
1974-10-28,0.0
1974-10-29,0.0
1974-10-30,0.0
1974-10-31,0.0
1974-11-01,0.0
1974-11-02,0.0
1974-11-03,0.0
1974-11-04,0.0
1974-11-05,6.655497074127197
1974-11-06,11.592512130737305
1974-11-07,0.2104541659355163
1974-11-08,0.0
1974-11-09,0.0
1974-11-10,0.0
1974-11-11,0.0
1974-11-12,0.0
1974-11-13,0.0
1974-11-14,0.0
1974-11-15,0.0
1974-11-16,0.0
1974-11-17,0.0
1974-11-18,0.0
1974-11-19,0.0
1974-11-20,0.0
1974-11-21,0.0
1974-11-22,0.1403027772903442
1974-11-23,52.23475646972656
1974-11-24,13.722442626953123
1974-11-25,0.0
1974-11-26,0.0
1974-11-27,0.0
1974-11-28,0.0
1974-11-29,0.0
1974-11-30,0.0
1974-12-01,0.0
1974-12-02,0.0
1974-12-03,0.0
1974-12-04,0.0
1974-12-05,0.0
1974-12-06,0.0
1974-12-07,0.0
1974-12-08,0.0
1974-12-09,0.0
1974-12-10,0.0
1974-12-11,0.0
1974-12-12,0.0
1974-12-13,0.0
1974-12-14,0.0
1974-12-15,0.0
1974-12-16,0.0
1974-12-17,0.0
1974-12-18,0.0
1974-12-19,0.0
1974-12-20,0.0
1974-12-21,0.0
1974-12-22,0.0
1974-12-23,0.0
1974-12-24,0.0
1974-12-25,2.2686691284179688
1974-12-26,0.659511148929596
1974-12-27,0.0
1974-12-28,0.0
1974-12-29,0.0
1974-12-30,0.0
1974-12-31,0.0
1975-01-01,0.0
1975-01-02,0.0
1975-01-03,0.0
1975-01-04,0.0
1975-01-05,0.0
1975-01-06,0.0
1975-01-07,0.0
1975-01-08,0.0
1975-01-09,0.0
1975-01-10,0.0
1975-01-11,0.0
1975-01-12,0.0
1975-01-13,0.0
1975-01-14,0.0
1975-01-15,0.0
1975-01-16,0.0
1975-01-17,0.0
1975-01-18,0.0
1975-01-19,0.0
1975-01-20,0.0
1975-01-21,0.0
1975-01-22,0.2572217583656311
1975-01-23,0.0
1975-01-24,0.0
1975-01-25,0.0
1975-01-26,0.0
1975-01-27,0.0
1975-01-28,0.0
1975-01-29,0.0
1975-01-30,0.0
1975-01-31,0.0
1975-02-01,0.0
1975-02-02,0.0
1975-02-03,0.0
1975-02-04,0.0
1975-02-05,0.0
1975-02-06,0.0
1975-02-07,0.0
1975-02-08,0.0
1975-02-09,0.0
1975-02-10,0.0
1975-02-11,0.0
1975-02-12,0.0
1975-02-13,0.0
1975-02-14,0.0
1975-02-15,0.0
1975-02-16,0.0
1975-02-17,0.0
1975-02-18,0.0
1975-02-19,0.0
1975-02-20,0.0
1975-02-21,0.0
1975-02-22,0.0
1975-02-23,0.0
1975-02-24,0.0
1975-02-25,0.0
1975-02-26,0.0
1975-02-27,0.0
1975-02-28,0.0
1975-03-01,0.0
1975-03-02,0.0
1975-03-03,0.0
1975-03-04,0.0
1975-03-05,0.0
1975-03-06,3.151299476623535
1975-03-07,11.728355407714844
1975-03-08,5.536259651184082
1975-03-09,0.0
1975-03-10,0.0
1975-03-11,0.0
1975-03-12,0.0
1975-03-13,0.0
1975-03-14,0.0
1975-03-15,0.0
1975-03-16,0.0
1975-03-17,0.0
1975-03-18,0.0
1975-03-19,0.0
1975-03-20,0.0
1975-03-21,0.0
1975-03-22,0.0
1975-03-23,0.0
1975-03-24,0.0
1975-03-25,0.0
1975-03-26,0.0
1975-03-27,0.0
1975-03-28,0.0
1975-03-29,0.0
1975-03-30,0.0
1975-03-31,0.0
1975-04-01,0.0
1975-04-02,0.0
1975-04-03,0.0
1975-04-04,0.0
1975-04-05,0.0
1975-04-06,0.0
1975-04-07,0.0
1975-04-08,0.0
1975-04-09,0.0
1975-04-10,0.0
1975-04-11,0.0
1975-04-12,0.0
1975-04-13,0.0
1975-04-14,0.0
1975-04-15,0.0
1975-04-16,0.0
1975-04-17,0.0
1975-04-18,0.0
1975-04-19,0.0
1975-04-20,0.0
1975-04-21,0.0
1975-04-22,0.0
1975-04-23,0.0
1975-04-24,0.0
1975-04-25,0.0
1975-04-26,0.0
1975-04-27,0.0
1975-04-28,0.0
1975-04-29,0.0
1975-04-30,0.0
1975-05-01,0.0
1975-05-02,0.0
1975-05-03,0.0
1975-05-04,0.0
1975-05-05,0.0
1975-05-06,0.0
1975-05-07,0.0
1975-05-08,0.0
1975-05-09,0.0
1975-05-10,0.0
1975-05-11,0.0
1975-05-12,0.4572978913784027
1975-05-13,1.4532681703567505
1975-05-14,0.0
1975-05-15,0.4072495996952057
1975-05-16,4.152194976806641
1975-05-17,2.307563304901123
1975-05-18,3.039893627166748
1975-05-19,0.0
1975-05-20,0.2927464842796325
1975-05-21,0.0
1975-05-22,0.0
1975-05-23,0.0
1975-05-24,0.1169189810752868
1975-05-25,0.0
1975-05-26,0.0
1975-05-27,0.0
1975-05-28,0.0
1975-05-29,0.0
1975-05-30,0.0
1975-05-31,0.0
1975-06-01,0.0
1975-06-02,0.0
1975-06-03,0.6515993475914001
1975-06-04,0.0
1975-06-05,0.0
1975-06-06,0.0
1975-06-07,0.0
1975-06-08,0.0
1975-06-09,12.456584930419922
1975-06-10,6.838759899139404
1975-06-11,0.0
1975-06-12,0.0
1975-06-13,0.0
1975-06-14,11.35312557220459
1975-06-15,0.0
1975-06-16,2.4434974193573
1975-06-17,0.0
1975-06-18,0.0
1975-06-19,0.0
1975-06-20,0.0
1975-06-21,0.0
1975-06-22,2.035664319992065
1975-06-23,5.83172607421875
1975-06-24,3.115787982940674
1975-06-25,0.0
1975-06-26,0.528746485710144
1975-06-27,0.0
1975-06-28,0.4183138310909271
1975-06-29,0.1870703697204589
1975-06-30,0.0
1975-07-01,0.0
1975-07-02,0.0
1975-07-03,22.861557006835938
1975-07-04,16.675439834594727
1975-07-05,29.757396697998047
1975-07-06,27.528640747070312
1975-07-07,0.0
1975-07-08,0.0
1975-07-09,0.0
1975-07-10,0.0
1975-07-11,0.0
1975-07-12,0.0
1975-07-13,9.896209716796877
1975-07-14,3.4860565662384038
1975-07-15,0.0
1975-07-16,0.2702275216579437
1975-07-17,8.304389953613281
1975-07-18,18.03839111328125
1975-07-19,22.21665954589844
1975-07-20,11.37380027770996
1975-07-21,1.1479783058166504
1975-07-22,0.1169189810752868
1975-07-23,20.854665756225582
1975-07-24,12.517924308776855
1975-07-25,26.04474830627441
1975-07-26,23.400257110595703
1975-07-27,0.0
1975-07-28,11.072519302368164
1975-07-29,21.77337455749512
1975-07-30,0.2104541659355163
1975-07-31,0.0
1975-08-01,0.0
1975-08-02,0.0
1975-08-03,0.0
1975-08-04,1.547548532485962
1975-08-05,0.0
1975-08-06,0.2338379621505737
1975-08-07,0.0
1975-08-08,0.0
1975-08-09,0.0
1975-08-10,16.89026641845703
1975-08-11,14.332144737243652
1975-08-12,1.6368656158447266
1975-08-13,0.0
1975-08-14,0.0
1975-08-15,0.0
1975-08-16,29.09242820739746
1975-08-17,7.177671432495117
1975-08-18,0.0
1975-08-19,0.0
1975-08-20,22.145038604736328
1975-08-21,91.32068634033205
1975-08-22,25.08919334411621
1975-08-23,11.140727043151855
1975-08-24,4.7197771072387695
1975-08-25,0.8633691668510437
1975-08-26,0.0
1975-08-27,0.0
1975-08-28,5.536259651184082
1975-08-29,0.7162492871284485
1975-08-30,9.584991455078123
1975-08-31,0.0
1975-09-01,0.0
1975-09-02,17.300811767578125
1975-09-03,4.716685771942139
1975-09-04,0.0
1975-09-05,26.989267349243164
1975-09-06,4.785566329956055
1975-09-07,0.0
1975-09-08,0.0
1975-09-09,0.0
1975-09-10,0.0
1975-09-11,0.0
1975-09-12,1.6092545986175537
1975-09-13,9.688454627990724
1975-09-14,9.815211296081545
1975-09-15,0.476357489824295
1975-09-16,17.32041358947754
1975-09-17,4.980191230773926
1975-09-18,0.1636865735054016
1975-09-19,0.0
1975-09-20,0.0
1975-09-21,1.3840649127960205
1975-09-22,0.0
1975-09-23,2.166567802429199
1975-09-24,0.0
1975-09-25,0.0
1975-09-26,0.4676759243011474
1975-09-27,0.0
1975-09-28,4.152194976806641
1975-09-29,1.145806074142456
1975-09-30,6.920324802398682
1975-10-01,5.382148265838623
1975-10-02,20.279396057128903
1975-10-03,17.421483993530273
1975-10-04,0.5291789174079895
1975-10-05,0.1870703697204589
1975-10-06,5.571335792541504
1975-10-07,3.385685682296753
1975-10-08,0.0
1975-10-09,11.635494232177734
1975-10-10,5.625158309936523
1975-10-11,3.0530495643615723
1975-10-12,0.0
1975-10-13,0.0
1975-10-14,0.0
1975-10-15,0.0
1975-10-16,0.0
1975-10-17,0.0
1975-10-18,0.3039893507957458
1975-10-19,0.0
1975-10-20,0.0
1975-10-21,1.496562957763672
1975-10-22,0.0
1975-10-23,7.899994373321533
1975-10-24,21.53148078918457
1975-10-25,9.91034698486328
1975-10-26,42.455177307128906
1975-10-27,19.53129768371582
1975-10-28,1.22174870967865
1975-10-29,0.1351137608289718
1975-10-30,0.0
1975-10-31,12.822517395019531
1975-11-01,18.24880599975586
1975-11-02,2.776120185852051
1975-11-03,0.0
1975-11-04,0.1688921898603439
1975-11-05,22.42652702331543
1975-11-06,3.747279167175293
1975-11-07,5.939265727996826
1975-11-08,0.0
1975-11-09,0.0
1975-11-10,0.0
1975-11-11,0.0
1975-11-12,0.0
1975-11-13,0.0
1975-11-14,0.123854286968708
1975-11-15,5.730600833892822
1975-11-16,4.666638374328613
1975-11-17,0.0
1975-11-18,0.0
1975-11-19,0.0
1975-11-20,0.0
1975-11-21,8.304389953613281
1975-11-22,21.614910125732425
1975-11-23,26.365259170532227
1975-11-24,31.996482849121094
1975-11-25,98.26954650878906
1975-11-26,42.043338775634766
1975-11-27,4.75348424911499
1975-11-28,0.0
1975-11-29,0.0
1975-11-30,0.0
1975-12-01,0.0
1975-12-02,0.0
1975-12-03,0.0
1975-12-04,0.0
1975-12-05,0.0
1975-12-06,0.0
1975-12-07,0.0
1975-12-08,0.0
1975-12-09,0.0
1975-12-10,0.0
1975-12-11,0.0
1975-12-12,0.0
1975-12-13,0.0
1975-12-14,0.4676759243011474
1975-12-15,0.0
1975-12-16,0.8184328079223633
1975-12-17,35.20123672485352
1975-12-18,13.751727104187012
1975-12-19,0.0
1975-12-20,0.0
1975-12-21,0.0
1975-12-22,0.0
1975-12-23,0.0
1975-12-24,0.0
1975-12-25,0.0
1975-12-26,0.0
1975-12-27,0.0
1975-12-28,0.0
1975-12-29,0.0
1975-12-30,0.0
1975-12-31,0.0
1976-01-01,0.0
1976-01-02,0.0
1976-01-03,0.0
1976-01-04,0.0
1976-01-05,0.0
1976-01-06,0.0
1976-01-07,0.0
1976-01-08,0.0
1976-01-09,0.0
1976-01-10,0.0
1976-01-11,0.0
1976-01-12,0.0
1976-01-13,0.0
1976-01-14,0.0
1976-01-15,0.0
1976-01-16,0.0
1976-01-17,0.0
1976-01-18,0.0
1976-01-19,0.0
1976-01-20,0.0
1976-01-21,0.0
1976-01-22,0.0
1976-01-23,0.0
1976-01-24,0.0
1976-01-25,0.0
1976-01-26,0.0
1976-01-27,0.0
1976-01-28,0.0
1976-01-29,0.0
1976-01-30,0.0
1976-01-31,0.0
1976-02-01,0.0
1976-02-02,0.0
1976-02-03,0.0
1976-02-04,0.0
1976-02-05,0.0
1976-02-06,0.0
1976-02-07,0.0
1976-02-08,0.0
1976-02-09,0.0
1976-02-10,0.0
1976-02-11,0.0
1976-02-12,0.0
1976-02-13,0.0
1976-02-14,0.0
1976-02-15,0.0
1976-02-16,0.0
1976-02-17,0.0
1976-02-18,0.0
1976-02-19,0.0
1976-02-20,0.0
1976-02-21,0.0
1976-02-22,0.0
1976-02-23,0.0
1976-02-24,0.0
1976-02-25,0.0
1976-02-26,0.0
1976-02-27,0.0
1976-02-28,0.0
1976-02-29,0.0
1976-03-01,0.0
1976-03-02,0.0
1976-03-03,0.0
1976-03-04,0.0
1976-03-05,0.0
1976-03-06,0.0
1976-03-07,0.0
1976-03-08,0.0
1976-03-09,0.0
1976-03-10,0.0
1976-03-11,0.0
1976-03-12,0.0
1976-03-13,0.0
1976-03-14,0.0
1976-03-15,0.0
1976-03-16,0.0
1976-03-17,0.0
1976-03-18,0.0
1976-03-19,0.0
1976-03-20,0.0
1976-03-21,0.0
1976-03-22,0.0
1976-03-23,0.0
1976-03-24,0.0
1976-03-25,0.0
1976-03-26,0.0
1976-03-27,0.0
1976-03-28,0.0
1976-03-29,0.0
1976-03-30,0.0
1976-03-31,0.0
1976-04-01,0.0
1976-04-02,2.443497896194458
1976-04-03,0.0
1976-04-04,0.0
1976-04-05,0.0
1976-04-06,0.0
1976-04-07,0.0
1976-04-08,0.0
1976-04-09,0.0
1976-04-10,0.0
1976-04-11,0.0
1976-04-12,0.0
1976-04-13,0.0
1976-04-14,0.0
1976-04-15,0.0
1976-04-16,0.0
1976-04-17,0.0
1976-04-18,0.0
1976-04-19,0.0
1976-04-20,0.0
1976-04-21,0.0
1976-04-22,0.0
1976-04-23,0.0
1976-04-24,0.0
1976-04-25,0.0
1976-04-26,0.0
1976-04-27,0.0
1976-04-28,0.0
1976-04-29,0.0
1976-04-30,0.0
1976-05-01,0.0
1976-05-02,0.0
1976-05-03,0.0
1976-05-04,0.0
1976-05-05,0.0
1976-05-06,0.0
1976-05-07,0.0
1976-05-08,0.0
1976-05-09,0.0
1976-05-10,0.0
1976-05-11,0.0
1976-05-12,0.0
1976-05-13,0.0
1976-05-14,0.0
1976-05-15,0.0
1976-05-16,0.0
1976-05-17,0.0
1976-05-18,0.0
1976-05-19,0.0
1976-05-20,0.0
1976-05-21,0.0
1976-05-22,0.0
1976-05-23,0.0
1976-05-24,0.0
1976-05-25,0.0
1976-05-26,4.152194976806641
1976-05-27,0.0
1976-05-28,3.274287223815918
1976-05-29,0.0
1976-05-30,0.0
1976-05-31,0.0
1976-06-01,0.0
1976-06-02,0.0
1976-06-03,10.879143714904783
1976-06-04,0.0
1976-06-05,0.5815902352333069
1976-06-06,2.0760974884033203
1976-06-07,0.0
1976-06-08,0.0
1976-06-09,0.0
1976-06-10,0.0
1976-06-11,0.0
1976-06-12,0.0
1976-06-13,0.0
1976-06-14,0.0
1976-06-15,0.0
1976-06-16,0.0
1976-06-17,0.0
1976-06-18,0.9457960724830629
1976-06-19,0.5629738569259644
1976-06-20,15.916747093200684
1976-06-21,3.2795729637146
1976-06-22,0.0
1976-06-23,0.0
1976-06-24,0.0
1976-06-25,0.0
1976-06-26,0.0
1976-06-27,0.0
1976-06-28,1.3840649127960205
1976-06-29,5.852662563323975
1976-06-30,0.0
1976-07-01,0.0
1976-07-02,1.860905408859253
1976-07-03,25.70830535888672
1976-07-04,9.434747695922852
1976-07-05,0.0
1976-07-06,0.0
1976-07-07,0.0
1976-07-08,0.0
1976-07-09,0.0
1976-07-10,0.0
1976-07-11,0.0
1976-07-12,0.0
1976-07-13,0.0
1976-07-14,2.768129825592041
1976-07-15,1.994100332260132
1976-07-16,2.0760974884033203
1976-07-17,0.0
1976-07-18,2.8931360244750977
1976-07-19,0.0
1976-07-20,0.0
1976-07-21,0.0
1976-07-22,0.0
1976-07-23,0.0
1976-07-24,0.0
1976-07-25,0.2702274620532989
1976-07-26,0.0
1976-07-27,0.0
1976-07-28,0.0
1976-07-29,0.1636865735054016
1976-07-30,0.0
1976-07-31,3.518621921539306
1976-08-01,0.0
1976-08-02,0.2104541659355163
1976-08-03,0.0
1976-08-04,0.0
1976-08-05,9.605707168579102
1976-08-06,0.0
1976-08-07,6.538279533386231
1976-08-08,4.751965999603272
1976-08-09,10.209660530090332
1976-08-10,3.961870908737183
1976-08-11,0.0
1976-08-12,0.0
1976-08-13,0.0
1976-08-14,0.0
1976-08-15,7.639649868011475
1976-08-16,7.100628852844238
1976-08-17,11.618892669677734
1976-08-18,1.3840649127960205
1976-08-19,67.97572326660156
1976-08-20,9.789989471435549
1976-08-21,30.899778366088867
1976-08-22,0.0
1976-08-23,7.633518695831299
1976-08-24,0.0
1976-08-25,0.0
1976-08-26,0.0
1976-08-27,0.0
1976-08-28,0.0
1976-08-29,0.0
1976-08-30,0.519649088382721
1976-08-31,0.0
1976-09-01,0.0
1976-09-02,0.0
1976-09-03,17.300811767578125
1976-09-04,0.0
1976-09-05,0.0
1976-09-06,0.0
1976-09-07,8.16738510131836
1976-09-08,9.789790153503418
1976-09-09,7.884322643280029
1976-09-10,0.0
1976-09-11,0.1576326936483383
1976-09-12,0.0
1976-09-13,0.0
1976-09-14,0.0
1976-09-15,1.8651965856552124
1976-09-16,6.236729145050049
1976-09-17,3.223579406738281
1976-09-18,0.3039893507957458
1976-09-19,0.0
1976-09-20,0.0
1976-09-21,0.0
1976-09-22,0.0
1976-09-23,0.0
1976-09-24,17.99284553527832
1976-09-25,22.007322311401367
1976-09-26,5.329036712646484
1976-09-27,0.0
1976-09-28,5.174474716186523
1976-09-29,0.0
1976-09-30,0.0
1976-10-01,0.0
1976-10-02,0.0
1976-10-03,0.0
1976-10-04,0.0
1976-10-05,0.0
1976-10-06,2.0760974884033203
1976-10-07,0.0
1976-10-08,20.615158081054688
1976-10-09,1.6275634765625
1976-10-10,2.7899866104125977
1976-10-11,2.003077745437622
1976-10-12,0.0
1976-10-13,0.0
1976-10-14,0.0
1976-10-15,58.08324432373047
1976-10-16,76.11602020263672
1976-10-17,35.60686492919922
1976-10-18,12.613778114318848
1976-10-19,10.993571281433104
1976-10-20,2.226113557815552
1976-10-21,0.0
1976-10-22,0.0
1976-10-23,0.0
1976-10-24,0.0
1976-10-25,0.0
1976-10-26,0.0
1976-10-27,0.0
1976-10-28,0.0
1976-10-29,0.0
1976-10-30,0.0
1976-10-31,0.0
1976-11-01,2.895632266998291
1976-11-02,3.4044291973114014
1976-11-03,0.0
1976-11-04,0.0
1976-11-05,0.2338379621505737
1976-11-06,11.99003791809082
1976-11-07,12.50690460205078
1976-11-08,32.413604736328125
1976-11-09,40.56644058227539
1976-11-10,5.204433441162109
1976-11-11,25.077749252319336
1976-11-12,38.475547790527344
1976-11-13,45.89997863769531
1976-11-14,21.316984176635746
1976-11-15,37.72677993774414
1976-11-16,0.49105966091156
1976-11-17,4.152194976806641
1976-11-18,7.169495582580566
1976-11-19,6.8422932624816895
1976-11-20,51.050323486328125
1976-11-21,28.90835189819336
1976-11-22,5.989400863647461
1976-11-23,2.6141953468322754
1976-11-24,18.715959548950195
1976-11-25,33.23983383178711
1976-11-26,1.1647288799285889
1976-11-27,0.0
1976-11-28,0.0
1976-11-29,0.0
1976-11-30,2.54883360862732
1976-12-01,5.019606113433838
1976-12-02,0.0
1976-12-03,1.2983496189117432
1976-12-04,14.229425430297852
1976-12-05,1.6778684854507446
1976-12-06,0.0
1976-12-07,0.0
1976-12-08,44.2027587890625
1976-12-09,0.0
1976-12-10,0.0
1976-12-11,11.472278594970703
1976-12-12,1.6633732318878174
1976-12-13,0.0
1976-12-14,0.0
1976-12-15,0.0
1976-12-16,0.0
1976-12-17,1.1691898107528689
1976-12-18,0.0
1976-12-19,7.318192958831787
1976-12-20,0.0
1976-12-21,13.59604549407959
1976-12-22,2.64339542388916
1976-12-23,32.98357009887695
1976-12-24,0.0
1976-12-25,0.0
1976-12-26,0.0
1976-12-27,0.0
1976-12-28,0.0
1976-12-29,0.0
1976-12-30,0.0
1976-12-31,0.0
1977-01-01,0.0
1977-01-02,0.0
1977-01-03,0.24552983045578
1977-01-04,0.49105966091156
1977-01-05,0.0
1977-01-06,0.0
1977-01-07,0.0
1977-01-08,0.0
1977-01-09,0.0
1977-01-10,0.0
1977-01-11,0.0
1977-01-12,0.0
1977-01-13,0.0
1977-01-14,0.0
1977-01-15,0.0
1977-01-16,0.0
1977-01-17,0.0
1977-01-18,0.0
1977-01-19,0.0
1977-01-20,0.0
1977-01-21,0.0
1977-01-22,0.0
1977-01-23,0.0
1977-01-24,13.819785118103027
1977-01-25,0.0
1977-01-26,0.0
1977-01-27,0.0
1977-01-28,0.0
1977-01-29,0.0
1977-01-30,0.0
1977-01-31,0.0
1977-02-01,0.0
1977-02-02,0.0
1977-02-03,0.0
1977-02-04,0.0
1977-02-05,0.0
1977-02-06,0.0
1977-02-07,0.0
1977-02-08,0.0
1977-02-09,0.0
1977-02-10,0.0
1977-02-11,0.0
1977-02-12,0.0
1977-02-13,0.0
1977-02-14,0.0
1977-02-15,0.0
1977-02-16,0.0
1977-02-17,0.1403027772903442
1977-02-18,0.6811736226081848
1977-02-19,0.3741407394409179
1977-02-20,0.0
1977-02-21,0.0
1977-02-22,0.0
1977-02-23,0.0
1977-02-24,0.0
1977-02-25,0.0
1977-02-26,0.0
1977-02-27,0.0
1977-02-28,0.0
1977-03-01,0.0
1977-03-02,0.0
1977-03-03,0.0
1977-03-04,0.0
1977-03-05,0.0
1977-03-06,0.0
1977-03-07,0.0
1977-03-08,0.0
1977-03-09,0.0
1977-03-10,0.0
1977-03-11,0.0
1977-03-12,0.0
1977-03-13,0.0
1977-03-14,0.0
1977-03-15,0.0
1977-03-16,0.0
1977-03-17,0.0
1977-03-18,0.0
1977-03-19,0.0
1977-03-20,0.0
1977-03-21,0.0
1977-03-22,0.0
1977-03-23,0.0
1977-03-24,0.0
1977-03-25,0.0
1977-03-26,0.0
1977-03-27,0.0
1977-03-28,0.0
1977-03-29,0.0
1977-03-30,0.0
1977-03-31,0.0
1977-04-01,0.0
1977-04-02,0.0
1977-04-03,0.0
1977-04-04,0.0
1977-04-05,0.0
1977-04-06,0.0
1977-04-07,0.0
1977-04-08,0.0
1977-04-09,0.0
1977-04-10,0.0
1977-04-11,0.0
1977-04-12,0.0
1977-04-13,0.0
1977-04-14,0.0
1977-04-15,0.0
1977-04-16,0.0
1977-04-17,0.0
1977-04-18,0.0
1977-04-19,0.0
1977-04-20,0.0
1977-04-21,0.0
1977-04-22,0.0
1977-04-23,0.0
1977-04-24,0.0
1977-04-25,0.0
1977-04-26,3.257997274398804
1977-04-27,0.0
1977-04-28,0.0
1977-04-29,0.0
1977-04-30,0.0
1977-05-01,0.0
1977-05-02,0.0
1977-05-03,0.0
1977-05-04,0.0
1977-05-05,0.0
1977-05-06,2.0760974884033203
1977-05-07,8.99642276763916
1977-05-08,0.0
1977-05-09,2.168142557144165
1977-05-10,6.659404754638672
1977-05-11,3.759175300598145
1977-05-12,0.0
1977-05-13,0.0
1977-05-14,0.0
1977-05-15,0.0
1977-05-16,0.0
1977-05-17,0.0
1977-05-18,0.0
1977-05-19,0.0
1977-05-20,0.0
1977-05-21,0.0
1977-05-22,0.0
1977-05-23,0.0
1977-05-24,3.257997274398804
1977-05-25,0.0
1977-05-26,1.9765359163284304
1977-05-27,1.788860321044922
1977-05-28,0.0
1977-05-29,0.0
1977-05-30,0.3546735346317291
1977-05-31,0.0
1977-06-01,0.7656444907188416
1977-06-02,1.5475486516952517
1977-06-03,0.0
1977-06-04,0.0
1977-06-05,0.0
1977-06-06,0.2448936253786087
1977-06-07,2.60639762878418
1977-06-08,2.019958257675171
1977-06-09,0.0
1977-06-10,8.99642276763916
1977-06-11,0.1294839829206466
1977-06-12,3.583796739578247
1977-06-13,2.41388201713562
1977-06-14,37.721778869628906
1977-06-15,12.468476295471191
1977-06-16,4.7058210372924805
1977-06-17,0.0
1977-06-18,0.0
1977-06-19,0.0
1977-06-20,0.0
1977-06-21,0.0
1977-06-22,0.0
1977-06-23,0.0
1977-06-24,0.0
1977-06-25,0.2251895517110824
1977-06-26,2.280597925186157
1977-06-27,0.0
1977-06-28,0.0
1977-06-29,0.4962818324565887
1977-06-30,13.581221580505373
1977-07-01,3.3220443725585938
1977-07-02,0.0
1977-07-03,0.0
1977-07-04,0.0
1977-07-05,0.0
1977-07-06,0.0
1977-07-07,0.0
1977-07-08,0.0
1977-07-09,0.0
1977-07-10,0.0
1977-07-11,0.0
1977-07-12,0.0
1977-07-13,0.0
1977-07-14,0.0
1977-07-15,0.0
1977-07-16,1.9547983407974243
1977-07-17,0.1169189810752868
1977-07-18,0.2364490181207656
1977-07-19,2.57570481300354
1977-07-20,0.0
1977-07-21,0.0
1977-07-22,0.49105966091156
1977-07-23,0.0
1977-07-24,0.0
1977-07-25,0.2104541659355163
1977-07-26,0.2251895517110824
1977-07-27,0.8652004599571228
1977-07-28,0.7870616912841797
1977-07-29,0.1870703697204589
1977-07-30,0.0
1977-07-31,0.0
1977-08-01,0.0
1977-08-02,34.64116668701172
1977-08-03,0.0
1977-08-04,0.0
1977-08-05,0.0
1977-08-06,0.0
1977-08-07,0.0
1977-08-08,0.1351137310266494
1977-08-09,0.1169189810752868
1977-08-10,2.475272417068481
1977-08-11,39.582061767578125
1977-08-12,0.0
1977-08-13,0.0
1977-08-14,1.4811493158340454
1977-08-15,9.08854866027832
1977-08-16,0.0
1977-08-17,0.0
1977-08-18,0.2477084994316101
1977-08-19,29.244966506958008
1977-08-20,114.05152893066406
1977-08-21,38.45148849487305
1977-08-22,0.0
1977-08-23,0.0
1977-08-24,0.0
1977-08-25,3.50014877319336
1977-08-26,0.0
1977-08-27,0.0
1977-08-28,8.749800682067871
1977-08-29,0.1576326936483383
1977-08-30,0.0
1977-08-31,0.0
1977-09-01,0.0
1977-09-02,0.49105966091156
1977-09-03,0.0
1977-09-04,0.0
1977-09-05,0.0
1977-09-06,0.0
1977-09-07,3.154058694839477
1977-09-08,0.2338379621505737
1977-09-09,0.0
1977-09-10,0.0
1977-09-11,0.0
1977-09-12,0.0
1977-09-13,0.0
1977-09-14,7.174391746520996
1977-09-15,2.6468307971954346
1977-09-16,100.19801330566406
1977-09-17,4.274661540985107
1977-09-18,1.4829459190368652
1977-09-19,0.6515994071960449
1977-09-20,0.0
1977-09-21,0.0
1977-09-22,0.0
1977-09-23,0.0
1977-09-24,0.0
1977-09-25,0.0
1977-09-26,0.0
1977-09-27,0.0
1977-09-28,0.0
1977-09-29,0.0
1977-09-30,0.0
1977-10-01,6.069334983825684
1977-10-02,0.0
1977-10-03,0.0
1977-10-04,0.0
1977-10-05,0.8470792770385742
1977-10-06,2.768129825592041
1977-10-07,7.973873615264893
1977-10-08,9.471434593200684
1977-10-09,4.023700714111328
1977-10-10,16.065353393554688
1977-10-11,3.097172737121582
1977-10-12,28.378662109375
1977-10-13,15.923720359802246
1977-10-14,0.6752409934997559
1977-10-15,12.938802719116213
1977-10-16,11.408084869384766
1977-10-17,19.480609893798828
1977-10-18,56.3172492980957
1977-10-19,3.928978443145752
1977-10-20,13.457124710083008
1977-10-21,5.170152187347412
1977-10-22,58.444297790527344
1977-10-23,70.45047760009766
1977-10-24,105.4340591430664
1977-10-25,72.50666046142578
1977-10-26,11.450511932373049
1977-10-27,24.369918823242188
1977-10-28,0.0
1977-10-29,0.0
1977-10-30,0.0
1977-10-31,0.0
1977-11-01,0.0
1977-11-02,0.0
1977-11-03,1.8914930820465088
1977-11-04,1.8092659711837769
1977-11-05,19.526098251342773
1977-11-06,38.0362434387207
1977-11-07,10.868966102600098
1977-11-08,46.43478012084961
1977-11-09,5.849730491638184
1977-11-10,0.0
1977-11-11,1.4256128072738647
1977-11-12,110.1213150024414
1977-11-13,127.31523895263672
1977-11-14,13.679439544677734
1977-11-15,86.3477554321289
1977-11-16,4.25997257232666
1977-11-17,0.1463731974363327
1977-11-18,5.843478679656982
1977-11-19,0.0
1977-11-20,0.4503791034221649
1977-11-21,15.913022994995115
1977-11-22,65.60852813720703
1977-11-23,0.1801516413688659
1977-11-24,15.065391540527344
1977-11-25,39.08895111083984
1977-11-26,37.42593765258789
1977-11-27,33.01914978027344
1977-11-28,2.401897430419922
1977-11-29,0.3257997035980224
1977-11-30,0.2338379621505737
1977-12-01,0.0
1977-12-02,0.0
1977-12-03,3.33229398727417
1977-12-04,0.7015138864517212
1977-12-05,0.7225375771522522
1977-12-06,0.0
1977-12-07,0.0
1977-12-08,0.0
1977-12-09,1.854155778884888
1977-12-10,0.0
1977-12-11,0.0
1977-12-12,0.0
1977-12-13,0.0
1977-12-14,0.0
1977-12-15,0.0
1977-12-16,0.0
1977-12-17,0.0
1977-12-18,0.0
1977-12-19,0.0
1977-12-20,0.0
1977-12-21,0.0
1977-12-22,0.7248976230621338
1977-12-23,0.0
1977-12-24,0.0
1977-12-25,0.0
1977-12-26,0.0
1977-12-27,0.0
1977-12-28,0.0
1977-12-29,0.0
1977-12-30,0.0
1977-12-31,0.0
1978-01-01,0.0
1978-01-02,0.0
1978-01-03,0.0
1978-01-04,0.0
1978-01-05,0.0
1978-01-06,0.0
1978-01-07,0.0
1978-01-08,0.0
1978-01-09,0.0
1978-01-10,0.0
1978-01-11,0.0
1978-01-12,0.0
1978-01-13,0.0
1978-01-14,0.0
1978-01-15,0.0
1978-01-16,0.0
1978-01-17,0.0
1978-01-18,0.0
1978-01-19,0.0
1978-01-20,0.0
1978-01-21,0.0
1978-01-22,0.0
1978-01-23,0.0
1978-01-24,0.0
1978-01-25,0.0
1978-01-26,0.0
1978-01-27,0.0
1978-01-28,0.0
1978-01-29,0.0
1978-01-30,0.0
1978-01-31,0.0
1978-02-01,0.0
1978-02-02,0.0
1978-02-03,0.0
1978-02-04,0.0
1978-02-05,0.0
1978-02-06,0.0
1978-02-07,0.0
1978-02-08,0.0
1978-02-09,0.0
1978-02-10,0.0
1978-02-11,0.0
1978-02-12,0.0
1978-02-13,0.0
1978-02-14,0.0
1978-02-15,0.0
1978-02-16,0.0
1978-02-17,0.0
1978-02-18,0.0
1978-02-19,0.0
1978-02-20,0.0
1978-02-21,2.2336513996124268
1978-02-22,0.0
1978-02-23,0.0
1978-02-24,0.0
1978-02-25,0.0
1978-02-26,0.0
1978-02-27,0.0
1978-02-28,0.0
1978-03-01,0.0
1978-03-02,0.0
1978-03-03,0.0
1978-03-04,0.0
1978-03-05,0.0
1978-03-06,0.0
1978-03-07,0.0
1978-03-08,0.0
1978-03-09,0.0
1978-03-10,0.0
1978-03-11,0.0
1978-03-12,0.0
1978-03-13,0.0
1978-03-14,0.0
1978-03-15,0.0
1978-03-16,0.0
1978-03-17,0.0
1978-03-18,0.0
1978-03-19,0.0
1978-03-20,0.0
1978-03-21,0.0
1978-03-22,0.0
1978-03-23,0.0
1978-03-24,0.0
1978-03-25,0.0
1978-03-26,0.0
1978-03-27,0.0
1978-03-28,0.0
1978-03-29,0.0
1978-03-30,0.0
1978-03-31,0.0
1978-04-01,0.0
1978-04-02,0.0
1978-04-03,0.0
1978-04-04,0.0
1978-04-05,0.0
1978-04-06,0.0
1978-04-07,0.0
1978-04-08,0.0
1978-04-09,0.0
1978-04-10,0.0
1978-04-11,0.0
1978-04-12,0.0
1978-04-13,0.0
1978-04-14,0.0
1978-04-15,0.0
1978-04-16,0.0
1978-04-17,0.0
1978-04-18,0.0
1978-04-19,0.0
1978-04-20,0.0
1978-04-21,0.0
1978-04-22,0.0
1978-04-23,0.0
1978-04-24,0.0
1978-04-25,2.6344034671783447
1978-04-26,0.0
1978-04-27,0.0
1978-04-28,0.5407946705818176
1978-04-29,0.0
1978-04-30,0.0
1978-05-01,0.0
1978-05-02,0.0
1978-05-03,0.0
1978-05-04,0.0
1978-05-05,0.1169189810752868
1978-05-06,0.0
1978-05-07,0.0
1978-05-08,0.0
1978-05-09,0.0
1978-05-10,0.0
1978-05-11,0.0
1978-05-12,0.0
1978-05-13,0.0
1978-05-14,0.0
1978-05-15,0.0
1978-05-16,0.0
1978-05-17,0.0
1978-05-18,0.0
1978-05-19,0.0
1978-05-20,0.0
1978-05-21,0.0
1978-05-22,0.0
1978-05-23,0.0
1978-05-24,0.8885842561721802
1978-05-25,0.0
1978-05-26,0.9773990511894226
1978-05-27,0.0
1978-05-28,1.677868366241455
1978-05-29,1.7267383337020874
1978-05-30,0.9542730450630188
1978-05-31,0.0
1978-06-01,6.217048645019531
1978-06-02,0.0
1978-06-03,0.0
1978-06-04,0.0
1978-06-05,0.0
1978-06-06,0.7004693746566772
1978-06-07,3.6593730449676514
1978-06-08,0.0
1978-06-09,0.0
1978-06-10,0.439829558134079
1978-06-11,2.6924855709075928
1978-06-12,2.7631661891937256
1978-06-13,0.0
1978-06-14,0.0
1978-06-15,0.0
1978-06-16,0.0
1978-06-17,0.0
1978-06-18,0.0
1978-06-19,0.6515993475914001
1978-06-20,1.3840649127960205
1978-06-21,0.0
1978-06-22,0.0
1978-06-23,0.0
1978-06-24,0.0
1978-06-25,3.714577436447144
1978-06-26,0.0
1978-06-27,2.361464023590088
1978-06-28,2.768129825592041
1978-06-29,1.270089864730835
1978-06-30,0.0
1978-07-01,0.3583796620368957
1978-07-02,0.0
1978-07-03,0.0
1978-07-04,3.486747980117798
1978-07-05,2.16963267326355
1978-07-06,0.6515993475914001
1978-07-07,0.1169189810752868
1978-07-08,0.4469233453273773
1978-07-09,0.3273731470108032
1978-07-10,0.0
1978-07-11,0.0
1978-07-12,0.0
1978-07-13,0.0
1978-07-14,0.0
1978-07-15,1.759318232536316
1978-07-16,0.0
1978-07-17,0.0
1978-07-18,0.1403027772903442
1978-07-19,37.6811408996582
1978-07-20,0.2730423808097839
1978-07-21,3.0020225048065186
1978-07-22,0.2443497627973556
1978-07-23,4.485170364379883
1978-07-24,0.0
1978-07-25,2.0465312004089355
1978-07-26,1.2145177125930786
1978-07-27,10.380487442016602
1978-07-28,4.349386215209961
1978-07-29,0.0
1978-07-30,0.0
1978-07-31,0.0
1978-08-01,0.0
1978-08-02,2.3204472064971924
1978-08-03,0.0
1978-08-04,0.0
1978-08-05,2.0990419387817383
1978-08-06,70.69637298583984
1978-08-07,0.0
1978-08-08,6.690042972564697
1978-08-09,14.408926963806152
1978-08-10,2.6315577030181885
1978-08-11,5.268553256988525
1978-08-12,0.0
1978-08-13,2.0760974884033203
1978-08-14,2.0760974884033203
1978-08-15,0.0
1978-08-16,0.0
1978-08-17,0.0
1978-08-18,0.0
1978-08-19,5.955987930297852
1978-08-20,1.4542163610458374
1978-08-21,0.1073974817991256
1978-08-22,18.02560234069824
1978-08-23,0.0
1978-08-24,0.0
1978-08-25,0.0
1978-08-26,0.0
1978-08-27,0.0
1978-08-28,0.0
1978-08-29,0.0
1978-08-30,0.0
1978-08-31,14.596138954162598
1978-09-01,0.1169189810752868
1978-09-02,0.0
1978-09-03,0.0
1978-09-04,0.7950490713119507
1978-09-05,0.0
1978-09-06,54.26995086669922
1978-09-07,18.86481475830078
1978-09-08,25.487403869628903
1978-09-09,66.23094940185547
1978-09-10,44.649559020996094
1978-09-11,28.46560859680176
1978-09-12,13.094514846801758
1978-09-13,0.0
1978-09-14,0.0
1978-09-15,25.188478469848636
1978-09-16,0.0
1978-09-17,0.0
1978-09-18,0.0
1978-09-19,0.0
1978-09-20,41.29193878173828
1978-09-21,59.11852645874024
1978-09-22,61.59955978393555
1978-09-23,18.74491310119629
1978-09-24,1.6529786586761477
1978-09-25,7.777581691741943
1978-09-26,31.10810661315918
1978-09-27,0.0
1978-09-28,0.8144991993904114
1978-09-29,13.840649604797363
1978-09-30,10.424408912658691
1978-10-01,0.0
1978-10-02,0.0
1978-10-03,0.0
1978-10-04,0.0
1978-10-05,0.0
1978-10-06,0.0
1978-10-07,0.0
1978-10-08,0.0
1978-10-09,0.0
1978-10-10,0.0
1978-10-11,0.0
1978-10-12,0.0
1978-10-13,0.0
1978-10-14,2.6606922149658203
1978-10-15,8.059747695922852
1978-10-16,8.99642276763916
1978-10-17,0.0
1978-10-18,3.4265265464782715
1978-10-19,0.0
1978-10-20,2.043721914291382
1978-10-21,6.473226070404053
1978-10-22,0.0
1978-10-23,11.805218696594238
1978-10-24,7.777771472930908
1978-10-25,7.507777214050293
1978-10-26,1.7474908828735352
1978-10-27,2.7403252124786377
1978-10-28,5.455692768096924
1978-10-29,37.31917190551758
1978-10-30,12.291621208190918
1978-10-31,16.1653995513916
1978-11-01,28.668073654174805
1978-11-02,7.18096399307251
1978-11-03,0.0
1978-11-04,166.36575317382812
1978-11-05,19.19288444519043
1978-11-06,21.465984344482425
1978-11-07,0.3975245356559753
1978-11-08,59.785003662109375
1978-11-09,0.0
1978-11-10,0.0
1978-11-11,0.0
1978-11-12,0.0
1978-11-13,0.0
1978-11-14,0.1294840276241302
1978-11-15,1.707017183303833
1978-11-16,1.3957568407058716
1978-11-17,0.0
1978-11-18,0.0
1978-11-19,0.7982092499732971
1978-11-20,0.0
1978-11-21,0.0
1978-11-22,0.0
1978-11-23,0.0
1978-11-24,11.80604648590088
1978-11-25,71.52088165283203
1978-11-26,0.5475523471832275
1978-11-27,0.0
1978-11-28,0.0
1978-11-29,0.0
1978-11-30,0.0
1978-12-01,0.0
1978-12-02,12.785871505737305
1978-12-03,44.16471099853516
1978-12-04,10.652629852294922
1978-12-05,3.8565151691436768
1978-12-06,21.954551696777344
1978-12-07,1.4516218900680542
1978-12-08,1.015228271484375
1978-12-09,39.29216384887695
1978-12-10,89.8668212890625
1978-12-11,1.793281316757202
1978-12-12,11.197911262512209
1978-12-13,1.2782220840454102
1978-12-14,5.315431118011475
1978-12-15,2.96468186378479
1978-12-16,9.087992668151855
1978-12-17,0.16289983689785
1978-12-18,0.0
1978-12-19,0.2104541659355163
1978-12-20,0.0
1978-12-21,0.0
1978-12-22,0.0
1978-12-23,0.1169189810752868
1978-12-24,0.0
1978-12-25,73.90705108642578
1978-12-26,93.19381713867188
1978-12-27,94.6566390991211
1978-12-28,30.14582633972168
1978-12-29,16.869401931762695
1978-12-30,2.0760974884033203
1978-12-31,2.571324586868286
1979-01-01,0.0
1979-01-02,0.0
1979-01-03,0.0
1979-01-04,0.0
1979-01-05,0.0
1979-01-06,0.0
1979-01-07,0.0
1979-01-08,0.0
1979-01-09,0.0
1979-01-10,0.0
1979-01-11,0.0
1979-01-12,0.0
1979-01-13,0.0
1979-01-14,0.0
1979-01-15,0.0
1979-01-16,0.0
1979-01-17,0.0
1979-01-18,0.0
1979-01-19,0.0
1979-01-20,0.0
1979-01-21,0.0
1979-01-22,0.0
1979-01-23,0.0
1979-01-24,0.0
1979-01-25,0.0
1979-01-26,0.0
1979-01-27,0.0
1979-01-28,0.0
1979-01-29,0.0
1979-01-30,0.0
1979-01-31,0.0
1979-02-01,0.0
1979-02-02,0.0
1979-02-03,0.0
1979-02-04,0.0
1979-02-05,0.0
1979-02-06,0.0
1979-02-07,0.0
1979-02-08,0.0
1979-02-09,0.0
1979-02-10,0.0
1979-02-11,0.2338379621505737
1979-02-12,0.0
1979-02-13,0.0
1979-02-14,0.0
1979-02-15,0.0
1979-02-16,0.0
1979-02-17,0.0
1979-02-18,17.903650283813477
1979-02-19,0.0
1979-02-20,0.0
1979-02-21,0.0
1979-02-22,0.0
1979-02-23,0.0
1979-02-24,0.0
1979-02-25,0.0
1979-02-26,0.0
1979-02-27,0.0
1979-02-28,0.0
1979-03-01,0.0
1979-03-02,0.0
1979-03-03,1.2861087322235107
1979-03-04,0.0
1979-03-05,0.0
1979-03-06,0.0
1979-03-07,0.0
1979-03-08,0.0
1979-03-09,0.0
1979-03-10,0.0
1979-03-11,0.0
1979-03-12,0.0
1979-03-13,0.0
1979-03-14,0.0
1979-03-15,0.0
1979-03-16,0.0
1979-03-17,0.0
1979-03-18,0.0
1979-03-19,0.0
1979-03-20,0.0
1979-03-21,0.0
1979-03-22,0.0
1979-03-23,0.0
1979-03-24,0.0
1979-03-25,0.0
1979-03-26,0.0
1979-03-27,0.0
1979-03-28,0.0
1979-03-29,0.0
1979-03-30,0.0
1979-03-31,0.0
1979-04-01,0.0
1979-04-02,0.0
1979-04-03,0.0
1979-04-04,0.0
1979-04-05,0.0
1979-04-06,0.0
1979-04-07,0.0
1979-04-08,0.0
1979-04-09,0.0
1979-04-10,0.0
1979-04-11,0.0
1979-04-12,0.0
1979-04-13,0.0
1979-04-14,0.0
1979-04-15,0.0
1979-04-16,0.0
1979-04-17,0.0
1979-04-18,0.0
1979-04-19,0.0
1979-04-20,0.0
1979-04-21,0.0
1979-04-22,0.0
1979-04-23,0.0
1979-04-24,0.0
1979-04-25,0.0
1979-04-26,0.0
1979-04-27,0.0
1979-04-28,0.0
1979-04-29,0.0
1979-04-30,0.0
1979-05-01,0.0
1979-05-02,0.0
1979-05-03,0.0
1979-05-04,0.0
1979-05-05,0.0
1979-05-06,0.0
1979-05-07,0.0
1979-05-08,0.0
1979-05-09,0.0
1979-05-10,0.0
1979-05-11,0.0
1979-05-12,0.2858111560344696
1979-05-13,0.0
1979-05-14,0.0
1979-05-15,0.0
1979-05-16,0.0
1979-05-17,0.0
1979-05-18,0.0
1979-05-19,0.0
1979-05-20,0.0
1979-05-21,0.0
1979-05-22,0.0
1979-05-23,0.639086127281189
1979-05-24,0.0
1979-05-25,0.8885842561721802
1979-05-26,0.0
1979-05-27,0.0
1979-05-28,0.0
1979-05-29,0.0
1979-05-30,0.0
1979-05-31,0.0
1979-06-01,0.0
1979-06-02,0.0
1979-06-03,0.0
1979-06-04,0.0
1979-06-05,1.0133529901504517
1979-06-06,18.44697380065918
1979-06-07,0.0
1979-06-08,0.0
1979-06-09,0.0
1979-06-10,0.0
1979-06-11,0.0
1979-06-12,0.4886995851993561
1979-06-13,0.0
1979-06-14,0.0
1979-06-15,0.0
1979-06-16,0.0
1979-06-17,0.0
1979-06-18,0.0
1979-06-19,3.460162401199341
1979-06-20,0.0
1979-06-21,0.0
1979-06-22,15.790533065795898
1979-06-23,0.0
1979-06-24,0.0
1979-06-25,0.0
1979-06-26,0.0
1979-06-27,0.0
1979-06-28,0.0
1979-06-29,0.0
1979-06-30,0.0
1979-07-01,0.0
1979-07-02,0.0
1979-07-03,0.0
1979-07-04,0.0
1979-07-05,0.0
1979-07-06,0.0
1979-07-07,0.0
1979-07-08,0.0
1979-07-09,0.0
1979-07-10,0.0
1979-07-11,0.0
1979-07-12,0.0
1979-07-13,0.4340265393257141
1979-07-14,0.0
1979-07-15,2.579688787460327
1979-07-16,4.86842155456543
1979-07-17,0.0
1979-07-18,4.86842155456543
1979-07-19,0.0
1979-07-20,0.0
1979-07-21,0.0
1979-07-22,0.0
1979-07-23,0.8912312984466553
1979-07-24,0.0
1979-07-25,0.0
1979-07-26,0.1041698977351188
1979-07-27,0.0
1979-07-28,0.0
1979-07-29,0.0
1979-07-30,3.365483045578003
1979-07-31,0.0
1979-08-01,0.0
1979-08-02,1.384648680686951
1979-08-03,0.0
1979-08-04,0.0
1979-08-05,0.0
1979-08-06,0.0
1979-08-07,0.0
1979-08-08,0.0
1979-08-09,0.0
1979-08-10,0.0
1979-08-11,0.0
1979-08-12,0.0
1979-08-13,0.0
1979-08-14,0.0
1979-08-15,0.0
1979-08-16,0.0
1979-08-17,0.0
1979-08-18,0.0
1979-08-19,0.0
1979-08-20,0.5198444724082947
1979-08-21,0.0
1979-08-22,0.0
1979-08-23,0.8160727024078369
1979-08-24,0.0
1979-08-25,6.369888305664063
1979-08-26,2.0760974884033203
1979-08-27,0.0
1979-08-28,9.875621795654297
1979-08-29,2.936677932739258
1979-08-30,0.2922974526882171
1979-08-31,0.0
1979-09-01,0.0
1979-09-02,0.0
1979-09-03,0.0
1979-09-04,0.0
1979-09-05,73.18150329589844
1979-09-06,0.0
1979-09-07,1.2517104148864746
1979-09-08,27.509862899780277
1979-09-09,3.6500298976898193
1979-09-10,11.933444023132324
1979-09-11,0.0
1979-09-12,0.0
1979-09-13,0.0
1979-09-14,0.0
1979-09-15,0.3257997035980224
1979-09-16,2.765614748001098
1979-09-17,29.63042640686035
1979-09-18,1.9721952676773071
1979-09-19,0.2338379621505737
1979-09-20,7.051107406616211
1979-09-21,0.49105966091156
1979-09-22,0.5629738569259644
1979-09-23,7.570189476013184
1979-09-24,0.3257997035980224
1979-09-25,0.663402795791626
1979-09-26,0.0
1979-09-27,0.0
1979-09-28,0.0
1979-09-29,0.0
1979-09-30,0.0
1979-10-01,0.0
1979-10-02,7.411943435668945
1979-10-03,0.0
1979-10-04,0.0
1979-10-05,11.660926818847656
1979-10-06,0.0
1979-10-07,0.0
1979-10-08,0.0
1979-10-09,0.0
1979-10-10,0.0
1979-10-11,2.60639762878418
1979-10-12,0.0
1979-10-13,0.0
1979-10-14,0.0
1979-10-15,1.7091957330703735
1979-10-16,5.3167643547058105
1979-10-17,0.0
1979-10-18,0.0
1979-10-19,0.0
1979-10-20,0.0
1979-10-21,0.0
1979-10-22,4.374923229217529
1979-10-23,16.197002410888672
1979-10-24,25.327566146850582
1979-10-25,9.506733894348145
1979-10-26,25.78218460083008
1979-10-27,24.340993881225582
1979-10-28,56.34180068969727
1979-10-29,1.4065840244293213
1979-10-30,21.01633644104004
1979-10-31,0.0
1979-11-01,1.3840649127960205
1979-11-02,2.5136733055114746
1979-11-03,1.890600085258484
1979-11-04,12.25625228881836
1979-11-05,5.639915466308594
1979-11-06,0.6997842192649841
1979-11-07,5.029568195343018
1979-11-08,0.3957948386669159
1979-11-09,14.821646690368652
1979-11-10,5.658336639404297
1979-11-11,22.14237594604492
1979-11-12,93.47781372070312
1979-11-13,82.40531158447266
1979-11-14,52.53923034667969
1979-11-15,2.5888116359710693
1979-11-16,6.734786510467529
1979-11-17,58.53371810913086
1979-11-18,15.207155227661133
1979-11-19,41.07452392578125
1979-11-20,46.17562484741211
1979-11-21,0.0
1979-11-22,1.7902060747146606
1979-11-23,13.942091941833496
1979-11-24,7.202144622802734
1979-11-25,28.054582595825195
1979-11-26,8.462722778320312
1979-11-27,3.978895902633667
1979-11-28,1.8727644681930544
1979-11-29,0.0
1979-11-30,0.0
1979-12-01,0.0
1979-12-02,0.0
1979-12-03,0.0
1979-12-04,3.460162401199341
1979-12-05,0.2922974526882171
1979-12-06,16.868656158447266
1979-12-07,0.561211109161377
1979-12-08,13.840649604797363
1979-12-09,0.0
1979-12-10,17.331947326660156
1979-12-11,4.4622063636779785
1979-12-12,6.285125255584717
1979-12-13,15.689248085021973
1979-12-14,0.3039893507957458
1979-12-15,0.0
1979-12-16,0.0
1979-12-17,0.0
1979-12-18,0.0
1979-12-19,0.0
1979-12-20,0.0
1979-12-21,0.0
1979-12-22,0.0
1979-12-23,0.3741407394409179
1979-12-24,18.151853561401367
1979-12-25,1.119155764579773
1979-12-26,0.0
1979-12-27,0.0
1979-12-28,0.0
1979-12-29,0.0
1979-12-30,0.0
1979-12-31,0.0
1980-01-01,0.0
1980-01-02,0.0
1980-01-03,0.0
1980-01-04,0.0
1980-01-05,0.0
1980-01-06,0.0
1980-01-07,0.0
1980-01-08,0.0
1980-01-09,0.0
1980-01-10,0.0
1980-01-11,0.0
1980-01-12,0.0
1980-01-13,0.0
1980-01-14,0.0
1980-01-15,0.0
1980-01-16,0.0
1980-01-17,0.0
1980-01-18,0.0
1980-01-19,0.0
1980-01-20,0.0
1980-01-21,0.0
1980-01-22,0.0
1980-01-23,0.0
1980-01-24,0.0
1980-01-25,0.0
1980-01-26,0.0
1980-01-27,0.0
1980-01-28,0.0
1980-01-29,0.0
1980-01-30,0.0
1980-01-31,0.0
1980-02-01,0.0
1980-02-02,0.0
1980-02-03,0.0
1980-02-04,0.0
1980-02-05,0.0
1980-02-06,0.0
1980-02-07,0.0
1980-02-08,0.0
1980-02-09,0.0
1980-02-10,0.0
1980-02-11,0.0
1980-02-12,0.0
1980-02-13,0.0
1980-02-14,0.0
1980-02-15,0.0
1980-02-16,0.0
1980-02-17,0.0
1980-02-18,0.0
1980-02-19,0.0
1980-02-20,0.0
1980-02-21,0.0
1980-02-22,0.0
1980-02-23,0.0
1980-02-24,0.0
1980-02-25,0.0
1980-02-26,0.0
1980-02-27,0.0
1980-02-28,0.0
1980-02-29,0.0
1980-03-01,0.0
1980-03-02,0.0
1980-03-03,0.0
1980-03-04,0.0
1980-03-05,0.0
1980-03-06,0.0
1980-03-07,0.0
1980-03-08,0.0
1980-03-09,0.0
1980-03-10,0.0
1980-03-11,0.0
1980-03-12,0.0
1980-03-13,0.0
1980-03-14,0.0
1980-03-15,0.0
1980-03-16,0.0
1980-03-17,0.0
1980-03-18,0.0
1980-03-19,0.0
1980-03-20,0.0
1980-03-21,0.0
1980-03-22,0.0
1980-03-23,0.0
1980-03-24,0.0
1980-03-25,0.0
1980-03-26,0.0
1980-03-27,0.0
1980-03-28,0.0
1980-03-29,0.0
1980-03-30,0.0
1980-03-31,0.0
1980-04-01,0.0
1980-04-02,0.0
1980-04-03,0.0
1980-04-04,0.0
1980-04-05,0.0
1980-04-06,0.0
1980-04-07,0.0
1980-04-08,0.0
1980-04-09,0.0
1980-04-10,0.0
1980-04-11,0.0
1980-04-12,0.0
1980-04-13,0.0
1980-04-14,1.3840649127960205
1980-04-15,0.0
1980-04-16,0.0
1980-04-17,0.0
1980-04-18,0.348162442445755
1980-04-19,0.0
1980-04-20,0.0
1980-04-21,0.0
1980-04-22,0.0
1980-04-23,0.0
1980-04-24,0.0
1980-04-25,0.0
1980-04-26,0.0
1980-04-27,0.0
1980-04-28,0.0
1980-04-29,0.0
1980-04-30,0.0
1980-05-01,0.0
1980-05-02,0.1403027772903442
1980-05-03,0.0
1980-05-04,0.0
1980-05-05,0.0
1980-05-06,0.0
1980-05-07,0.0
1980-05-08,0.0
1980-05-09,0.0
1980-05-10,0.0
1980-05-11,0.0
1980-05-12,0.0
1980-05-13,2.0760974884033203
1980-05-14,0.0
1980-05-15,0.0
1980-05-16,0.0
1980-05-17,0.0
1980-05-18,0.0
1980-05-19,0.0
1980-05-20,0.0
1980-05-21,0.0
1980-05-22,0.0
1980-05-23,0.0
1980-05-24,0.0
1980-05-25,0.0
1980-05-26,0.0
1980-05-27,0.0
1980-05-28,2.0760974884033203
1980-05-29,2.529870986938477
1980-05-30,0.0
1980-05-31,0.2572217583656311
1980-06-01,0.4477503597736358
1980-06-02,0.0
1980-06-03,0.0
1980-06-04,0.0
1980-06-05,0.0
1980-06-06,0.0
1980-06-07,0.0
1980-06-08,0.0
1980-06-09,0.0
1980-06-10,0.0
1980-06-11,0.0
1980-06-12,0.0
1980-06-13,7.011932849884033
1980-06-14,0.0
1980-06-15,0.0
1980-06-16,0.1736165285110473
1980-06-17,0.0
1980-06-18,0.0
1980-06-19,0.0
1980-06-20,0.0
1980-06-21,0.0
1980-06-22,0.0
1980-06-23,0.0
1980-06-24,0.0
1980-06-25,0.1446804255247116
1980-06-26,0.0
1980-06-27,0.0
1980-06-28,0.0
1980-06-29,0.0
1980-06-30,2.578529596328736
1980-07-01,0.0
1980-07-02,0.0
1980-07-03,3.689750909805298
1980-07-04,0.0
1980-07-05,0.0
1980-07-06,0.0
1980-07-07,0.0
1980-07-08,1.0249308347702026
1980-07-09,0.0
1980-07-10,0.0
1980-07-11,7.311387538909912
1980-07-12,0.8912314176559448
1980-07-13,11.795251846313477
1980-07-14,11.273630142211914
1980-07-15,3.228532075881958
1980-07-16,0.0
1980-07-17,12.112550735473633
1980-07-18,0.0
1980-07-19,16.598146438598633
1980-07-20,23.11504173278809
1980-07-21,0.5150183439254761
1980-07-22,21.359882354736328
1980-07-23,0.0
1980-07-24,3.318114995956421
1980-07-25,0.0
1980-07-26,0.0
1980-07-27,0.0
1980-07-28,0.6458064913749695
1980-07-29,0.9831891059875488
1980-07-30,0.0
1980-07-31,7.225762367248535
1980-08-01,0.0
1980-08-02,2.735514879226685
1980-08-03,0.0
1980-08-04,0.0
1980-08-05,0.0
1980-08-06,0.6481096744537354
1980-08-07,0.0
1980-08-08,1.2153156995773315
1980-08-09,0.0
1980-08-10,0.0
1980-08-11,8.033605575561523
1980-08-12,9.497422218322754
1980-08-13,0.0
1980-08-14,28.888427734375
1980-08-15,11.954127311706545
1980-08-16,3.606272459030152
1980-08-17,7.533241271972656
1980-08-18,12.04293727874756
1980-08-19,14.58919906616211
1980-08-20,0.8199446797370911
1980-08-21,0.0
1980-08-22,0.0
1980-08-23,0.0
1980-08-24,0.0
1980-08-25,0.0
1980-08-26,3.888658046722412
1980-08-27,4.79509973526001
1980-08-28,0.0
1980-08-29,0.0
1980-08-30,0.0
1980-08-31,2.129534721374512
1980-09-01,2.768129825592041
1980-09-02,0.0
1980-09-03,0.0
1980-09-04,0.0
1980-09-05,0.0
1980-09-06,0.0
1980-09-07,0.0
1980-09-08,0.0
1980-09-09,3.951519250869751
1980-09-10,0.4101386666297912
1980-09-11,0.0
1980-09-12,0.0
1980-09-13,1.156588792800903
1980-09-14,0.0
1980-09-15,0.0
1980-09-16,0.0
1980-09-17,0.0
1980-09-18,0.0
1980-09-19,0.0
1980-09-20,0.0
1980-09-21,0.0
1980-09-22,0.0
1980-09-23,0.0
1980-09-24,0.5270168781280518
1980-09-25,60.93206787109375
1980-09-26,5.06325626373291
1980-09-27,18.684877395629883
1980-09-28,0.0
1980-09-29,0.0
1980-09-30,0.0
1980-10-01,9.453045845031738
1980-10-02,0.0
1980-10-03,0.0
1980-10-04,0.504989504814148
1980-10-05,0.0
1980-10-06,0.0
1980-10-07,0.0
1980-10-08,0.0
1980-10-09,3.606054544448853
1980-10-10,9.270950317382812
1980-10-11,5.345224380493164
1980-10-12,19.135225296020508
1980-10-13,13.92790985107422
1980-10-14,0.0
1980-10-15,0.0
1980-10-16,3.601104259490967
1980-10-17,35.972530364990234
1980-10-18,0.0
1980-10-19,0.0
1980-10-20,0.0
1980-10-21,0.0
1980-10-22,0.0
1980-10-23,0.0
1980-10-24,16.64232063293457
1980-10-25,0.0
1980-10-26,0.0
1980-10-27,0.0
1980-10-28,5.44783353805542
1980-10-29,0.0
1980-10-30,0.0
1980-10-31,0.0
1980-11-01,1.3172017335891724
1980-11-02,0.224634364247322
1980-11-03,0.6311591863632202
1980-11-04,0.2744170427322387
1980-11-05,0.0
1980-11-06,0.2744170427322387
1980-11-07,4.265406608581543
1980-11-08,0.0
1980-11-09,0.0
1980-11-10,0.0
1980-11-11,16.035791397094727
1980-11-12,16.494525909423828
1980-11-13,35.28679275512695
1980-11-14,19.278772354125977
1980-11-15,7.83460807800293
1980-11-16,9.442513465881348
1980-11-17,36.68239974975586
1980-11-18,34.22590637207031
1980-11-19,2.963955879211426
1980-11-20,4.293671607971191
1980-11-21,0.0
1980-11-22,0.0
1980-11-23,0.0
1980-11-24,0.0
1980-11-25,0.0
1980-11-26,0.0
1980-11-27,0.0
1980-11-28,0.0
1980-11-29,0.0
1980-11-30,18.949323654174805
1980-12-01,0.0
1980-12-02,0.0
1980-12-03,2.104541778564453
1980-12-04,10.809675216674805
1980-12-05,31.49510383605957
1980-12-06,0.0
1980-12-07,0.0
1980-12-08,0.0
1980-12-09,0.0
1980-12-10,0.0
1980-12-11,0.0
1980-12-12,8.391651153564453
1980-12-13,2.768129825592041
1980-12-14,0.0
1980-12-15,0.0
1980-12-16,0.0
1980-12-17,0.0
1980-12-18,18.41752052307129
1980-12-19,0.0
1980-12-20,0.0
1980-12-21,0.0
1980-12-22,0.0
1980-12-23,0.0
1980-12-24,0.0
1980-12-25,0.0
1980-12-26,0.0
1980-12-27,0.0
1980-12-28,0.0
1980-12-29,0.0
1980-12-30,0.0
1980-12-31,0.0
1981-01-01,0.0
1981-01-02,0.0
1981-01-03,0.0
1981-01-04,0.0
1981-01-05,0.0
1981-01-06,0.0
1981-01-07,0.0
1981-01-08,0.0
1981-01-09,0.0
1981-01-10,0.0
1981-01-11,0.0
1981-01-12,0.0
1981-01-13,0.0
1981-01-14,0.0
1981-01-15,0.0
1981-01-16,13.20239543914795
1981-01-17,0.0
1981-01-18,0.0
1981-01-19,0.0
1981-01-20,0.0
1981-01-21,0.0
1981-01-22,0.0
1981-01-23,0.0
1981-01-24,0.0
1981-01-25,0.0
1981-01-26,0.0
1981-01-27,0.0
1981-01-28,0.0
1981-01-29,0.0
1981-01-30,0.0
1981-01-31,0.0
1981-02-01,0.0
1981-02-02,0.0
1981-02-03,0.0
1981-02-04,0.0
1981-02-05,0.0
1981-02-06,0.0
1981-02-07,0.0
1981-02-08,0.0
1981-02-09,0.0
1981-02-10,0.0
1981-02-11,0.0
1981-02-12,0.0
1981-02-13,0.0
1981-02-14,0.0
1981-02-15,0.0
1981-02-16,0.0
1981-02-17,0.0
1981-02-18,0.0
1981-02-19,0.0
1981-02-20,0.0
1981-02-21,0.0
1981-02-22,0.0
1981-02-23,0.0
1981-02-24,0.0
1981-02-25,0.0
1981-02-26,0.0
1981-02-27,0.0
1981-02-28,0.0
1981-03-01,0.0
1981-03-02,0.0
1981-03-03,0.0
1981-03-04,0.0
1981-03-05,0.0
1981-03-06,0.0
1981-03-07,0.0
1981-03-08,0.0
1981-03-09,0.0
1981-03-10,0.0
1981-03-11,0.0
1981-03-12,0.0
1981-03-13,0.0
1981-03-14,0.0
1981-03-15,0.0
1981-03-16,0.0
1981-03-17,0.0
1981-03-18,0.0
1981-03-19,0.0
1981-03-20,0.0
1981-03-21,0.0
1981-03-22,0.0
1981-03-23,0.0
1981-03-24,0.0
1981-03-25,0.0
1981-03-26,0.0
1981-03-27,0.0
1981-03-28,0.0
1981-03-29,0.0
1981-03-30,0.0
1981-03-31,0.0
1981-04-01,0.0
1981-04-02,0.0
1981-04-03,0.0
1981-04-04,0.0
1981-04-05,0.0
1981-04-06,0.0
1981-04-07,0.0
1981-04-08,0.0
1981-04-09,0.0
1981-04-10,0.0
1981-04-11,0.0
1981-04-12,0.0
1981-04-13,0.0
1981-04-14,0.0
1981-04-15,0.0
1981-04-16,7.612357139587402
1981-04-17,0.0
1981-04-18,0.0
1981-04-19,0.0
1981-04-20,0.0
1981-04-21,0.0
1981-04-22,0.0
1981-04-23,0.0
1981-04-24,0.0
1981-04-25,0.0
1981-04-26,0.0
1981-04-27,0.0
1981-04-28,0.0
1981-04-29,0.0
1981-04-30,0.0
1981-05-01,0.0
1981-05-02,0.0
1981-05-03,0.0
1981-05-04,0.0
1981-05-05,0.0
1981-05-06,42.21398162841797
1981-05-07,22.92475128173828
1981-05-08,2.015652894973755
1981-05-09,0.0
1981-05-10,0.8034936785697937
1981-05-11,0.0
1981-05-12,28.72013664245605
1981-05-13,0.0
1981-05-14,0.0
1981-05-15,0.0
1981-05-16,0.0
1981-05-17,0.0
1981-05-18,3.460162401199341
1981-05-19,0.9376435279846193
1981-05-20,0.0
1981-05-21,0.0
1981-05-22,0.0
1981-05-23,0.0
1981-05-24,0.0
1981-05-25,0.0
1981-05-26,0.0
1981-05-27,0.0
1981-05-28,0.0
1981-05-29,0.0
1981-05-30,0.0
1981-05-31,0.0
1981-06-01,0.0
1981-06-02,0.0
1981-06-03,0.0
1981-06-04,0.0
1981-06-05,0.0
1981-06-06,0.0
1981-06-07,0.0
1981-06-08,0.0
1981-06-09,0.0
1981-06-10,0.0
1981-06-11,0.0
1981-06-12,0.0
1981-06-13,3.398660659790039
1981-06-14,0.0
1981-06-15,0.0
1981-06-16,0.0
1981-06-17,20.398969650268555
1981-06-18,0.1407434642314911
1981-06-19,0.0
1981-06-20,0.0
1981-06-21,0.0
1981-06-22,0.0
1981-06-23,0.0
1981-06-24,0.0
1981-06-25,0.1125947758555412
1981-06-26,1.5065317153930664
1981-06-27,2.948281764984131
1981-06-28,0.0
1981-06-29,0.0
1981-06-30,0.0
1981-07-01,0.0
1981-07-02,0.0
1981-07-03,0.0
1981-07-04,0.0
1981-07-05,0.0
1981-07-06,0.0
1981-07-07,0.0
1981-07-08,0.0
1981-07-09,0.1732163578271865
1981-07-10,0.0
1981-07-11,0.0
1981-07-12,2.0760974884033203
1981-07-13,0.0
1981-07-14,0.0
1981-07-15,0.1169189810752868
1981-07-16,0.0
1981-07-17,5.772693634033203
1981-07-18,0.0
1981-07-19,0.8652004599571228
1981-07-20,13.607433319091797
1981-07-21,11.777530670166016
1981-07-22,3.1449568271636963
1981-07-23,51.70623397827149
1981-07-24,0.0
1981-07-25,1.7348217964172363
1981-07-26,0.0
1981-07-27,0.8307892680168152
1981-07-28,80.91304016113281
1981-07-29,11.53300952911377
1981-07-30,0.1351137310266494
1981-07-31,1.3840649127960205
1981-08-01,0.0
1981-08-02,0.6920324563980103
1981-08-03,1.3840649127960205
1981-08-04,0.0
1981-08-05,0.0
1981-08-06,0.0
1981-08-07,0.0
1981-08-08,0.0
1981-08-09,0.0
1981-08-10,0.0
1981-08-11,0.0
1981-08-12,2.188692331314087
1981-08-13,0.0
1981-08-14,0.3741407394409179
1981-08-15,3.460162401199341
1981-08-16,0.0
1981-08-17,0.0
1981-08-18,2.0760974884033203
1981-08-19,9.141264915466309
1981-08-20,0.0
1981-08-21,4.452733039855957
1981-08-22,6.268458366394043
1981-08-23,7.210460186004639
1981-08-24,0.0
1981-08-25,0.2533382475376129
1981-08-26,0.0
1981-08-27,19.511150360107425
1981-08-28,0.0
1981-08-29,0.0
1981-08-30,0.0
1981-08-31,19.481544494628903
1981-09-01,4.027251720428467
1981-09-02,9.91969871520996
1981-09-03,16.056297302246094
1981-09-04,0.0
1981-09-05,0.0
1981-09-06,0.0
1981-09-07,0.0
1981-09-08,0.1801516413688659
1981-09-09,0.0
1981-09-10,0.0
1981-09-11,4.4524993896484375
1981-09-12,22.388505935668945
1981-09-13,21.982982635498047
1981-09-14,0.0
1981-09-15,1.5927907228469849
1981-09-16,0.0
1981-09-17,5.536259651184082
1981-09-18,27.274871826171875
1981-09-19,32.305259704589844
1981-09-20,13.40424346923828
1981-09-21,11.102041244506836
1981-09-22,13.840649604797363
1981-09-23,0.0
1981-09-24,0.0
1981-09-25,0.0
1981-09-26,0.0
1981-09-27,0.0
1981-09-28,0.0
1981-09-29,0.0
1981-09-30,0.0
1981-10-01,0.0
1981-10-02,0.0
1981-10-03,1.069650411605835
1981-10-04,14.755224227905272
1981-10-05,18.12795829772949
1981-10-06,6.067728042602539
1981-10-07,12.63795280456543
1981-10-08,11.072519302368164
1981-10-09,13.840649604797363
1981-10-10,0.0
1981-10-11,4.372769832611084
1981-10-12,0.0
1981-10-13,0.0
1981-10-14,0.0
1981-10-15,0.0
1981-10-16,8.608379364013672
1981-10-17,0.0
1981-10-18,0.0
1981-10-19,0.0
1981-10-20,19.376909255981445
1981-10-21,0.0
1981-10-22,1.8005521297454834
1981-10-23,21.98862838745117
1981-10-24,32.82157897949219
1981-10-25,87.76070404052734
1981-10-26,74.86813354492188
1981-10-27,122.13377380371094
1981-10-28,45.45410919189453
1981-10-29,1.7582056522369385
1981-10-30,0.2412056475877761
1981-10-31,0.0
1981-11-01,3.746696710586548
1981-11-02,6.666439056396484
1981-11-03,0.0
1981-11-04,2.483346939086914
1981-11-05,0.0
1981-11-06,1.851740837097168
1981-11-07,17.3027400970459
1981-11-08,20.77025604248047
1981-11-09,9.143766403198242
1981-11-10,0.0
1981-11-11,0.0
1981-11-12,0.0
1981-11-13,0.0
1981-11-14,0.4092164039611816
1981-11-15,3.460162401199341
1981-11-16,1.9102003574371336
1981-11-17,12.54716968536377
1981-11-18,0.0
1981-11-19,0.0
1981-11-20,0.0
1981-11-21,0.0
1981-11-22,0.0
1981-11-23,0.0
1981-11-24,0.0
1981-11-25,0.0
1981-11-26,0.0
1981-11-27,0.0
1981-11-28,0.0
1981-11-29,1.8805423974990845
1981-11-30,0.3442706167697906
1981-12-01,42.0559196472168
1981-12-02,35.847023010253906
1981-12-03,0.92611825466156
1981-12-04,15.224714279174805
1981-12-05,0.0
1981-12-06,0.0
1981-12-07,0.0
1981-12-08,0.0
1981-12-09,0.0
1981-12-10,0.0
1981-12-11,0.0
1981-12-12,0.0
1981-12-13,0.0
1981-12-14,0.0
1981-12-15,0.0
1981-12-16,50.85602569580078
1981-12-17,8.106651306152344
1981-12-18,0.0
1981-12-19,0.179189845919609
1981-12-20,1.978141188621521
1981-12-21,0.0
1981-12-22,18.839284896850582
1981-12-23,0.0
1981-12-24,0.0
1981-12-25,0.0
1981-12-26,0.0
1981-12-27,0.0
1981-12-28,0.0
1981-12-29,0.0
1981-12-30,0.0
1981-12-31,0.0
1982-01-01,0.0
1982-01-02,0.0
1982-01-03,0.0
1982-01-04,0.0
1982-01-05,0.0
1982-01-06,0.0
1982-01-07,0.0
1982-01-08,0.0
1982-01-09,0.0
1982-01-10,0.0
1982-01-11,0.0
1982-01-12,0.0
1982-01-13,0.0
1982-01-14,0.0
1982-01-15,0.0
1982-01-16,0.0
1982-01-17,0.0
1982-01-18,0.0
1982-01-19,0.0
1982-01-20,0.0
1982-01-21,0.0
1982-01-22,0.0
1982-01-23,0.0
1982-01-24,0.0
1982-01-25,0.0
1982-01-26,0.0
1982-01-27,2.768129825592041
1982-01-28,0.0
1982-01-29,0.0
1982-01-30,0.0
1982-01-31,0.0
1982-02-01,0.0
1982-02-02,0.0
1982-02-03,0.0
1982-02-04,0.0
1982-02-05,0.0
1982-02-06,0.0
1982-02-07,0.0
1982-02-08,0.0
1982-02-09,0.0
1982-02-10,0.0
1982-02-11,0.0
1982-02-12,0.0
1982-02-13,0.0
1982-02-14,0.0
1982-02-15,0.0
1982-02-16,0.0
1982-02-17,0.0
1982-02-18,0.0
1982-02-19,0.0
1982-02-20,0.0
1982-02-21,0.0
1982-02-22,0.0
1982-02-23,0.0
1982-02-24,0.0
1982-02-25,0.0
1982-02-26,0.0
1982-02-27,0.0
1982-02-28,0.0
1982-03-01,0.0
1982-03-02,0.0
1982-03-03,0.0
1982-03-04,0.0
1982-03-05,0.0
1982-03-06,0.0
1982-03-07,0.0
1982-03-08,0.0
1982-03-09,0.0
1982-03-10,0.0
1982-03-11,0.0
1982-03-12,0.0
1982-03-13,0.0
1982-03-14,0.0
1982-03-15,0.0
1982-03-16,0.0
1982-03-17,0.0
1982-03-18,0.0
1982-03-19,0.0
1982-03-20,0.0
1982-03-21,0.0
1982-03-22,0.0
1982-03-23,0.0
1982-03-24,0.0
1982-03-25,0.0
1982-03-26,0.0
1982-03-27,0.0
1982-03-28,0.0
1982-03-29,0.0
1982-03-30,0.0
1982-03-31,0.0
1982-04-01,0.0
1982-04-02,0.0
1982-04-03,0.0
1982-04-04,0.0
1982-04-05,0.0
1982-04-06,0.0
1982-04-07,0.0
1982-04-08,0.0
1982-04-09,0.0
1982-04-10,0.0
1982-04-11,0.0
1982-04-12,0.0
1982-04-13,0.0
1982-04-14,0.0
1982-04-15,0.0
1982-04-16,0.0
1982-04-17,0.0
1982-04-18,0.0
1982-04-19,0.9773991703987122
1982-04-20,0.0
1982-04-21,0.0
1982-04-22,0.0
1982-04-23,0.0
1982-04-24,0.0
1982-04-25,0.0
1982-04-26,0.0
1982-04-27,0.0
1982-04-28,0.0
1982-04-29,0.6920324563980103
1982-04-30,1.6886546611785889
1982-05-01,0.7532658576965332
1982-05-02,0.0
1982-05-03,0.0
1982-05-04,0.0
1982-05-05,0.0
1982-05-06,1.8126931190490725
1982-05-07,0.0
1982-05-08,0.0
1982-05-09,0.0
1982-05-10,0.0
1982-05-11,0.0
1982-05-12,0.0
1982-05-13,0.0
1982-05-14,0.0
1982-05-15,0.0
1982-05-16,0.0
1982-05-17,0.6515994071960449
1982-05-18,0.0
1982-05-19,0.0
1982-05-20,0.0
1982-05-21,1.0380487442016602
1982-05-22,0.0
1982-05-23,0.0
1982-05-24,0.0
1982-05-25,0.0
1982-05-26,0.0
1982-05-27,0.0
1982-05-28,0.0
1982-05-29,0.0
1982-05-30,0.0
1982-05-31,0.0
1982-06-01,3.580724000930786
1982-06-02,2.7137250900268555
1982-06-03,1.2467061281204224
1982-06-04,0.8144993185997009
1982-06-05,0.0
1982-06-06,0.0
1982-06-07,0.2364490181207656
1982-06-08,0.0
1982-06-09,0.0
1982-06-10,0.0
1982-06-11,0.0
1982-06-12,1.0380487442016602
1982-06-13,0.0
1982-06-14,0.0
1982-06-15,0.0
1982-06-16,0.0
1982-06-17,0.0
1982-06-18,0.0
1982-06-19,0.0
1982-06-20,0.1801516413688659
1982-06-21,0.8652004599571228
1982-06-22,3.682445526123047
1982-06-23,0.6515994071960449
1982-06-24,0.0
1982-06-25,0.0
1982-06-26,2.1746931076049805
1982-06-27,0.3095097243785858
1982-06-28,0.0
1982-06-29,0.0
1982-06-30,0.0
1982-07-01,0.0
1982-07-02,0.0
1982-07-03,0.0
1982-07-04,0.0
1982-07-05,0.0
1982-07-06,0.1310462951660156
1982-07-07,1.5985536575317385
1982-07-08,3.197107315063477
1982-07-09,0.648638129234314
1982-07-10,8.41399097442627
1982-07-11,0.1453422456979751
1982-07-12,0.0
1982-07-13,0.0
1982-07-14,0.2325282543897628
1982-07-15,4.283060550689697
1982-07-16,0.5269966125488281
1982-07-17,0.0
1982-07-18,0.0
1982-07-19,0.0
1982-07-20,0.0
1982-07-21,6.051572322845459
1982-07-22,0.7844262719154358
1982-07-23,0.1763011962175369
1982-07-24,0.0
1982-07-25,0.0
1982-07-26,2.797468662261963
1982-07-27,0.0
1982-07-28,11.254277229309082
1982-07-29,0.0
1982-07-30,0.0
1982-07-31,0.0
1982-08-01,0.0
1982-08-02,0.0
1982-08-03,0.0
1982-08-04,0.0
1982-08-05,0.0
1982-08-06,4.746271133422852
1982-08-07,16.979461669921875
1982-08-08,0.0
1982-08-09,1.709864616394043
1982-08-10,0.0
1982-08-11,0.0
1982-08-12,0.0
1982-08-13,0.0
1982-08-14,0.0
1982-08-15,1.507919192314148
1982-08-16,0.0
1982-08-17,23.722904205322266
1982-08-18,0.1403027772903442
1982-08-19,0.0
1982-08-20,0.0
1982-08-21,0.0
1982-08-22,0.0
1982-08-23,1.3840649127960205
1982-08-24,6.566761493682861
1982-08-25,0.0
1982-08-26,0.0
1982-08-27,11.556976318359377
1982-08-28,0.1385730952024459
1982-08-29,0.0
1982-08-30,0.0
1982-08-31,0.0
1982-09-01,0.0
1982-09-02,37.05048370361328
1982-09-03,0.8144993185997009
1982-09-04,1.3436319828033447
1982-09-05,0.0
1982-09-06,0.0
1982-09-07,0.0
1982-09-08,0.0
1982-09-09,0.0
1982-09-10,0.0
1982-09-11,0.0
1982-09-12,0.0
1982-09-13,0.0
1982-09-14,0.0
1982-09-15,7.983951091766357
1982-09-16,0.0
1982-09-17,0.1351137310266494
1982-09-18,0.0
1982-09-19,3.8542442321777344
1982-09-20,0.6920324563980103
1982-09-21,0.0
1982-09-22,5.6598944664001465
1982-09-23,0.7821083068847656
1982-09-24,1.4383126497268677
1982-09-25,0.0
1982-09-26,0.0
1982-09-27,0.0
1982-09-28,0.0
1982-09-29,0.0
1982-09-30,0.0
1982-10-01,0.0
1982-10-02,0.2392638921737671
1982-10-03,0.0
1982-10-04,0.0
1982-10-05,1.3142575025558472
1982-10-06,0.0
1982-10-07,0.0
1982-10-08,2.1522016525268555
1982-10-09,0.0
1982-10-10,0.6072866320610046
1982-10-11,0.1628998517990112
1982-10-12,0.0
1982-10-13,0.0
1982-10-14,6.8312602043151855
1982-10-15,3.704512119293213
1982-10-16,0.0
1982-10-17,0.0
1982-10-18,14.35764217376709
1982-10-19,14.532316207885742
1982-10-20,1.8761632442474363
1982-10-21,2.3503823280334477
1982-10-22,0.0
1982-10-23,3.595276117324829
1982-10-24,1.0717710256576538
1982-10-25,0.0
1982-10-26,16.053611755371094
1982-10-27,11.223105430603027
1982-10-28,3.736064910888672
1982-10-29,0.5845949053764343
1982-10-30,1.7348217964172363
1982-10-31,0.0
1982-11-01,3.270644187927246
1982-11-02,43.46474456787109
1982-11-03,52.465579986572266
1982-11-04,43.47091674804688
1982-11-05,18.76509475708008
1982-11-06,1.400954246520996
1982-11-07,0.0
1982-11-08,15.580217361450195
1982-11-09,36.99332046508789
1982-11-10,13.148616790771484
1982-11-11,0.0
1982-11-12,0.0
1982-11-13,0.0
1982-11-14,0.0
1982-11-15,0.0
1982-11-16,0.1954798251390457
1982-11-17,0.7162492275238037
1982-11-18,0.0
1982-11-19,0.0
1982-11-20,0.0
1982-11-21,0.0
1982-11-22,0.0
1982-11-23,4.391093254089356
1982-11-24,0.0
1982-11-25,2.9229745864868164
1982-11-26,2.54883360862732
1982-11-27,0.1870703697204589
1982-11-28,0.0
1982-11-29,0.0
1982-11-30,0.0
1982-12-01,0.0
1982-12-02,2.1513092517852783
1982-12-03,0.3507569432258606
1982-12-04,16.66679573059082
1982-12-05,4.194173812866211
1982-12-06,0.0
1982-12-07,0.0
1982-12-08,0.0
1982-12-09,0.0
1982-12-10,0.0
1982-12-11,0.0
1982-12-12,1.886294722557068
1982-12-13,2.043675661087036
1982-12-14,0.0
1982-12-15,0.0
1982-12-16,0.0
1982-12-17,0.0
1982-12-18,0.0
1982-12-19,0.0
1982-12-20,0.0
1982-12-21,0.8652004599571228
1982-12-22,1.1574978828430176
1982-12-23,0.0
1982-12-24,0.0
1982-12-25,0.0
1982-12-26,0.0
1982-12-27,2.1746931076049805
1982-12-28,0.0
1982-12-29,0.0
1982-12-30,0.0
1982-12-31,0.0
1983-01-01,0.0
1983-01-02,0.0
1983-01-03,0.0
1983-01-04,0.0
1983-01-05,0.0
1983-01-06,0.0
1983-01-07,0.0
1983-01-08,0.0
1983-01-09,0.0
1983-01-10,0.0
1983-01-11,0.0
1983-01-12,0.0
1983-01-13,0.0
1983-01-14,0.0
1983-01-15,0.0
1983-01-16,0.0
1983-01-17,0.0
1983-01-18,0.0
1983-01-19,0.0
1983-01-20,0.0
1983-01-21,0.0
1983-01-22,0.0
1983-01-23,0.0
1983-01-24,0.0
1983-01-25,0.0
1983-01-26,0.0
1983-01-27,0.0
1983-01-28,0.0
1983-01-29,0.0
1983-01-30,0.0
1983-01-31,0.0
1983-02-01,0.0
1983-02-02,0.0
1983-02-03,0.0
1983-02-04,0.0
1983-02-05,0.0
1983-02-06,0.0
1983-02-07,0.0
1983-02-08,0.0
1983-02-09,0.0
1983-02-10,0.0
1983-02-11,0.0
1983-02-12,0.0
1983-02-13,0.0
1983-02-14,0.0
1983-02-15,0.0
1983-02-16,0.0
1983-02-17,0.0
1983-02-18,0.0
1983-02-19,0.0
1983-02-20,0.0
1983-02-21,0.0
1983-02-22,0.0
1983-02-23,0.0
1983-02-24,0.0
1983-02-25,0.0
1983-02-26,0.0
1983-02-27,0.0
1983-02-28,0.0
1983-03-01,0.0
1983-03-02,0.0
1983-03-03,0.0
1983-03-04,0.0
1983-03-05,0.0
1983-03-06,0.0
1983-03-07,0.0
1983-03-08,0.0
1983-03-09,0.0
1983-03-10,0.0
1983-03-11,0.0
1983-03-12,0.0
1983-03-13,0.0
1983-03-14,0.0
1983-03-15,0.0
1983-03-16,0.0
1983-03-17,0.0
1983-03-18,0.0
1983-03-19,0.0
1983-03-20,0.0
1983-03-21,0.0
1983-03-22,0.0
1983-03-23,0.0
1983-03-24,0.0
1983-03-25,0.0
1983-03-26,0.0
1983-03-27,0.0
1983-03-28,0.0
1983-03-29,0.0
1983-03-30,0.0
1983-03-31,0.0
1983-04-01,0.0
1983-04-02,0.0
1983-04-03,0.0
1983-04-04,0.0
1983-04-05,0.0
1983-04-06,0.0
1983-04-07,0.0
1983-04-08,0.0
1983-04-09,0.0
1983-04-10,0.0
1983-04-11,0.0
1983-04-12,0.0
1983-04-13,0.0
1983-04-14,0.0
1983-04-15,0.0
1983-04-16,0.0
1983-04-17,0.0
1983-04-18,0.0
1983-04-19,0.0
1983-04-20,0.0
1983-04-21,0.0
1983-04-22,0.0
1983-04-23,0.0
1983-04-24,0.0
1983-04-25,0.0
1983-04-26,0.0
1983-04-27,0.0
1983-04-28,0.0
1983-04-29,0.0
1983-04-30,0.0
1983-05-01,0.0
1983-05-02,0.0
1983-05-03,0.0
1983-05-04,0.0
1983-05-05,0.0
1983-05-06,0.0
1983-05-07,0.0
1983-05-08,0.0
1983-05-09,0.0
1983-05-10,0.0
1983-05-11,0.49105966091156
1983-05-12,0.0
1983-05-13,5.524117946624756
1983-05-14,0.0
1983-05-15,0.0
1983-05-16,0.0
1983-05-17,0.0
1983-05-18,0.0
1983-05-19,0.0
1983-05-20,0.0
1983-05-21,5.090328693389893
1983-05-22,0.0
1983-05-23,0.0
1983-05-24,6.920324802398682
1983-05-25,5.7570109367370605
1983-05-26,0.0
1983-05-27,0.9773991703987122
1983-05-28,1.3840649127960205
1983-05-29,3.849119901657105
1983-05-30,0.1169189810752868
1983-05-31,0.0
1983-06-01,8.612780570983887
1983-06-02,0.0
1983-06-03,0.0
1983-06-04,0.0
1983-06-05,0.0
1983-06-06,0.8444608449935913
1983-06-07,0.5066764950752258
1983-06-08,1.3031988143920898
1983-06-09,1.7300812005996704
1983-06-10,3.4208970069885254
1983-06-11,0.0
1983-06-12,0.0
1983-06-13,0.0
1983-06-14,0.0
1983-06-15,0.0
1983-06-16,13.840649604797363
1983-06-17,0.0
1983-06-18,0.0
1983-06-19,0.0
1983-06-20,0.7248976230621338
1983-06-21,0.0
1983-06-22,0.0
1983-06-23,0.0
1983-06-24,0.0
1983-06-25,0.2251895517110824
1983-06-26,0.0
1983-06-27,0.0
1983-06-28,0.0
1983-06-29,0.0
1983-06-30,0.0
1983-07-01,0.0
1983-07-02,3.6260197162628174
1983-07-03,0.0
1983-07-04,0.0
1983-07-05,0.0
1983-07-06,0.8345659375190735
1983-07-07,5.030301094055176
1983-07-08,0.0
1983-07-09,0.0
1983-07-10,0.0
1983-07-11,0.0
1983-07-12,0.0
1983-07-13,0.5701494812965393
1983-07-14,1.2984840869903564
1983-07-15,3.4455137252807617
1983-07-16,0.0
1983-07-17,0.6192712783813477
1983-07-18,0.0
1983-07-19,0.0
1983-07-20,0.0
1983-07-21,3.0257606506347656
1983-07-22,0.0
1983-07-23,36.00257873535156
1983-07-24,19.98305320739746
1983-07-25,5.998771667480469
1983-07-26,0.0
1983-07-27,16.70372772216797
1983-07-28,10.717728614807127
1983-07-29,0.3257997035980224
1983-07-30,4.267423629760742
1983-07-31,0.0
1983-08-01,14.995508193969728
1983-08-02,0.244349792599678
1983-08-03,0.5872200131416321
1983-08-04,0.0
1983-08-05,0.0
1983-08-06,0.0
1983-08-07,7.737057209014893
1983-08-08,10.751704216003418
1983-08-09,2.205122947692871
1983-08-10,0.0
1983-08-11,0.0
1983-08-12,0.0
1983-08-13,0.0
1983-08-14,0.0
1983-08-15,0.0
1983-08-16,0.0
1983-08-17,0.0
1983-08-18,0.0
1983-08-19,0.0
1983-08-20,0.1825258284807205
1983-08-21,0.0
1983-08-22,9.850976943969728
1983-08-23,2.665872812271118
1983-08-24,11.461485862731934
1983-08-25,58.524070739746094
1983-08-26,3.82550311088562
1983-08-27,25.054372787475582
1983-08-28,0.0
1983-08-29,27.39384651184082
1983-08-30,11.418726921081545
1983-08-31,0.0
1983-09-01,2.768129825592041
1983-09-02,0.0
1983-09-03,3.2412893772125244
1983-09-04,4.943915367126465
1983-09-05,0.0
1983-09-06,0.0
1983-09-07,5.951352119445801
1983-09-08,0.0
1983-09-09,0.0
1983-09-10,27.757713317871094
1983-09-11,10.02942943572998
1983-09-12,21.95085334777832
1983-09-13,13.87043285369873
1983-09-14,1.056940674781799
1983-09-15,24.89183616638184
1983-09-16,0.0
1983-09-17,0.0
1983-09-18,0.0
1983-09-19,0.1403027772903442
1983-09-20,0.0
1983-09-21,13.81741714477539
1983-09-22,0.0
1983-09-23,36.790958404541016
1983-09-24,0.0
1983-09-25,0.0
1983-09-26,0.0
1983-09-27,0.0
1983-09-28,0.0
1983-09-29,0.0
1983-09-30,1.5135489702224731
1983-10-01,55.608543395996094
1983-10-02,0.0
1983-10-03,0.0
1983-10-04,0.0
1983-10-05,0.0
1983-10-06,0.0
1983-10-07,0.0
1983-10-08,0.0
1983-10-09,0.0
1983-10-10,0.0
1983-10-11,0.0
1983-10-12,0.0
1983-10-13,0.0
1983-10-14,0.0
1983-10-15,0.0
1983-10-16,11.83282470703125
1983-10-17,4.734873294830322
1983-10-18,0.0
1983-10-19,0.0
1983-10-20,2.492584705352783
1983-10-21,0.0
1983-10-22,0.0
1983-10-23,0.0
1983-10-24,19.49724769592285
1983-10-25,26.92473030090332
1983-10-26,23.0546932220459
1983-10-27,5.332268714904785
1983-10-28,3.29784631729126
1983-10-29,0.8730170726776123
1983-10-30,30.925291061401367
1983-10-31,8.398150444030762
1983-11-01,7.404390811920166
1983-11-02,0.2572217583656311
1983-11-03,29.52509307861328
1983-11-04,4.834782123565674
1983-11-05,0.5845949053764343
1983-11-06,0.4555598795413971
1983-11-07,0.8652004599571228
1983-11-08,0.0
1983-11-09,0.0
1983-11-10,0.0
1983-11-11,0.0
1983-11-12,0.0
1983-11-13,0.0
1983-11-14,0.0
1983-11-15,0.0
1983-11-16,0.0
1983-11-17,0.0
1983-11-18,0.0
1983-11-19,0.0
1983-11-20,0.0
1983-11-21,0.0
1983-11-22,0.0
1983-11-23,0.0
1983-11-24,0.0
1983-11-25,0.0
1983-11-26,0.0
1983-11-27,2.6796553134918213
1983-11-28,112.52779388427734
1983-11-29,7.900062561035156
1983-11-30,0.7567744851112366
1983-12-01,0.0
1983-12-02,1.571273684501648
1983-12-03,24.738561630249023
1983-12-04,14.185766220092772
1983-12-05,0.0
1983-12-06,0.0
1983-12-07,0.0
1983-12-08,0.0
1983-12-09,0.0
1983-12-10,0.0
1983-12-11,0.0
1983-12-12,24.736896514892575
1983-12-13,9.929208755493164
1983-12-14,4.7437424659729
1983-12-15,14.769657135009766
1983-12-16,7.795178413391113
1983-12-17,0.0
1983-12-18,0.0
1983-12-19,0.0
1983-12-20,0.0
1983-12-21,3.881070613861084
1983-12-22,56.36319351196289
1983-12-23,119.1905746459961
1983-12-24,16.254777908325195
1983-12-25,73.54177856445312
1983-12-26,23.63838768005371
1983-12-27,4.208443641662598
1983-12-28,16.459278106689453
1983-12-29,0.0
1983-12-30,0.0
1983-12-31,0.0
1984-01-01,0.0
1984-01-02,0.0
1984-01-03,0.0
1984-01-04,0.0
1984-01-05,0.0
1984-01-06,0.0
1984-01-07,0.0
1984-01-08,0.0
1984-01-09,0.0
1984-01-10,0.0
1984-01-11,0.0
1984-01-12,0.0
1984-01-13,0.0
1984-01-14,0.0
1984-01-15,2.0903196334838867
1984-01-16,0.2533382475376129
1984-01-17,0.0
1984-01-18,0.0
1984-01-19,0.4886995851993561
1984-01-20,0.0
1984-01-21,0.0
1984-01-22,0.0
1984-01-23,0.0
1984-01-24,0.0
1984-01-25,0.0
1984-01-26,0.0
1984-01-27,0.0
1984-01-28,0.0
1984-01-29,4.3399529457092285
1984-01-30,0.197040855884552
1984-01-31,0.0
1984-02-01,0.0
1984-02-02,0.0
1984-02-03,0.0
1984-02-04,0.0
1984-02-05,0.0
1984-02-06,48.97691345214844
1984-02-07,20.03133201599121
1984-02-08,1.4262880086898804
1984-02-09,0.0
1984-02-10,0.0
1984-02-11,0.0
1984-02-12,21.130693435668945
1984-02-13,25.28406524658203
1984-02-14,32.03984069824219
1984-02-15,3.5735738277435303
1984-02-16,37.54570770263672
1984-02-17,34.69206237792969
1984-02-18,0.0
1984-02-19,0.4886995851993561
1984-02-20,0.0
1984-02-21,0.0
1984-02-22,0.0
1984-02-23,0.0
1984-02-24,0.0
1984-02-25,0.0
1984-02-26,0.0
1984-02-27,0.0
1984-02-28,0.0
1984-02-29,0.0
1984-03-01,0.0
1984-03-02,0.0
1984-03-03,0.0
1984-03-04,4.3109636306762695
1984-03-05,16.994007110595703
1984-03-06,11.832486152648926
1984-03-07,5.637791633605957
1984-03-08,0.0
1984-03-09,0.0
1984-03-10,0.0
1984-03-11,0.0
1984-03-12,0.0
1984-03-13,0.0
1984-03-14,0.0
1984-03-15,0.0
1984-03-16,0.0
1984-03-17,0.0
1984-03-18,0.0
1984-03-19,0.0
1984-03-20,0.0
1984-03-21,0.0
1984-03-22,0.0
1984-03-23,0.0
1984-03-24,0.0
1984-03-25,0.0
1984-03-26,0.0
1984-03-27,0.0
1984-03-28,0.0
1984-03-29,0.0
1984-03-30,0.0
1984-03-31,0.0
1984-04-01,0.0
1984-04-02,0.0
1984-04-03,0.0
1984-04-04,0.0
1984-04-05,0.0
1984-04-06,0.0
1984-04-07,0.0
1984-04-08,0.0
1984-04-09,0.0
1984-04-10,0.0
1984-04-11,0.0
1984-04-12,0.0
1984-04-13,0.0
1984-04-14,0.98211932182312
1984-04-15,0.0
1984-04-16,0.0
1984-04-17,0.0
1984-04-18,0.0
1984-04-19,0.0
1984-04-20,0.0
1984-04-21,0.0
1984-04-22,0.0
1984-04-23,0.0
1984-04-24,0.0
1984-04-25,0.0
1984-04-26,0.0
1984-04-27,13.91586208343506
1984-04-28,0.0
1984-04-29,0.0
1984-04-30,0.0
1984-05-01,0.0
1984-05-02,0.0
1984-05-03,0.0
1984-05-04,0.0
1984-05-05,0.0
1984-05-06,0.0
1984-05-07,0.0
1984-05-08,0.0
1984-05-09,0.0
1984-05-10,0.0
1984-05-11,0.0
1984-05-12,0.0
1984-05-13,0.0
1984-05-14,0.0
1984-05-15,0.0
1984-05-16,0.0
1984-05-17,0.0
1984-05-18,0.0
1984-05-19,0.0
1984-05-20,0.0
1984-05-21,0.0
1984-05-22,0.0
1984-05-23,0.0
1984-05-24,0.0
1984-05-25,0.0
1984-05-26,0.0
1984-05-27,0.0
1984-05-28,0.0
1984-05-29,0.0
1984-05-30,0.0
1984-05-31,0.0
1984-06-01,0.0
1984-06-02,0.0
1984-06-03,0.0
1984-06-04,0.0
1984-06-05,0.0
1984-06-06,0.0
1984-06-07,0.0
1984-06-08,3.550640106201172
1984-06-09,0.0
1984-06-10,7.612357139587402
1984-06-11,3.468721628189087
1984-06-12,0.0
1984-06-13,0.0
1984-06-14,0.0
1984-06-15,0.0
1984-06-16,0.0
1984-06-17,0.914832592010498
1984-06-18,28.0443172454834
1984-06-19,0.0
1984-06-20,0.0
1984-06-21,0.0
1984-06-22,0.0
1984-06-23,10.73622989654541
1984-06-24,0.2104541659355163
1984-06-25,4.398295879364014
1984-06-26,0.0
1984-06-27,0.4886995851993561
1984-06-28,0.0
1984-06-29,0.0
1984-06-30,0.0
1984-07-01,0.0
1984-07-02,0.0
1984-07-03,1.482585310935974
1984-07-04,0.0
1984-07-05,0.0
1984-07-06,0.0
1984-07-07,6.284881591796875
1984-07-08,0.0
1984-07-09,12.057001113891602
1984-07-10,4.658772945404053
1984-07-11,4.849728584289551
1984-07-12,5.5734405517578125
1984-07-13,0.6781301498413086
1984-07-14,0.0
1984-07-15,0.0
1984-07-16,0.0
1984-07-17,0.0
1984-07-18,0.0
1984-07-19,0.0
1984-07-20,0.0
1984-07-21,34.48491668701172
1984-07-22,8.121658325195312
1984-07-23,61.40984725952149
1984-07-24,0.7726387977600098
1984-07-25,10.263212203979492
1984-07-26,15.565423965454102
1984-07-27,0.0
1984-07-28,25.7767276763916
1984-07-29,0.0
1984-07-30,0.0
1984-07-31,6.819424152374268
1984-08-01,0.0
1984-08-02,0.0
1984-08-03,0.0
1984-08-04,0.0
1984-08-05,1.778146743774414
1984-08-06,0.0
1984-08-07,0.0
1984-08-08,0.0
1984-08-09,0.0
1984-08-10,0.0
1984-08-11,0.0
1984-08-12,0.0
1984-08-13,0.0
1984-08-14,0.0
1984-08-15,0.0
1984-08-16,0.0
1984-08-17,0.0
1984-08-18,0.0
1984-08-19,0.0
1984-08-20,0.0
1984-08-21,0.0
1984-08-22,0.0
1984-08-23,1.4172286987304688
1984-08-24,2.418848991394043
1984-08-25,20.825910568237305
1984-08-26,44.20336532592773
1984-08-27,21.925743103027344
1984-08-28,0.0
1984-08-29,0.0
1984-08-30,9.255390167236328
1984-08-31,0.0
1984-09-01,0.0
1984-09-02,0.0
1984-09-03,0.0
1984-09-04,0.0
1984-09-05,0.0
1984-09-06,0.1632624268531799
1984-09-07,0.0
1984-09-08,15.618931770324709
1984-09-09,0.0
1984-09-10,0.0
1984-09-11,0.0
1984-09-12,0.0
1984-09-13,0.0
1984-09-14,0.0
1984-09-15,0.0
1984-09-16,0.0
1984-09-17,0.0
1984-09-18,68.39524841308594
1984-09-19,1.1066488027572632
1984-09-20,3.7859621047973633
1984-09-21,0.1870703697204589
1984-09-22,0.2338379621505737
1984-09-23,0.0
1984-09-24,0.0
1984-09-25,0.0
1984-09-26,0.0
1984-09-27,1.80151641368866
1984-09-28,6.89508056640625
1984-09-29,28.573902130126957
1984-09-30,88.39773559570312
1984-10-01,16.980255126953125
1984-10-02,9.017290115356444
1984-10-03,15.162260055541992
1984-10-04,4.844227313995361
1984-10-05,1.1402989625930786
1984-10-06,17.558378219604492
1984-10-07,30.20583915710449
1984-10-08,0.4886995851993561
1984-10-09,5.495514869689941
1984-10-10,0.0
1984-10-11,0.0
1984-10-12,0.0
1984-10-13,0.0
1984-10-14,0.0
1984-10-15,0.0
1984-10-16,0.0
1984-10-17,0.0
1984-10-18,0.0
1984-10-19,0.0
1984-10-20,0.0
1984-10-21,0.0
1984-10-22,0.0
1984-10-23,4.030275344848633
1984-10-24,0.0
1984-10-25,17.35710906982422
1984-10-26,2.1513092517852783
1984-10-27,5.101911067962647
1984-10-28,0.0
1984-10-29,0.0
1984-10-30,0.0
1984-10-31,0.0
1984-11-01,0.0
1984-11-02,0.7716652154922485
1984-11-03,0.7248976230621338
1984-11-04,17.749767303466797
1984-11-05,5.553377628326416
1984-11-06,6.932530879974365
1984-11-07,0.3089745938777923
1984-11-08,1.426411509513855
1984-11-09,1.0756546258926392
1984-11-10,2.0760974884033203
1984-11-11,12.35862922668457
1984-11-12,47.39351272583008
1984-11-13,25.55460548400879
1984-11-14,0.0
1984-11-15,1.6458040475845337
1984-11-16,4.523584365844727
1984-11-17,4.131087303161621
1984-11-18,0.0
1984-11-19,0.0
1984-11-20,0.0
1984-11-21,0.0
1984-11-22,0.0
1984-11-23,0.0
1984-11-24,0.0
1984-11-25,35.16509246826172
1984-11-26,0.5378273129463196
1984-11-27,0.0
1984-11-28,0.0
1984-11-29,0.0
1984-11-30,0.0
1984-12-01,8.96450424194336
1984-12-02,17.917343139648438
1984-12-03,0.0
1984-12-04,4.729269981384277
1984-12-05,0.0
1984-12-06,0.0
1984-12-07,0.0
1984-12-08,0.0
1984-12-09,0.0
1984-12-10,0.0
1984-12-11,0.0
1984-12-12,0.0
1984-12-13,0.0
1984-12-14,0.0
1984-12-15,0.0
1984-12-16,0.0
1984-12-17,0.0
1984-12-18,0.0
1984-12-19,0.0
1984-12-20,0.0
1984-12-21,3.0136473178863525
1984-12-22,0.0
1984-12-23,0.0
1984-12-24,0.0
1984-12-25,0.0
1984-12-26,0.0
1984-12-27,0.0
1984-12-28,0.1294839829206466
1984-12-29,0.0
1984-12-30,3.364056348800659
1984-12-31,17.80521011352539
1985-01-01,74.76136779785156
1985-01-02,31.571117401123047
1985-01-03,0.0
1985-01-04,47.51382446289063
1985-01-05,6.193440437316895
1985-01-06,0.0
1985-01-07,0.0
1985-01-08,0.0
1985-01-09,0.0
1985-01-10,0.0
1985-01-11,0.0
1985-01-12,0.0
1985-01-13,0.0
1985-01-14,0.0
1985-01-15,0.0
1985-01-16,0.0
1985-01-17,0.0
1985-01-18,0.0
1985-01-19,0.0
1985-01-20,0.0
1985-01-21,0.0
1985-01-22,0.0
1985-01-23,0.0
1985-01-24,0.0
1985-01-25,0.0
1985-01-26,0.0
1985-01-27,0.0
1985-01-28,0.0
1985-01-29,0.0
1985-01-30,0.0
1985-01-31,0.0
1985-02-01,0.0
1985-02-02,0.0
1985-02-03,0.0
1985-02-04,0.0
1985-02-05,0.0
1985-02-06,0.0
1985-02-07,0.0
1985-02-08,0.0
1985-02-09,0.0
1985-02-10,0.0
1985-02-11,0.0
1985-02-12,0.0
1985-02-13,0.0
1985-02-14,0.0
1985-02-15,0.0
1985-02-16,0.0
1985-02-17,0.0
1985-02-18,0.0
1985-02-19,0.0
1985-02-20,0.0
1985-02-21,0.0
1985-02-22,0.0
1985-02-23,0.0
1985-02-24,0.0
1985-02-25,0.0
1985-02-26,0.0
1985-02-27,0.0
1985-02-28,0.0
1985-03-01,0.0
1985-03-02,0.0
1985-03-03,0.0
1985-03-04,0.0
1985-03-05,0.0
1985-03-06,0.0
1985-03-07,0.0
1985-03-08,0.0
1985-03-09,0.0
1985-03-10,0.0
1985-03-11,0.0
1985-03-12,0.0
1985-03-13,0.0
1985-03-14,0.0
1985-03-15,0.0
1985-03-16,0.0
1985-03-17,0.0
1985-03-18,0.0
1985-03-19,0.0
1985-03-20,0.0
1985-03-21,0.0
1985-03-22,0.0
1985-03-23,0.0
1985-03-24,0.0
1985-03-25,0.0
1985-03-26,0.0
1985-03-27,0.0
1985-03-28,0.0
1985-03-29,0.0
1985-03-30,0.0
1985-03-31,0.0
1985-04-01,10.497406005859377
1985-04-02,0.0
1985-04-03,0.0
1985-04-04,0.0
1985-04-05,0.0
1985-04-06,0.0
1985-04-07,0.0
1985-04-08,0.0
1985-04-09,0.0
1985-04-10,0.0
1985-04-11,0.0
1985-04-12,0.0
1985-04-13,0.0
1985-04-14,0.0
1985-04-15,0.0
1985-04-16,0.0
1985-04-17,0.0
1985-04-18,0.0
1985-04-19,0.0
1985-04-20,0.0
1985-04-21,0.0
1985-04-22,0.0
1985-04-23,0.0
1985-04-24,0.0
1985-04-25,0.0
1985-04-26,0.0
1985-04-27,0.0
1985-04-28,0.0
1985-04-29,0.0
1985-04-30,0.0
1985-05-01,0.0
1985-05-02,0.0
1985-05-03,0.0
1985-05-04,0.0
1985-05-05,0.0
1985-05-06,0.0
1985-05-07,0.0
1985-05-08,0.0
1985-05-09,0.0
1985-05-10,0.0
1985-05-11,0.0
1985-05-12,0.0
1985-05-13,0.0
1985-05-14,0.0
1985-05-15,0.0
1985-05-16,0.0
1985-05-17,0.0
1985-05-18,0.0
1985-05-19,0.0
1985-05-20,0.0
1985-05-21,0.0
1985-05-22,0.0
1985-05-23,0.0
1985-05-24,2.566808223724365
1985-05-25,0.0
1985-05-26,0.0
1985-05-27,0.0
1985-05-28,0.0
1985-05-29,0.0
1985-05-30,5.308358192443848
1985-05-31,0.0
1985-06-01,0.0
1985-06-02,3.095097303390503
1985-06-03,7.333883285522461
1985-06-04,26.35102844238281
1985-06-05,51.8707160949707
1985-06-06,5.639717102050781
1985-06-07,7.961730480194092
1985-06-08,0.0
1985-06-09,0.0
1985-06-10,0.0
1985-06-11,4.152194976806641
1985-06-12,0.0
1985-06-13,0.0
1985-06-14,0.0
1985-06-15,0.5701494812965393
1985-06-16,0.0
1985-06-17,0.0
1985-06-18,0.0
1985-06-19,0.0
1985-06-20,0.0
1985-06-21,0.0
1985-06-22,0.0
1985-06-23,0.0
1985-06-24,41.33171844482422
1985-06-25,0.0
1985-06-26,0.0
1985-06-27,0.0
1985-06-28,3.488311052322388
1985-06-29,1.634990930557251
1985-06-30,0.1628998517990112
1985-07-01,0.0
1985-07-02,0.0
1985-07-03,0.0
1985-07-04,0.0
1985-07-05,0.0
1985-07-06,0.0
1985-07-07,0.0
1985-07-08,3.739259958267212
1985-07-09,15.540603637695312
1985-07-10,0.0
1985-07-11,0.0
1985-07-12,2.711533069610596
1985-07-13,0.0
1985-07-14,0.7330493927001953
1985-07-15,0.0
1985-07-16,0.2338379621505737
1985-07-17,3.6449031829833984
1985-07-18,0.5590713024139404
1985-07-19,14.224855422973633
1985-07-20,33.85790252685547
1985-07-21,24.20669937133789
1985-07-22,11.059788703918455
1985-07-23,0.0
1985-07-24,17.44142723083496
1985-07-25,3.3994922637939453
1985-07-26,1.0427894592285156
1985-07-27,1.7582056522369385
1985-07-28,0.0
1985-07-29,8.873617172241211
1985-07-30,0.0
1985-07-31,0.0
1985-08-01,0.1169189810752868
1985-08-02,0.0
1985-08-03,0.0
1985-08-04,0.0
1985-08-05,2.0760974884033203
1985-08-06,0.3228285908699035
1985-08-07,14.721144676208496
1985-08-08,1.2861087322235107
1985-08-09,0.0
1985-08-10,7.569012641906738
1985-08-11,0.0
1985-08-12,0.6435174345970154
1985-08-13,0.0
1985-08-14,0.197040855884552
1985-08-15,15.51741886138916
1985-08-16,0.0
1985-08-17,0.3509772717952728
1985-08-18,0.0
1985-08-19,5.9303412437438965
1985-08-20,0.0
1985-08-21,16.793481826782227
1985-08-22,28.423419952392575
1985-08-23,0.6755686402320862
1985-08-24,41.18292236328125
1985-08-25,13.14256763458252
1985-08-26,0.2104541659355163
1985-08-27,0.0
1985-08-28,0.0
1985-08-29,2.7592878341674805
1985-08-30,0.0
1985-08-31,3.36522912979126
1985-09-01,0.0
1985-09-02,0.0
1985-09-03,0.0
1985-09-04,2.7692973613739014
1985-09-05,5.52509880065918
1985-09-06,0.0
1985-09-07,10.5164213180542
1985-09-08,2.0760974884033203
1985-09-09,4.617114067077637
1985-09-10,3.9115757942199703
1985-09-11,77.0151596069336
1985-09-12,0.0
1985-09-13,0.0
1985-09-14,0.0
1985-09-15,0.0
1985-09-16,0.0
1985-09-17,0.0
1985-09-18,0.0
1985-09-19,53.201698303222656
1985-09-20,9.560397148132324
1985-09-21,0.0
1985-09-22,0.0
1985-09-23,0.3884519636631012
1985-09-24,0.0
1985-09-25,5.716643333435059
1985-09-26,31.08811378479004
1985-09-27,12.524940490722656
1985-09-28,0.0
1985-09-29,0.0
1985-09-30,7.758495807647705
1985-10-01,64.4078140258789
1985-10-02,4.222566604614258
1985-10-03,1.7218493223190308
1985-10-04,0.0
1985-10-05,9.220137596130373
1985-10-06,2.3632540702819824
1985-10-07,48.75975036621094
1985-10-08,3.701562404632568
1985-10-09,0.0
1985-10-10,1.9547983407974243
1985-10-11,0.0
1985-10-12,0.0
1985-10-13,0.0
1985-10-14,0.0
1985-10-15,0.0
1985-10-16,0.2533382475376129
1985-10-17,0.0
1985-10-18,0.0
1985-10-19,0.0
1985-10-20,0.0
1985-10-21,0.0
1985-10-22,0.0
1985-10-23,0.0
1985-10-24,0.0
1985-10-25,13.0118989944458
1985-10-26,14.394728660583496
1985-10-27,0.0
1985-10-28,0.0
1985-10-29,0.0
1985-10-30,0.0
1985-10-31,15.253108024597168
1985-11-01,0.0
1985-11-02,0.0
1985-11-03,32.860103607177734
1985-11-04,13.70002269744873
1985-11-05,8.332267761230469
1985-11-06,2.1000454425811768
1985-11-07,53.09521865844727
1985-11-08,35.75894546508789
1985-11-09,37.242000579833984
1985-11-10,49.73220443725586
1985-11-11,140.1507568359375
1985-11-12,50.56716537475586
1985-11-13,45.88036346435547
1985-11-14,0.0
1985-11-15,0.0
1985-11-16,0.0
1985-11-17,0.0
1985-11-18,0.0
1985-11-19,0.0
1985-11-20,0.0
1985-11-21,0.0
1985-11-22,0.0
1985-11-23,0.0
1985-11-24,0.0
1985-11-25,0.0
1985-11-26,0.0
1985-11-27,0.0
1985-11-28,0.0
1985-11-29,0.0
1985-11-30,0.0
1985-12-01,6.84736967086792
1985-12-02,55.15039443969727
1985-12-03,16.41513442993164
1985-12-04,0.4614798426628113
1985-12-05,0.0
1985-12-06,0.0
1985-12-07,0.0
1985-12-08,0.0
1985-12-09,0.0
1985-12-10,0.0
1985-12-11,0.0
1985-12-12,0.0
1985-12-13,0.0
1985-12-14,0.0
1985-12-15,0.0
1985-12-16,0.2223746925592422
1985-12-17,0.0
1985-12-18,0.2338379621505737
1985-12-19,0.0
1985-12-20,0.0
1985-12-21,0.0
1985-12-22,0.0
1985-12-23,0.0
1985-12-24,0.0
1985-12-25,0.0
1985-12-26,0.0
1985-12-27,0.0
1985-12-28,0.0
1985-12-29,0.0
1985-12-30,0.0
1985-12-31,0.0
1986-01-01,0.0
1986-01-02,0.0
1986-01-03,0.0
1986-01-04,0.0
1986-01-05,0.0
1986-01-06,0.0
1986-01-07,0.0
1986-01-08,0.0
1986-01-09,0.0
1986-01-10,0.0
1986-01-11,0.0
1986-01-12,41.66594314575195
1986-01-13,8.491808891296387
1986-01-14,24.38676643371582
1986-01-15,3.121096134185791
1986-01-16,1.7116137742996216
1986-01-17,0.0
1986-01-18,0.0
1986-01-19,0.0
1986-01-20,0.0
1986-01-21,0.0
1986-01-22,0.0
1986-01-23,0.0
1986-01-24,0.0
1986-01-25,0.0
1986-01-26,0.0
1986-01-27,0.0
1986-01-28,0.0
1986-01-29,11.06759548187256
1986-01-30,0.0
1986-01-31,0.0
1986-02-01,0.0
1986-02-02,0.0
1986-02-03,0.0
1986-02-04,0.0
1986-02-05,0.0
1986-02-06,0.0
1986-02-07,0.0
1986-02-08,0.0
1986-02-09,0.0
1986-02-10,0.0
1986-02-11,0.3039893507957458
1986-02-12,0.0
1986-02-13,0.0
1986-02-14,0.0
1986-02-15,0.0
1986-02-16,6.485514163970947
1986-02-17,2.7592878341674805
1986-02-18,0.5207508206367493
1986-02-19,0.6881005167961121
1986-02-20,0.0
1986-02-21,0.0
1986-02-22,0.0
1986-02-23,0.0
1986-02-24,0.0
1986-02-25,2.1176981925964355
1986-02-26,0.1169189810752868
1986-02-27,0.0
1986-02-28,0.0
1986-03-01,0.0
1986-03-02,0.0
1986-03-03,0.0
1986-03-04,0.0
1986-03-05,0.0
1986-03-06,0.0
1986-03-07,0.0
1986-03-08,0.0
1986-03-09,0.0
1986-03-10,0.3763462901115417
1986-03-11,17.54914093017578
1986-03-12,0.0
1986-03-13,0.0
1986-03-14,0.0
1986-03-15,0.0
1986-03-16,0.0
1986-03-17,0.0
1986-03-18,0.0
1986-03-19,0.0
1986-03-20,0.0
1986-03-21,0.0
1986-03-22,0.0
1986-03-23,0.0
1986-03-24,0.0
1986-03-25,0.0
1986-03-26,0.0
1986-03-27,0.0
1986-03-28,0.0
1986-03-29,0.0
1986-03-30,0.0
1986-03-31,0.0
1986-04-01,0.0
1986-04-02,0.0
1986-04-03,0.0
1986-04-04,0.0
1986-04-05,0.0
1986-04-06,0.0
1986-04-07,0.0
1986-04-08,0.0
1986-04-09,0.0
1986-04-10,0.0
1986-04-11,0.0
1986-04-12,0.0
1986-04-13,0.0
1986-04-14,0.0
1986-04-15,0.0
1986-04-16,0.0
1986-04-17,0.0
1986-04-18,0.0
1986-04-19,0.0
1986-04-20,0.0
1986-04-21,0.0
1986-04-22,0.0
1986-04-23,0.0
1986-04-24,0.0
1986-04-25,0.0
1986-04-26,0.0
1986-04-27,0.0
1986-04-28,0.0
1986-04-29,0.0
1986-04-30,0.0
1986-05-01,0.0
1986-05-02,0.0
1986-05-03,0.0
1986-05-04,0.0
1986-05-05,0.0
1986-05-06,0.0
1986-05-07,0.0
1986-05-08,0.0
1986-05-09,0.0
1986-05-10,0.0
1986-05-11,0.0
1986-05-12,0.3377843201160431
1986-05-13,0.0
1986-05-14,0.0
1986-05-15,0.0
1986-05-16,0.0
1986-05-17,0.0
1986-05-18,0.0
1986-05-19,0.0
1986-05-20,0.0
1986-05-21,0.0
1986-05-22,0.0
1986-05-23,0.0
1986-05-24,0.0
1986-05-25,2.3617634773254395
1986-05-26,0.0
1986-05-27,0.0
1986-05-28,0.0
1986-05-29,0.0
1986-05-30,0.8959491848945618
1986-05-31,12.526955604553224
1986-06-01,0.2263526916503906
1986-06-02,0.0
1986-06-03,0.0
1986-06-04,0.0
1986-06-05,0.3966776728630066
1986-06-06,0.0
1986-06-07,0.0
1986-06-08,0.0
1986-06-09,0.0
1986-06-10,0.0
1986-06-11,0.0
1986-06-12,0.0
1986-06-13,0.0
1986-06-14,0.1667710691690445
1986-06-15,0.1524902284145355
1986-06-16,17.606199264526367
1986-06-17,0.100062645971775
1986-06-18,0.0
1986-06-19,0.0
1986-06-20,0.0
1986-06-21,0.0
1986-06-22,1.5985536575317385
1986-06-23,1.242453932762146
1986-06-24,0.0
1986-06-25,0.0
1986-06-26,0.0
1986-06-27,0.0
1986-06-28,0.0
1986-06-29,0.0
1986-06-30,4.576632022857666
1986-07-01,0.0
1986-07-02,0.0
1986-07-03,0.0
1986-07-04,0.0
1986-07-05,11.947196006774902
1986-07-06,0.0
1986-07-07,0.0
1986-07-08,0.0
1986-07-09,0.0
1986-07-10,0.0
1986-07-11,0.0
1986-07-12,0.0
1986-07-13,0.0
1986-07-14,0.0
1986-07-15,1.4432615041732788
1986-07-16,0.6909446716308594
1986-07-17,0.0
1986-07-18,0.0
1986-07-19,0.0
1986-07-20,0.0
1986-07-21,0.0
1986-07-22,0.0
1986-07-23,0.0
1986-07-24,0.1331274360418319
1986-07-25,0.0
1986-07-26,0.0
1986-07-27,0.0
1986-07-28,0.0
1986-07-29,0.4310792982578277
1986-07-30,0.0
1986-07-31,12.514567375183104
1986-08-01,24.42382431030273
1986-08-02,61.999473571777344
1986-08-03,4.856078624725342
1986-08-04,0.4788755774497986
1986-08-05,0.1501075774431228
1986-08-06,0.70639568567276
1986-08-07,0.0
1986-08-08,0.0
1986-08-09,0.3853659331798553
1986-08-10,0.0
1986-08-11,0.0
1986-08-12,0.0
1986-08-13,0.0
1986-08-14,0.0
1986-08-15,0.0
1986-08-16,0.0
1986-08-17,0.0
1986-08-18,0.0
1986-08-19,0.0
1986-08-20,0.0
1986-08-21,0.0
1986-08-22,0.0
1986-08-23,0.0
1986-08-24,0.0
1986-08-25,2.157271146774292
1986-08-26,24.92476272583008
1986-08-27,19.097620010375977
1986-08-28,38.0916748046875
1986-08-29,0.6003758907318115
1986-08-30,0.0
1986-08-31,0.5208030939102173
1986-09-01,0.0
1986-09-02,0.0
1986-09-03,0.0
1986-09-04,0.4526902437210083
1986-09-05,9.911175727844238
1986-09-06,0.285919189453125
1986-09-07,0.0
1986-09-08,0.0
1986-09-09,0.0
1986-09-10,0.3192529678344726
1986-09-11,0.0
1986-09-12,0.0
1986-09-13,1.5342938899993896
1986-09-14,4.9315266609191895
1986-09-15,0.0
1986-09-16,1.5485899448394775
1986-09-17,0.1667710691690445
1986-09-18,0.0
1986-09-19,0.0
1986-09-20,0.0
1986-09-21,0.6575566530227661
1986-09-22,0.0
1986-09-23,0.6831670999526978
1986-09-24,8.792044639587402
1986-09-25,6.581489086151123
1986-09-26,0.0
1986-09-27,12.060698509216309
1986-09-28,0.0
1986-09-29,0.0
1986-09-30,13.376903533935549
1986-10-01,0.1352782696485519
1986-10-02,0.0
1986-10-03,0.4245605766773224
1986-10-04,11.741765975952148
1986-10-05,13.207601547241213
1986-10-06,0.3969922065734863
1986-10-07,0.0
1986-10-08,0.3855097889900207
1986-10-09,6.201998233795166
1986-10-10,4.694888114929199
1986-10-11,0.0
1986-10-12,0.0
1986-10-13,17.65518569946289
1986-10-14,0.0
1986-10-15,0.0
1986-10-16,0.0
1986-10-17,0.0
1986-10-18,0.0
1986-10-19,0.0
1986-10-20,18.14907455444336
1986-10-21,0.0
1986-10-22,0.0
1986-10-23,2.151139736175537
1986-10-24,0.0
1986-10-25,0.0
1986-10-26,17.459413528442383
1986-10-27,26.49043273925781
1986-10-28,14.982848167419434
1986-10-29,9.78671169281006
1986-10-30,5.09462833404541
1986-10-31,18.109731674194336
1986-11-01,19.722034454345703
1986-11-02,0.0
1986-11-03,1.852514147758484
1986-11-04,0.1101456582546234
1986-11-05,8.38473129272461
1986-11-06,76.20343017578125
1986-11-07,5.4107279777526855
1986-11-08,4.433761596679688
1986-11-09,0.0
1986-11-10,0.0
1986-11-11,10.84871768951416
1986-11-12,0.0
1986-11-13,0.0
1986-11-14,0.0
1986-11-15,0.0
1986-11-16,0.0
1986-11-17,0.0
1986-11-18,0.0
1986-11-19,0.0
1986-11-20,0.0
1986-11-21,0.0
1986-11-22,0.0
1986-11-23,0.0
1986-11-24,4.76576042175293
1986-11-25,1.1981788873672483
1986-11-26,0.0
1986-11-27,8.764232635498047
1986-11-28,15.35983943939209
1986-11-29,44.58433151245117
1986-11-30,12.22945499420166
1986-12-01,7.971588134765625
1986-12-02,36.74519729614258
1986-12-03,14.945232391357422
1986-12-04,0.0
1986-12-05,0.1441392004489898
1986-12-06,0.1786994934082031
1986-12-07,0.0
1986-12-08,3.925304412841797
1986-12-09,0.0
1986-12-10,0.0
1986-12-11,0.8523595333099365
1986-12-12,1.605701565742493
1986-12-13,0.0
1986-12-14,0.0
1986-12-15,0.0
1986-12-16,0.0
1986-12-17,0.0
1986-12-18,0.0
1986-12-19,0.0
1986-12-20,0.0
1986-12-21,0.7052047848701477
1986-12-22,16.25960922241211
1986-12-23,0.0
1986-12-24,0.0
1986-12-25,0.0
1986-12-26,2.5403192043304443
1986-12-27,0.909558892250061
1986-12-28,0.9017311334609984
1986-12-29,0.0
1986-12-30,0.0
1986-12-31,0.0
1987-01-01,0.0
1987-01-02,0.0
1987-01-03,0.0
1987-01-04,0.0
1987-01-05,0.0
1987-01-06,0.0
1987-01-07,0.0
1987-01-08,0.0
1987-01-09,0.0
1987-01-10,0.0
1987-01-11,0.0
1987-01-12,0.0
1987-01-13,3.304050207138061
1987-01-14,4.687398910522461
1987-01-15,2.2803189754486084
1987-01-16,0.0
1987-01-17,0.0
1987-01-18,0.0
1987-01-19,0.0
1987-01-20,0.0
1987-01-21,0.0
1987-01-22,0.0
1987-01-23,0.0
1987-01-24,0.0
1987-01-25,0.0
1987-01-26,0.0
1987-01-27,0.0
1987-01-28,0.0
1987-01-29,0.0
1987-01-30,0.0
1987-01-31,0.0
1987-02-01,0.0
1987-02-02,0.0
1987-02-03,0.0
1987-02-04,0.0
1987-02-05,0.0
1987-02-06,0.0
1987-02-07,0.0
1987-02-08,0.0
1987-02-09,0.0
1987-02-10,0.0
1987-02-11,0.0
1987-02-12,0.0
1987-02-13,0.0
1987-02-14,0.0
1987-02-15,0.0
1987-02-16,0.0
1987-02-17,0.0
1987-02-18,0.0
1987-02-19,0.0
1987-02-20,0.0
1987-02-21,0.0
1987-02-22,0.0
1987-02-23,0.0
1987-02-24,0.0
1987-02-25,0.0
1987-02-26,0.0
1987-02-27,0.0
1987-02-28,0.0
1987-03-01,0.0
1987-03-02,0.0
1987-03-03,0.0
1987-03-04,0.0
1987-03-05,0.0
1987-03-06,0.0
1987-03-07,0.0
1987-03-08,0.0
1987-03-09,0.0
1987-03-10,0.0
1987-03-11,0.0
1987-03-12,15.637809753417969
1987-03-13,0.0
1987-03-14,0.0
1987-03-15,0.0
1987-03-16,0.0
1987-03-17,0.0
1987-03-18,0.0
1987-03-19,0.0
1987-03-20,0.0
1987-03-21,0.0
1987-03-22,0.0
1987-03-23,0.0
1987-03-24,0.0
1987-03-25,0.0
1987-03-26,0.0
1987-03-27,0.0
1987-03-28,0.0
1987-03-29,0.0
1987-03-30,0.0
1987-03-31,0.0
1987-04-01,0.0
1987-04-02,0.0
1987-04-03,0.0
1987-04-04,0.0
1987-04-05,0.0
1987-04-06,0.0
1987-04-07,0.0
1987-04-08,0.0
1987-04-09,0.0
1987-04-10,0.0
1987-04-11,0.0
1987-04-12,0.0
1987-04-13,0.0
1987-04-14,0.0
1987-04-15,0.0
1987-04-16,0.0
1987-04-17,0.0
1987-04-18,0.0
1987-04-19,0.0
1987-04-20,0.0
1987-04-21,0.0
1987-04-22,0.0
1987-04-23,0.0
1987-04-24,0.0
1987-04-25,0.0
1987-04-26,0.0
1987-04-27,0.0
1987-04-28,3.345367431640625
1987-04-29,0.0
1987-04-30,0.0
1987-05-01,0.0
1987-05-02,0.0
1987-05-03,0.0
1987-05-04,0.0
1987-05-05,0.0
1987-05-06,0.0
1987-05-07,0.0
1987-05-08,0.0
1987-05-09,0.0
1987-05-10,0.0
1987-05-11,0.0
1987-05-12,0.0
1987-05-13,0.0
1987-05-14,0.0
1987-05-15,4.2128071784973145
1987-05-16,0.0
1987-05-17,0.0
1987-05-18,0.0
1987-05-19,0.0
1987-05-20,0.0
1987-05-21,0.0
1987-05-22,0.0
1987-05-23,0.0
1987-05-24,0.0
1987-05-25,0.0
1987-05-26,0.0
1987-05-27,0.0
1987-05-28,0.0
1987-05-29,0.0
1987-05-30,0.0
1987-05-31,0.0
1987-06-01,0.0
1987-06-02,1.4205282926559448
1987-06-03,1.5206063985824585
1987-06-04,0.0
1987-06-05,0.0
1987-06-06,0.0
1987-06-07,2.548971176147461
1987-06-08,0.0
1987-06-09,0.783460795879364
1987-06-10,0.1254591345787048
1987-06-11,0.1195782348513603
1987-06-12,18.697254180908203
1987-06-13,0.0
1987-06-14,0.0
1987-06-15,0.0
1987-06-16,0.0
1987-06-17,0.0
1987-06-18,0.0
1987-06-19,0.0
1987-06-20,0.0
1987-06-21,0.0
1987-06-22,3.9774789810180655
1987-06-23,0.0
1987-06-24,1.4896929264068604
1987-06-25,0.0
1987-06-26,3.956510066986084
1987-06-27,0.4496820569038391
1987-06-28,49.66086196899414
1987-06-29,25.51595115661621
1987-06-30,0.0
1987-07-01,0.0
1987-07-02,0.0
1987-07-03,0.0
1987-07-04,0.0
1987-07-05,0.0
1987-07-06,0.0
1987-07-07,0.0
1987-07-08,0.0
1987-07-09,0.0
1987-07-10,0.0
1987-07-11,0.0
1987-07-12,0.0
1987-07-13,0.0
1987-07-14,0.0
1987-07-15,0.0
1987-07-16,0.0
1987-07-17,0.0
1987-07-18,0.0
1987-07-19,0.0
1987-07-20,0.0
1987-07-21,0.0
1987-07-22,0.0
1987-07-23,0.0
1987-07-24,0.0
1987-07-25,0.0
1987-07-26,0.0
1987-07-27,0.0
1987-07-28,0.0
1987-07-29,0.0
1987-07-30,0.0
1987-07-31,0.0
1987-08-01,0.0
1987-08-02,0.0
1987-08-03,0.0
1987-08-04,3.133843183517456
1987-08-05,53.64801025390625
1987-08-06,3.093520164489746
1987-08-07,0.0
1987-08-08,0.0
1987-08-09,0.0
1987-08-10,0.0
1987-08-11,0.0
1987-08-12,22.54256629943848
1987-08-13,12.98296070098877
1987-08-14,0.7742484211921692
1987-08-15,0.0
1987-08-16,0.0
1987-08-17,0.0
1987-08-18,397.2960815429688
1987-08-19,0.0
1987-08-20,0.0
1987-08-21,4.19706916809082
1987-08-22,1.2080423831939695
1987-08-23,0.0
1987-08-24,0.0
1987-08-25,0.0
1987-08-26,0.0
1987-08-27,2.774160623550415
1987-08-28,0.9879011511802672
1987-08-29,0.0
1987-08-30,0.0
1987-08-31,7.86793327331543
1987-09-01,0.274416983127594
1987-09-02,0.0
1987-09-03,0.0
1987-09-04,1.136422634124756
1987-09-05,0.0
1987-09-06,21.74395751953125
1987-09-07,78.74498748779297
1987-09-08,0.0
1987-09-09,0.0
1987-09-10,0.0
1987-09-11,0.0
1987-09-12,22.714656829833984
1987-09-13,9.420351028442385
1987-09-14,6.302362442016602
1987-09-15,0.274416983127594
1987-09-16,0.0
1987-09-17,0.7573909163475037
1987-09-18,0.0
1987-09-19,0.0
1987-09-20,0.0
1987-09-21,0.0
1987-09-22,23.222017288208008
1987-09-23,0.6292112469673157
1987-09-24,0.0
1987-09-25,0.0
1987-09-26,0.0
1987-09-27,0.0
1987-09-28,0.0
1987-09-29,0.0
1987-09-30,3.124526262283325
1987-10-01,1.0810248851776123
1987-10-02,7.2766265869140625
1987-10-03,4.994805812835693
1987-10-04,0.0
1987-10-05,1.8961769342422483
1987-10-06,2.451995372772217
1987-10-07,0.8592789173126221
1987-10-08,2.5963659286499023
1987-10-09,0.0
1987-10-10,0.2244385033845901
1987-10-11,0.0
1987-10-12,0.7053781747817993
1987-10-13,0.0
1987-10-14,0.0
1987-10-15,2.822445869445801
1987-10-16,0.4648610353469848
1987-10-17,0.0
1987-10-18,1.2825058698654177
1987-10-19,0.0
1987-10-20,20.07118797302246
1987-10-21,16.772981643676758
1987-10-22,8.447607040405273
1987-10-23,2.542810201644897
1987-10-24,3.8142149448394775
1987-10-25,46.86035919189453
1987-10-26,1.036397099494934
1987-10-27,0.3371707797050476
1987-10-28,2.694192409515381
1987-10-29,9.54350757598877
1987-10-30,7.191813945770264
1987-10-31,29.8513240814209
1987-11-01,0.0
1987-11-02,0.8093795776367188
1987-11-03,1.4338524341583252
1987-11-04,5.913533687591553
1987-11-05,16.048664093017578
1987-11-06,49.00111389160156
1987-11-07,7.883297920227051
1987-11-08,76.52721405029297
1987-11-09,0.4375680685043335
1987-11-10,0.0
1987-11-11,1.5516605377197266
1987-11-12,5.710318088531494
1987-11-13,0.0
1987-11-14,0.0
1987-11-15,0.0
1987-11-16,0.0
1987-11-17,0.0
1987-11-18,1.35391366481781
1987-11-19,1.1289191246032717
1987-11-20,0.0
1987-11-21,0.0
1987-11-22,0.0
1987-11-23,3.117891311645508
1987-11-24,4.108865261077881
1987-11-25,0.0
1987-11-26,0.0
1987-11-27,0.0
1987-11-28,0.0
1987-11-29,0.0
1987-11-30,0.0
1987-12-01,0.0
1987-12-02,0.0
1987-12-03,0.0
1987-12-04,5.504303932189941
1987-12-05,64.9395523071289
1987-12-06,64.20761108398438
1987-12-07,44.62779235839844
1987-12-08,6.415307521820068
1987-12-09,4.492311954498291
1987-12-10,2.819011926651001
1987-12-11,6.734753131866455
1987-12-12,3.522587299346924
1987-12-13,4.547159194946289
1987-12-14,0.0
1987-12-15,0.0
1987-12-16,1.8167943954467771
1987-12-17,0.0
1987-12-18,0.0
1987-12-19,0.0
1987-12-20,0.0
1987-12-21,0.0
1987-12-22,3.081398725509644
1987-12-23,25.381242752075195
1987-12-24,13.395087242126465
1987-12-25,4.017831802368164
1987-12-26,0.7206407785415649
1987-12-27,0.4528883099555969
1987-12-28,0.0
1987-12-29,0.0
1987-12-30,0.0
1987-12-31,0.0
1988-01-01,0.0
1988-01-02,0.0
1988-01-03,0.0
1988-01-04,0.0
1988-01-05,0.0
1988-01-06,0.0
1988-01-07,0.0
1988-01-08,0.0
1988-01-09,0.0
1988-01-10,0.0
1988-01-11,0.0
1988-01-12,0.0
1988-01-13,0.0
1988-01-14,0.0
1988-01-15,0.0
1988-01-16,2.7592878341674805
1988-01-17,0.0
1988-01-18,0.0
1988-01-19,0.0
1988-01-20,0.0
1988-01-21,0.0
1988-01-22,0.0
1988-01-23,0.0
1988-01-24,0.0
1988-01-25,0.0
1988-01-26,0.0
1988-01-27,0.0
1988-01-28,0.0
1988-01-29,0.0
1988-01-30,0.0
1988-01-31,0.0
1988-02-01,0.0
1988-02-02,0.0
1988-02-03,0.0
1988-02-04,0.0
1988-02-05,0.0
1988-02-06,0.0
1988-02-07,0.0
1988-02-08,0.0
1988-02-09,0.0
1988-02-10,0.0
1988-02-11,0.0
1988-02-12,0.0
1988-02-13,0.0
1988-02-14,0.0
1988-02-15,0.0
1988-02-16,0.0
1988-02-17,0.0
1988-02-18,0.0
1988-02-19,0.0
1988-02-20,0.0
1988-02-21,0.0
1988-02-22,0.0
1988-02-23,0.0
1988-02-24,0.0
1988-02-25,0.0
1988-02-26,0.0
1988-02-27,0.0
1988-02-28,0.0
1988-02-29,0.0
1988-03-01,0.0
1988-03-02,0.0
1988-03-03,0.0
1988-03-04,0.0
1988-03-05,0.0
1988-03-06,0.0
1988-03-07,0.0
1988-03-08,0.0
1988-03-09,0.0
1988-03-10,0.0
1988-03-11,0.0
1988-03-12,0.0
1988-03-13,0.0
1988-03-14,0.0
1988-03-15,0.0
1988-03-16,0.0
1988-03-17,0.0
1988-03-18,0.0
1988-03-19,0.0
1988-03-20,0.0
1988-03-21,0.0
1988-03-22,0.0
1988-03-23,0.0
1988-03-24,0.0
1988-03-25,0.0
1988-03-26,0.0
1988-03-27,0.0
1988-03-28,0.7482814788818359
1988-03-29,0.0
1988-03-30,0.0
1988-03-31,0.0
1988-04-01,0.0
1988-04-02,0.0
1988-04-03,0.0
1988-04-04,0.0
1988-04-05,0.0
1988-04-06,0.0
1988-04-07,0.0
1988-04-08,0.0
1988-04-09,0.0
1988-04-10,0.0
1988-04-11,0.0
1988-04-12,0.0
1988-04-13,0.0
1988-04-14,0.0
1988-04-15,0.0
1988-04-16,0.0
1988-04-17,0.0
1988-04-18,0.0
1988-04-19,0.0
1988-04-20,0.0
1988-04-21,0.0
1988-04-22,4.662568092346191
1988-04-23,0.0
1988-04-24,0.0
1988-04-25,5.029342174530029
1988-04-26,0.0
1988-04-27,0.0
1988-04-28,0.0
1988-04-29,0.0
1988-04-30,15.089868545532228
1988-05-01,0.0
1988-05-02,0.0
1988-05-03,0.0
1988-05-04,49.67023468017578
1988-05-05,0.0
1988-05-06,0.0
1988-05-07,0.0
1988-05-08,0.0
1988-05-09,0.0
1988-05-10,0.0
1988-05-11,0.0
1988-05-12,0.0
1988-05-13,0.0
1988-05-14,0.0
1988-05-15,0.0
1988-05-16,1.524571657180786
1988-05-17,0.0
1988-05-18,0.0
1988-05-19,0.0
1988-05-20,0.0
1988-05-21,0.0
1988-05-22,0.0
1988-05-23,0.0
1988-05-24,0.1407435089349746
1988-05-25,0.0
1988-05-26,0.0
1988-05-27,0.0
1988-05-28,0.0
1988-05-29,0.0
1988-05-30,0.0
1988-05-31,0.0
1988-06-01,3.257996797561645
1988-06-02,1.7030833959579468
1988-06-03,1.3840649127960205
1988-06-04,0.0
1988-06-05,0.0
1988-06-06,0.0
1988-06-07,0.0
1988-06-08,0.0
1988-06-09,0.0
1988-06-10,0.0
1988-06-11,0.0
1988-06-12,0.0
1988-06-13,0.0
1988-06-14,0.0
1988-06-15,0.0
1988-06-16,0.0
1988-06-17,0.0
1988-06-18,0.0
1988-06-19,0.0
1988-06-20,0.0
1988-06-21,0.0
1988-06-22,0.0
1988-06-23,0.0
1988-06-24,0.0
1988-06-25,0.0
1988-06-26,0.0
1988-06-27,0.0
1988-06-28,0.0
1988-06-29,1.3840649127960205
1988-06-30,0.0
1988-07-01,0.0
1988-07-02,0.0
1988-07-03,0.0
1988-07-04,0.0
1988-07-05,0.0
1988-07-06,1.5625810623168943
1988-07-07,0.0
1988-07-08,7.386746883392334
1988-07-09,0.9943697452545166
1988-07-10,0.0
1988-07-11,0.0
1988-07-12,4.336076259613037
1988-07-13,0.0
1988-07-14,0.0
1988-07-15,0.0
1988-07-16,0.0
1988-07-17,1.0492581129074097
1988-07-18,0.0
1988-07-19,0.0
1988-07-20,0.0
1988-07-21,2.330742835998535
1988-07-22,1.021813988685608
1988-07-23,0.0
1988-07-24,0.374417096376419
1988-07-25,0.0
1988-07-26,0.0
1988-07-27,0.0
1988-07-28,0.0
1988-07-29,0.0
1988-07-30,0.0
1988-07-31,0.0
1988-08-01,0.0
1988-08-02,0.0
1988-08-03,0.0
1988-08-04,0.0
1988-08-05,0.0
1988-08-06,0.186228409409523
1988-08-07,4.956366062164307
1988-08-08,2.6990036964416504
1988-08-09,0.2841056585311889
1988-08-10,42.30688095092773
1988-08-11,21.10804557800293
1988-08-12,4.40056848526001
1988-08-13,25.295188903808597
1988-08-14,0.9093033075332642
1988-08-15,0.0
1988-08-16,0.0
1988-08-17,0.2603048384189605
1988-08-18,0.0
1988-08-19,0.0
1988-08-20,0.0
1988-08-21,0.1420528292655944
1988-08-22,31.33843231201172
1988-08-23,8.787758827209473
1988-08-24,7.329917430877685
1988-08-25,0.0
1988-08-26,0.0
1988-08-27,0.9494828581809998
1988-08-28,1.7754229307174685
1988-08-29,27.421127319335938
1988-08-30,5.90132999420166
1988-08-31,0.0
1988-09-01,0.0
1988-09-02,0.0
1988-09-03,0.0
1988-09-04,1.4205282926559448
1988-09-05,0.0
1988-09-06,0.0
1988-09-07,0.0
1988-09-08,8.617759704589844
1988-09-09,0.1783872097730636
1988-09-10,4.157688140869141
1988-09-11,0.0
1988-09-12,0.0
1988-09-13,0.2077917009592056
1988-09-14,0.0
1988-09-15,0.0
1988-09-16,0.0
1988-09-17,11.182123184204102
1988-09-18,0.0
1988-09-19,0.0
1988-09-20,0.0
1988-09-21,0.8174446821212769
1988-09-22,0.0
1988-09-23,0.0
1988-09-24,0.0
1988-09-25,14.74717903137207
1988-09-26,48.53505325317383
1988-09-27,2.1307923793792725
1988-09-28,0.0
1988-09-29,0.0
1988-09-30,0.0
1988-10-01,0.0
1988-10-02,0.0
1988-10-03,0.0
1988-10-04,0.0
1988-10-05,0.0
1988-10-06,6.3923773765563965
1988-10-07,2.13037657737732
1988-10-08,34.05928421020508
1988-10-09,6.781266212463379
1988-10-10,0.9943697452545166
1988-10-11,0.0
1988-10-12,0.0
1988-10-13,0.0
1988-10-14,0.0
1988-10-15,0.0
1988-10-16,0.0
1988-10-17,0.0
1988-10-18,0.0
1988-10-19,0.0
1988-10-20,0.0
1988-10-21,0.0
1988-10-22,0.0
1988-10-23,0.0
1988-10-24,7.179339408874512
1988-10-25,1.7046339511871338
1988-10-26,0.0
1988-10-27,0.0
1988-10-28,0.0
1988-10-29,0.0
1988-10-30,0.0
1988-10-31,0.0
1988-11-01,0.0
1988-11-02,0.0
1988-11-03,8.158432960510254
1988-11-04,11.994536399841309
1988-11-05,5.972302913665772
1988-11-06,114.02521514892578
1988-11-07,108.33666229248048
1988-11-08,18.7031192779541
1988-11-09,4.764894962310791
1988-11-10,0.0
1988-11-11,0.0
1988-11-12,0.2313152849674224
1988-11-13,17.24201774597168
1988-11-14,2.7757670879364014
1988-11-15,1.5884848833084106
1988-11-16,4.700764656066895
1988-11-17,0.0
1988-11-18,0.0
1988-11-19,0.0
1988-11-20,0.0
1988-11-21,0.0
1988-11-22,0.0
1988-11-23,0.0
1988-11-24,0.0
1988-11-25,0.0
1988-11-26,0.0
1988-11-27,0.0
1988-11-28,0.0
1988-11-29,0.0
1988-11-30,0.0
1988-12-01,0.0
1988-12-02,0.0
1988-12-03,0.4471980929374695
1988-12-04,5.915463924407959
1988-12-05,0.1536735296249389
1988-12-06,0.0
1988-12-07,0.0
1988-12-08,0.0
1988-12-09,0.0
1988-12-10,0.0
1988-12-11,0.0
1988-12-12,0.9943697452545166
1988-12-13,0.0
1988-12-14,0.1587842106819152
1988-12-15,0.0
1988-12-16,0.0
1988-12-17,0.0
1988-12-18,0.0
1988-12-19,3.6658527851104736
1988-12-20,0.0
1988-12-21,0.0
1988-12-22,0.0
1988-12-23,0.0
1988-12-24,0.0
1988-12-25,0.0
1988-12-26,0.0
1988-12-27,0.0
1988-12-28,0.0
1988-12-29,0.0
1988-12-30,0.0
1988-12-31,0.0
1989-01-01,0.0
1989-01-02,0.0
1989-01-03,0.0
1989-01-04,0.1470224261283874
1989-01-05,0.0
1989-01-06,0.0
1989-01-07,0.0
1989-01-08,0.0
1989-01-09,0.0
1989-01-10,0.0
1989-01-11,0.0
1989-01-12,0.0
1989-01-13,0.0
1989-01-14,0.0
1989-01-15,0.0
1989-01-16,0.0
1989-01-17,0.0
1989-01-18,0.0
1989-01-19,0.0
1989-01-20,0.0
1989-01-21,0.0
1989-01-22,0.0
1989-01-23,0.0
1989-01-24,0.0
1989-01-25,0.0
1989-01-26,0.0
1989-01-27,0.0
1989-01-28,0.0
1989-01-29,0.0
1989-01-30,0.0
1989-01-31,0.0
1989-02-01,0.0
1989-02-02,0.0
1989-02-03,0.0
1989-02-04,0.0
1989-02-05,0.0
1989-02-06,0.0
1989-02-07,0.0
1989-02-08,0.0
1989-02-09,0.0
1989-02-10,0.0
1989-02-11,0.0
1989-02-12,0.0
1989-02-13,0.0
1989-02-14,0.0
1989-02-15,0.0
1989-02-16,0.0
1989-02-17,0.0
1989-02-18,0.0
1989-02-19,0.0
1989-02-20,0.0
1989-02-21,0.0
1989-02-22,0.0
1989-02-23,0.0
1989-02-24,0.0
1989-02-25,0.0
1989-02-26,0.0
1989-02-27,0.0
1989-02-28,0.0
1989-03-01,0.0
1989-03-02,0.0
1989-03-03,0.0
1989-03-04,0.0
1989-03-05,0.0
1989-03-06,0.0
1989-03-07,0.0
1989-03-08,0.0
1989-03-09,0.0
1989-03-10,0.0
1989-03-11,0.0
1989-03-12,0.9527052640914916
1989-03-13,0.0
1989-03-14,0.0
1989-03-15,0.0
1989-03-16,0.0
1989-03-17,0.0
1989-03-18,0.0
1989-03-19,0.0
1989-03-20,0.0
1989-03-21,0.0
1989-03-22,0.0
1989-03-23,0.0
1989-03-24,0.0
1989-03-25,0.0
1989-03-26,0.0
1989-03-27,0.0
1989-03-28,0.0
1989-03-29,0.0
1989-03-30,0.0
1989-03-31,0.0
1989-04-01,0.0
1989-04-02,0.0
1989-04-03,0.0
1989-04-04,0.0
1989-04-05,0.0
1989-04-06,0.0
1989-04-07,0.0
1989-04-08,0.0
1989-04-09,0.0
1989-04-10,0.0
1989-04-11,0.0
1989-04-12,0.0
1989-04-13,0.0
1989-04-14,0.0
1989-04-15,0.0
1989-04-16,0.0
1989-04-17,0.0
1989-04-18,0.0
1989-04-19,0.0
1989-04-20,0.0
1989-04-21,0.0
1989-04-22,0.0
1989-04-23,0.0
1989-04-24,0.0
1989-04-25,0.0
1989-04-26,0.0
1989-04-27,0.0
1989-04-28,0.0
1989-04-29,0.267892062664032
1989-04-30,0.0
1989-05-01,0.0
1989-05-02,0.0
1989-05-03,0.0
1989-05-04,0.0
1989-05-05,0.0
1989-05-06,0.0
1989-05-07,0.0
1989-05-08,0.0
1989-05-09,0.0
1989-05-10,1.2784755229949951
1989-05-11,0.0
1989-05-12,0.0
1989-05-13,0.0
1989-05-14,10.968450546264648
1989-05-15,0.4920350611209869
1989-05-16,0.0
1989-05-17,0.0
1989-05-18,0.0
1989-05-19,0.1207434684038162
1989-05-20,5.968794345855713
1989-05-21,0.0
1989-05-22,1.151193618774414
1989-05-23,0.0
1989-05-24,0.0
1989-05-25,0.0
1989-05-26,0.0
1989-05-27,0.0
1989-05-28,0.0
1989-05-29,0.0
1989-05-30,0.5682113170623779
1989-05-31,0.0
1989-06-01,0.0
1989-06-02,0.0
1989-06-03,2.1307923793792725
1989-06-04,0.0
1989-06-05,3.6158642768859854
1989-06-06,0.5682113170623779
1989-06-07,0.0
1989-06-08,0.0
1989-06-09,0.0
1989-06-10,0.0
1989-06-11,0.0
1989-06-12,0.0
1989-06-13,0.0
1989-06-14,10.257516860961914
1989-06-15,0.0
1989-06-16,9.401529312133787
1989-06-17,3.115473508834839
1989-06-18,0.7574241757392883
1989-06-19,0.0
1989-06-20,0.3998885154724121
1989-06-21,0.0
1989-06-22,0.0
1989-06-23,0.0
1989-06-24,0.0
1989-06-25,0.0
1989-06-26,0.7102641463279724
1989-06-27,0.1920943856239318
1989-06-28,0.0
1989-06-29,0.0
1989-06-30,0.0
1989-07-01,0.0
1989-07-02,5.484225273132324
1989-07-03,5.18377161026001
1989-07-04,0.3233116269111633
1989-07-05,0.0
1989-07-06,18.090547561645508
1989-07-07,0.0
1989-07-08,0.0
1989-07-09,0.0
1989-07-10,0.0
1989-07-11,0.0
1989-07-12,3.683432340621948
1989-07-13,9.41796588897705
1989-07-14,24.517749786376957
1989-07-15,0.0
1989-07-16,0.0
1989-07-17,0.0
1989-07-18,0.0
1989-07-19,0.0
1989-07-20,0.0
1989-07-21,0.0
1989-07-22,1.550151824951172
1989-07-23,0.3797602653503418
1989-07-24,0.0
1989-07-25,0.0
1989-07-26,0.0
1989-07-27,0.0
1989-07-28,0.0
1989-07-29,0.0
1989-07-30,0.0
1989-07-31,0.0
1989-08-01,0.0
1989-08-02,0.2195335775613784
1989-08-03,7.993772506713867
1989-08-04,0.0
1989-08-05,9.719043731689451
1989-08-06,0.0
1989-08-07,0.0
1989-08-08,0.0
1989-08-09,0.0
1989-08-10,0.0
1989-08-11,0.3797602653503418
1989-08-12,0.0
1989-08-13,1.566921591758728
1989-08-14,0.0
1989-08-15,1.1668611764907837
1989-08-16,0.0
1989-08-17,0.0
1989-08-18,0.1215385273098945
1989-08-19,0.0
1989-08-20,0.7377058863639832
1989-08-21,0.0
1989-08-22,0.0
1989-08-23,0.0
1989-08-24,0.0
1989-08-25,0.0
1989-08-26,0.0
1989-08-27,0.0
1989-08-28,0.0
1989-08-29,2.328377723693848
1989-08-30,0.0
1989-08-31,0.0
1989-09-01,2.4403817653656006
1989-09-02,0.2841056585311889
1989-09-03,0.0
1989-09-04,0.0
1989-09-05,0.3120527267456054
1989-09-06,17.29781150817871
1989-09-07,3.231858015060425
1989-09-08,0.0
1989-09-09,0.0
1989-09-10,0.0
1989-09-11,0.0
1989-09-12,0.0
1989-09-13,0.0
1989-09-14,0.0
1989-09-15,0.0
1989-09-16,0.0
1989-09-17,2.1462771892547607
1989-09-18,4.403637409210205
1989-09-19,0.0
1989-09-20,1.9610182046890257
1989-09-21,1.8041176795959477
1989-09-22,2.3414556980133057
1989-09-23,45.66340255737305
1989-09-24,0.0
1989-09-25,0.0
1989-09-26,0.0
1989-09-27,8.657275199890137
1989-09-28,0.0
1989-09-29,2.3182075023651123
1989-09-30,0.0
1989-10-01,3.673995971679688
1989-10-02,0.4190790951251983
1989-10-03,0.0
1989-10-04,0.0
1989-10-05,2.4270315170288086
1989-10-06,0.0
1989-10-07,0.0
1989-10-08,0.0
1989-10-09,0.7390327453613281
1989-10-10,31.583648681640625
1989-10-11,0.3841837644577026
1989-10-12,4.166261672973633
1989-10-13,0.0
1989-10-14,0.3732070922851562
1989-10-15,0.0
1989-10-16,0.0
1989-10-17,0.0
1989-10-18,0.0
1989-10-19,0.0
1989-10-20,0.0
1989-10-21,0.1881887018680572
1989-10-22,0.0
1989-10-23,0.0
1989-10-24,0.0
1989-10-25,0.0
1989-10-26,0.0
1989-10-27,0.0
1989-10-28,0.9911354780197144
1989-10-29,0.0
1989-10-30,0.0
1989-10-31,15.620847702026367
1989-11-01,6.282578468322754
1989-11-02,16.885875701904297
1989-11-03,7.363704204559326
1989-11-04,0.0
1989-11-05,0.0
1989-11-06,23.94655990600586
1989-11-07,0.0
1989-11-08,0.0
1989-11-09,0.0
1989-11-10,16.383485794067383
1989-11-11,0.1470224261283874
1989-11-12,57.62911987304688
1989-11-13,7.201691627502441
1989-11-14,22.46281242370605
1989-11-15,0.5340778231620789
1989-11-16,5.0959248542785645
1989-11-17,1.3191816806793213
1989-11-18,35.10488510131836
1989-11-19,66.19595336914062
1989-11-20,0.3783377110958099
1989-11-21,0.0
1989-11-22,0.0
1989-11-23,0.0
1989-11-24,0.0
1989-11-25,0.0
1989-11-26,0.0
1989-11-27,5.512635707855225
1989-11-28,0.657853901386261
1989-11-29,0.0
1989-11-30,0.1215385273098945
1989-12-01,8.535004615783691
1989-12-02,9.176584243774414
1989-12-03,30.746660232543945
1989-12-04,10.994379043579102
1989-12-05,0.0
1989-12-06,0.0
1989-12-07,0.0
1989-12-08,0.0
1989-12-09,0.0
1989-12-10,0.0
1989-12-11,5.133853435516357
1989-12-12,0.0
1989-12-13,0.0
1989-12-14,0.0
1989-12-15,0.0
1989-12-16,0.0
1989-12-17,0.0
1989-12-18,0.0
1989-12-19,0.7409930229187012
1989-12-20,0.9421527981758118
1989-12-21,0.0
1989-12-22,0.0
1989-12-23,0.0
1989-12-24,0.0
1989-12-25,0.0
1989-12-26,0.0
1989-12-27,0.0
1989-12-28,0.0
1989-12-29,0.0
1989-12-30,0.0
1989-12-31,0.0
1990-01-01,0.2548388540744781
1990-01-02,0.0
1990-01-03,0.0
1990-01-04,0.0
1990-01-05,0.0
1990-01-06,0.4608520567417145
1990-01-07,53.69113540649414
1990-01-08,26.455759048461918
1990-01-09,0.0
1990-01-10,0.0
1990-01-11,0.0
1990-01-12,0.0
1990-01-13,0.0
1990-01-14,0.0
1990-01-15,0.0
1990-01-16,0.0
1990-01-17,0.0
1990-01-18,0.0
1990-01-19,0.0
1990-01-20,0.0
1990-01-21,0.0
1990-01-22,0.0
1990-01-23,0.0
1990-01-24,0.0
1990-01-25,0.0
1990-01-26,0.0
1990-01-27,0.0
1990-01-28,0.0
1990-01-29,0.0
1990-01-30,0.0
1990-01-31,0.0
1990-02-01,0.0
1990-02-02,0.0
1990-02-03,0.0
1990-02-04,0.0
1990-02-05,0.0
1990-02-06,0.0
1990-02-07,0.0
1990-02-08,0.0
1990-02-09,0.0
1990-02-10,0.0
1990-02-11,0.0
1990-02-12,0.0
1990-02-13,0.0
1990-02-14,0.0
1990-02-15,0.0
1990-02-16,0.0
1990-02-17,0.0
1990-02-18,15.829556465148926
1990-02-19,7.468625068664551
1990-02-20,0.5872548222541809
1990-02-21,0.0
1990-02-22,0.0
1990-02-23,0.0
1990-02-24,0.0
1990-02-25,0.0
1990-02-26,0.0
1990-02-27,0.0
1990-02-28,0.0
1990-03-01,0.0
1990-03-02,0.0
1990-03-03,0.0
1990-03-04,0.0
1990-03-05,0.0
1990-03-06,0.0
1990-03-07,0.0
1990-03-08,0.0
1990-03-09,0.5371218919754028
1990-03-10,0.0
1990-03-11,2.528595209121704
1990-03-12,0.0
1990-03-13,0.0
1990-03-14,0.0
1990-03-15,0.0
1990-03-16,0.0
1990-03-17,0.0
1990-03-18,0.0
1990-03-19,0.0
1990-03-20,0.0
1990-03-21,0.0
1990-03-22,0.0
1990-03-23,0.0
1990-03-24,0.0
1990-03-25,0.0
1990-03-26,0.0
1990-03-27,0.0
1990-03-28,0.0
1990-03-29,0.0
1990-03-30,0.0
1990-03-31,0.0
1990-04-01,0.0
1990-04-02,0.0
1990-04-03,0.0
1990-04-04,0.0
1990-04-05,0.0
1990-04-06,0.1607352346181869
1990-04-07,0.0
1990-04-08,0.0
1990-04-09,0.0
1990-04-10,0.0
1990-04-11,0.0
1990-04-12,0.0
1990-04-13,0.0
1990-04-14,0.0
1990-04-15,0.0
1990-04-16,0.0
1990-04-17,0.0
1990-04-18,0.0
1990-04-19,0.0
1990-04-20,0.0
1990-04-21,0.101810947060585
1990-04-22,0.0
1990-04-23,0.0
1990-04-24,0.0
1990-04-25,0.0
1990-04-26,0.0
1990-04-27,0.0
1990-04-28,0.0
1990-04-29,0.0
1990-04-30,0.0
1990-05-01,0.0
1990-05-02,0.0
1990-05-03,0.0
1990-05-04,0.0
1990-05-05,0.0
1990-05-06,0.0
1990-05-07,21.64327049255371
1990-05-08,22.60849952697754
1990-05-09,0.0
1990-05-10,0.0
1990-05-11,0.0
1990-05-12,36.0391960144043
1990-05-13,7.923457145690918
1990-05-14,0.0
1990-05-15,0.0
1990-05-16,0.0
1990-05-17,0.0
1990-05-18,0.1627048105001449
1990-05-19,0.548833966255188
1990-05-20,0.7554588913917542
1990-05-21,0.9202600717544556
1990-05-22,3.917304039001465
1990-05-23,6.94521951675415
1990-05-24,30.791667938232425
1990-05-25,5.649043560028076
1990-05-26,1.508341670036316
1990-05-27,15.625810623168944
1990-05-28,0.0
1990-05-29,0.0
1990-05-30,0.0
1990-05-31,0.0
1990-06-01,0.7370704412460327
1990-06-02,0.0
1990-06-03,0.0
1990-06-04,0.0
1990-06-05,0.1403027772903442
1990-06-06,0.0
1990-06-07,0.0
1990-06-08,1.5711352825164795
1990-06-09,0.0
1990-06-10,16.428646087646484
1990-06-11,0.0
1990-06-12,0.0
1990-06-13,0.0
1990-06-14,2.706673383712769
1990-06-15,26.46137809753418
1990-06-16,15.500435829162598
1990-06-17,0.6515994071960449
1990-06-18,2.768129825592041
1990-06-19,0.0
1990-06-20,0.0
1990-06-21,0.0
1990-06-22,0.0
1990-06-23,0.2338379621505737
1990-06-24,0.0
1990-06-25,0.0
1990-06-26,0.0
1990-06-27,0.0
1990-06-28,0.0
1990-06-29,0.9353518486022948
1990-06-30,0.0
1990-07-01,0.0
1990-07-02,0.1628998517990112
1990-07-03,1.4889801740646362
1990-07-04,0.8144993185997009
1990-07-05,5.544288158416748
1990-07-06,0.0
1990-07-07,0.0
1990-07-08,2.2366201877593994
1990-07-09,0.0
1990-07-10,0.1403027772903442
1990-07-11,21.98433303833008
1990-07-12,5.64644193649292
1990-07-13,0.0
1990-07-14,7.205409049987793
1990-07-15,0.0
1990-07-16,1.500983953475952
1990-07-17,0.0
1990-07-18,0.0
1990-07-19,1.048811435699463
1990-07-20,0.0
1990-07-21,0.0
1990-07-22,0.1169189810752868
1990-07-23,0.0
1990-07-24,0.0
1990-07-25,0.0
1990-07-26,0.0
1990-07-27,0.0
1990-07-28,0.0
1990-07-29,10.206552505493164
1990-07-30,0.0
1990-07-31,0.2589679658412933
1990-08-01,0.0
1990-08-02,0.6692137718200684
1990-08-03,33.98214340209961
1990-08-04,60.05314636230469
1990-08-05,1.579800367355347
1990-08-06,28.010517120361328
1990-08-07,23.100980758666992
1990-08-08,0.244349792599678
1990-08-09,5.036124706268311
1990-08-10,1.0829806327819824
1990-08-11,4.247018337249756
1990-08-12,0.0
1990-08-13,0.0
1990-08-14,0.0
1990-08-15,0.0
1990-08-16,0.0
1990-08-17,0.561211109161377
1990-08-18,0.0
1990-08-19,0.0
1990-08-20,0.0
1990-08-21,0.0
1990-08-22,0.0
1990-08-23,0.0
1990-08-24,0.0
1990-08-25,0.0
1990-08-26,0.6920324563980103
1990-08-27,33.74526596069336
1990-08-28,3.426456451416016
1990-08-29,0.0
1990-08-30,0.0
1990-08-31,0.0
1990-09-01,0.0
1990-09-02,0.0
1990-09-03,0.0
1990-09-04,0.0
1990-09-05,0.2013650685548782
1990-09-06,0.0
1990-09-07,11.82779312133789
1990-09-08,8.393295288085938
1990-09-09,0.0
1990-09-10,7.999902248382568
1990-09-11,7.448565483093262
1990-09-12,10.19845962524414
1990-09-13,0.0
1990-09-14,9.21911907196045
1990-09-15,0.0
1990-09-16,0.0
1990-09-17,0.0
1990-09-18,44.90654754638672
1990-09-19,0.0
1990-09-20,0.0
1990-09-21,0.0
1990-09-22,0.0
1990-09-23,0.0
1990-09-24,10.473706245422363
1990-09-25,17.8186092376709
1990-09-26,0.0
1990-09-27,5.459327697753906
1990-09-28,4.93555212020874
1990-09-29,0.0
1990-09-30,0.0
1990-10-01,0.0
1990-10-02,0.0
1990-10-03,0.2334528863430023
1990-10-04,0.0
1990-10-05,0.0
1990-10-06,0.0
1990-10-07,0.0
1990-10-08,0.0
1990-10-09,0.0
1990-10-10,0.0
1990-10-11,0.0
1990-10-12,0.6515994071960449
1990-10-13,0.0
1990-10-14,0.0
1990-10-15,0.1636865735054016
1990-10-16,0.0
1990-10-17,0.98211932182312
1990-10-18,0.1407434642314911
1990-10-19,15.2813720703125
1990-10-20,28.83359718322754
1990-10-21,7.691787719726562
1990-10-22,0.3975245356559753
1990-10-23,62.26432800292969
1990-10-24,3.244844436645508
1990-10-25,27.08460235595703
1990-10-26,2.5560426712036133
1990-10-27,47.44036865234375
1990-10-28,23.447397232055664
1990-10-29,50.42439270019531
1990-10-30,72.70022583007812
1990-10-31,28.082502365112305
1990-11-01,6.105871200561523
1990-11-02,35.893943786621094
1990-11-03,0.0
1990-11-04,0.0
1990-11-05,0.0
1990-11-06,0.0
1990-11-07,0.0
1990-11-08,0.0
1990-11-09,0.0
1990-11-10,0.0
1990-11-11,0.0
1990-11-12,0.0
1990-11-13,0.0
1990-11-14,0.0
1990-11-15,1.255089521408081
1990-11-16,8.27686882019043
1990-11-17,0.2841056585311889
1990-11-18,0.0
1990-11-19,0.0
1990-11-20,0.0
1990-11-21,0.0
1990-11-22,0.0
1990-11-23,0.0
1990-11-24,0.0
1990-11-25,8.43780517578125
1990-11-26,74.92948150634766
1990-11-27,19.72772979736328
1990-11-28,8.90186595916748
1990-11-29,0.307629257440567
1990-11-30,0.0
1990-12-01,0.0
1990-12-02,0.0
1990-12-03,0.0
1990-12-04,7.435662269592285
1990-12-05,5.725278377532959
1990-12-06,10.992959022521973
1990-12-07,0.5124654173851013
1990-12-08,0.0
1990-12-09,0.2792094647884369
1990-12-10,0.0
1990-12-11,0.0
1990-12-12,0.0
1990-12-13,0.0
1990-12-14,0.0
1990-12-15,0.0
1990-12-16,0.0
1990-12-17,0.0
1990-12-18,0.0
1990-12-19,0.0
1990-12-20,0.0
1990-12-21,0.0
1990-12-22,0.0
1990-12-23,0.0
1990-12-24,0.0
1990-12-25,0.0
1990-12-26,0.0
1990-12-27,0.0
1990-12-28,0.0
1990-12-29,0.0
1990-12-30,0.4065282344818115
1990-12-31,1.5487985610961914
1991-01-01,1.4312095642089844
1991-01-02,0.0
1991-01-03,0.0
1991-01-04,9.114546775817873
1991-01-05,0.0
1991-01-06,0.0
1991-01-07,0.0
1991-01-08,0.0
1991-01-09,0.0
1991-01-10,0.0
1991-01-11,0.0
1991-01-12,0.0
1991-01-13,0.0
1991-01-14,0.0
1991-01-15,0.0
1991-01-16,0.0
1991-01-17,0.0
1991-01-18,0.0
1991-01-19,0.0
1991-01-20,0.0
1991-01-21,0.0
1991-01-22,0.0
1991-01-23,0.0
1991-01-24,0.0
1991-01-25,0.0
1991-01-26,0.0
1991-01-27,0.0
1991-01-28,0.0
1991-01-29,0.0
1991-01-30,0.0
1991-01-31,0.0
1991-02-01,2.313520193099976
1991-02-02,2.427079677581787
1991-02-03,0.0
1991-02-04,0.0
1991-02-05,0.0
1991-02-06,0.0
1991-02-07,0.0
1991-02-08,0.0
1991-02-09,0.0
1991-02-10,0.0
1991-02-11,0.0
1991-02-12,0.0
1991-02-13,0.0
1991-02-14,0.0
1991-02-15,0.0
1991-02-16,0.0
1991-02-17,0.0
1991-02-18,0.0
1991-02-19,0.0
1991-02-20,0.0
1991-02-21,0.0
1991-02-22,0.0
1991-02-23,0.0
1991-02-24,0.0
1991-02-25,0.0
1991-02-26,0.0
1991-02-27,0.0
1991-02-28,0.0
1991-03-01,0.0
1991-03-02,0.0
1991-03-03,0.0
1991-03-04,0.0
1991-03-05,0.0
1991-03-06,0.0
1991-03-07,0.0
1991-03-08,0.0
1991-03-09,0.0
1991-03-10,0.0
1991-03-11,0.0
1991-03-12,0.0
1991-03-13,0.0
1991-03-14,0.0
1991-03-15,0.0
1991-03-16,0.0
1991-03-17,0.0
1991-03-18,0.0
1991-03-19,0.0
1991-03-20,0.0
1991-03-21,0.0
1991-03-22,0.0
1991-03-23,0.0
1991-03-24,0.0
1991-03-25,0.0
1991-03-26,0.0
1991-03-27,0.0
1991-03-28,0.0
1991-03-29,0.0
1991-03-30,0.0
1991-03-31,0.0
1991-04-01,0.0
1991-04-02,0.0
1991-04-03,0.0
1991-04-04,0.0
1991-04-05,0.0
1991-04-06,0.0
1991-04-07,0.0
1991-04-08,0.0
1991-04-09,0.0
1991-04-10,0.0
1991-04-11,0.0
1991-04-12,0.0
1991-04-13,0.0
1991-04-14,0.0
1991-04-15,0.0
1991-04-16,0.0
1991-04-17,0.0
1991-04-18,0.0
1991-04-19,0.0
1991-04-20,0.0
1991-04-21,0.0
1991-04-22,0.0
1991-04-23,0.0
1991-04-24,0.0
1991-04-25,0.0
1991-04-26,0.0
1991-04-27,0.0
1991-04-28,0.0
1991-04-29,0.0
1991-04-30,0.8330524563789368
1991-05-01,0.2139300554990768
1991-05-02,0.0
1991-05-03,0.0
1991-05-04,0.0
1991-05-05,0.0
1991-05-06,0.0
1991-05-07,0.0
1991-05-08,0.0
1991-05-09,0.0
1991-05-10,0.0
1991-05-11,0.0
1991-05-12,0.0
1991-05-13,0.0
1991-05-14,0.0
1991-05-15,0.0
1991-05-16,0.0
1991-05-17,0.0
1991-05-18,0.0
1991-05-19,0.0
1991-05-20,0.0
1991-05-21,0.0
1991-05-22,0.0
1991-05-23,0.0
1991-05-24,0.0
1991-05-25,0.0
1991-05-26,0.0
1991-05-27,0.0
1991-05-28,0.0
1991-05-29,0.0
1991-05-30,0.0
1991-05-31,0.0
1991-06-01,0.0
1991-06-02,0.0
1991-06-03,28.363121032714844
1991-06-04,2.0790834426879883
1991-06-05,22.48761367797852
1991-06-06,0.0
1991-06-07,0.0
1991-06-08,0.0
1991-06-09,0.0
1991-06-10,0.0
1991-06-11,0.0
1991-06-12,0.0
1991-06-13,0.0
1991-06-14,15.23036766052246
1991-06-15,18.01014518737793
1991-06-16,0.0
1991-06-17,3.194533109664917
1991-06-18,0.0
1991-06-19,0.1403027772903442
1991-06-20,3.460162401199341
1991-06-21,0.3975245356559753
1991-06-22,32.17110061645508
1991-06-23,0.0
1991-06-24,0.6515994071960449
1991-06-25,13.80317497253418
1991-06-26,0.0
1991-06-27,0.0
1991-06-28,0.0
1991-06-29,0.0
1991-06-30,0.0
1991-07-01,11.511554718017578
1991-07-02,0.0
1991-07-03,0.0
1991-07-04,13.769721031188965
1991-07-05,0.0
1991-07-06,0.0
1991-07-07,0.8624179363250732
1991-07-08,0.0
1991-07-09,0.0
1991-07-10,0.0
1991-07-11,0.0
1991-07-12,1.4852913618087769
1991-07-13,0.0
1991-07-14,0.0
1991-07-15,0.0
1991-07-16,0.0
1991-07-17,0.0
1991-07-18,0.0
1991-07-19,0.0
1991-07-20,0.0
1991-07-21,0.0
1991-07-22,0.0
1991-07-23,0.0
1991-07-24,0.0
1991-07-25,0.0
1991-07-26,0.0
1991-07-27,0.0
1991-07-28,0.0
1991-07-29,0.4548726975917816
1991-07-30,0.0
1991-07-31,0.9113336205482484
1991-08-01,0.0
1991-08-02,14.977670669555664
1991-08-03,0.0
1991-08-04,20.80036163330078
1991-08-05,22.044208526611328
1991-08-06,3.544346809387207
1991-08-07,1.081129789352417
1991-08-08,28.80162048339844
1991-08-09,14.472009658813477
1991-08-10,0.0
1991-08-11,4.019791126251221
1991-08-12,0.0
1991-08-13,2.937417507171631
1991-08-14,0.0
1991-08-15,0.0
1991-08-16,0.0
1991-08-17,0.3000626266002655
1991-08-18,0.241980031132698
1991-08-19,0.0
1991-08-20,0.0
1991-08-21,4.834985256195068
1991-08-22,0.0
1991-08-23,0.0
1991-08-24,0.0
1991-08-25,0.0
1991-08-26,0.0
1991-08-27,0.0
1991-08-28,0.0
1991-08-29,0.0
1991-08-30,0.0
1991-08-31,5.0023274421691895
1991-09-01,0.0
1991-09-02,0.0
1991-09-03,22.489234924316406
1991-09-04,0.0
1991-09-05,0.0
1991-09-06,32.24671936035156
1991-09-07,8.471332550048828
1991-09-08,0.0
1991-09-09,0.0
1991-09-10,0.0
1991-09-11,0.9683158993721008
1991-09-12,27.41741371154785
1991-09-13,4.341700077056885
1991-09-14,0.0
1991-09-15,1.6036714315414429
1991-09-16,51.186622619628906
1991-09-17,0.286953717470169
1991-09-18,0.0
1991-09-19,0.0
1991-09-20,0.0
1991-09-21,0.2312638461589813
1991-09-22,0.0
1991-09-23,0.0
1991-09-24,8.313860893249512
1991-09-25,0.0
1991-09-26,0.0
1991-09-27,0.0
1991-09-28,0.0
1991-09-29,0.0
1991-09-30,0.0
1991-10-01,0.0
1991-10-02,0.0
1991-10-03,26.34087371826172
1991-10-04,16.35396957397461
1991-10-05,24.169511795043945
1991-10-06,0.0
1991-10-07,54.40527725219727
1991-10-08,1.6113008260726929
1991-10-09,0.20362189412117
1991-10-10,0.6312278509140015
1991-10-11,0.0
1991-10-12,0.0
1991-10-13,0.0
1991-10-14,0.0
1991-10-15,0.0
1991-10-16,0.0
1991-10-17,0.0
1991-10-18,0.0
1991-10-19,0.4567198157310486
1991-10-20,2.192610740661621
1991-10-21,2.983109474182129
1991-10-22,0.0
1991-10-23,4.26865291595459
1991-10-24,17.414104461669922
1991-10-25,0.0
1991-10-26,0.0
1991-10-27,0.0
1991-10-28,21.77072525024414
1991-10-29,143.05084228515625
1991-10-30,19.576330184936523
1991-10-31,0.2169998437166214
1991-11-01,0.230778083205223
1991-11-02,0.1411559134721756
1991-11-03,16.805667877197266
1991-11-04,0.1605981737375259
1991-11-05,1.14610755443573
1991-11-06,1.3818893432617188
1991-11-07,0.0
1991-11-08,9.97747802734375
1991-11-09,5.933307647705078
1991-11-10,0.6200607419013977
1991-11-11,18.006601333618164
1991-11-12,0.0
1991-11-13,0.6035081744194031
1991-11-14,89.58198547363281
1991-11-15,99.70361328125
1991-11-16,9.167869567871094
1991-11-17,43.9717903137207
1991-11-18,12.760316848754885
1991-11-19,0.0
1991-11-20,4.137111663818359
1991-11-21,14.84039306640625
1991-11-22,0.2572217583656311
1991-11-23,16.941640853881836
1991-11-24,0.0
1991-11-25,2.4831032752990723
1991-11-26,1.190852165222168
1991-11-27,0.0
1991-11-28,0.0
1991-11-29,0.0
1991-11-30,0.0
1991-12-01,0.0
1991-12-02,0.0
1991-12-03,0.0
1991-12-04,0.0
1991-12-05,0.0
1991-12-06,0.0
1991-12-07,0.0
1991-12-08,0.0
1991-12-09,0.0
1991-12-10,0.0
1991-12-11,0.0
1991-12-12,0.0
1991-12-13,0.0
1991-12-14,0.0
1991-12-15,0.0
1991-12-16,0.3062934875488281
1991-12-17,0.244743138551712
1991-12-18,0.0
1991-12-19,0.0
1991-12-20,0.0
1991-12-21,0.0
1991-12-22,0.561211109161377
1991-12-23,0.0
1991-12-24,0.0
1991-12-25,0.0
1991-12-26,0.0
1991-12-27,0.0
1991-12-28,0.0
1991-12-29,0.2251895517110824
1991-12-30,0.0
1991-12-31,0.0
1992-01-01,0.0
1992-01-02,0.0
1992-01-03,0.0
1992-01-04,0.0
1992-01-05,0.0
1992-01-06,0.0
1992-01-07,0.0
1992-01-08,0.0
1992-01-09,0.0
1992-01-10,0.0
1992-01-11,0.0
1992-01-12,0.0
1992-01-13,0.0
1992-01-14,0.0
1992-01-15,0.0
1992-01-16,0.0
1992-01-17,0.0
1992-01-18,0.0
1992-01-19,0.0
1992-01-20,0.0
1992-01-21,0.0
1992-01-22,0.0
1992-01-23,0.0
1992-01-24,0.0
1992-01-25,0.0
1992-01-26,0.0
1992-01-27,0.0
1992-01-28,0.0
1992-01-29,0.0
1992-01-30,0.0
1992-01-31,0.0
1992-02-01,0.0
1992-02-02,0.0
1992-02-03,0.0
1992-02-04,0.0
1992-02-05,0.0
1992-02-06,0.0
1992-02-07,0.0
1992-02-08,0.0
1992-02-09,0.0
1992-02-10,0.0
1992-02-11,0.0
1992-02-12,0.0
1992-02-13,0.0
1992-02-14,0.0
1992-02-15,0.0
1992-02-16,0.0
1992-02-17,0.0
1992-02-18,0.0
1992-02-19,0.0
1992-02-20,0.0
1992-02-21,0.0
1992-02-22,0.0
1992-02-23,0.0
1992-02-24,0.0
1992-02-25,0.0
1992-02-26,0.0
1992-02-27,0.0
1992-02-28,0.0
1992-02-29,0.0
1992-03-01,0.0
1992-03-02,0.0
1992-03-03,0.0
1992-03-04,0.0
1992-03-05,0.0
1992-03-06,0.0
1992-03-07,0.0
1992-03-08,0.0
1992-03-09,0.0
1992-03-10,0.0
1992-03-11,0.0
1992-03-12,0.0
1992-03-13,0.0
1992-03-14,0.0
1992-03-15,0.0
1992-03-16,0.0
1992-03-17,0.0
1992-03-18,0.0
1992-03-19,0.0
1992-03-20,0.0
1992-03-21,0.0
1992-03-22,0.0
1992-03-23,0.0
1992-03-24,0.0
1992-03-25,0.0
1992-03-26,0.0
1992-03-27,0.0
1992-03-28,0.0
1992-03-29,0.0
1992-03-30,0.0
1992-03-31,0.0
1992-04-01,0.0
1992-04-02,0.0
1992-04-03,0.0
1992-04-04,0.0
1992-04-05,0.0
1992-04-06,0.0
1992-04-07,0.0
1992-04-08,0.0
1992-04-09,0.0
1992-04-10,0.0
1992-04-11,0.0
1992-04-12,0.0
1992-04-13,0.0
1992-04-14,0.0
1992-04-15,0.0
1992-04-16,0.0
1992-04-17,0.0
1992-04-18,0.0
1992-04-19,0.0
1992-04-20,0.0
1992-04-21,0.0
1992-04-22,0.0
1992-04-23,0.0
1992-04-24,0.0
1992-04-25,0.0
1992-04-26,0.0
1992-04-27,0.0
1992-04-28,0.0
1992-04-29,0.0
1992-04-30,0.0
1992-05-01,0.0
1992-05-02,0.0
1992-05-03,0.0
1992-05-04,0.0
1992-05-05,0.0
1992-05-06,0.0
1992-05-07,0.0
1992-05-08,0.0
1992-05-09,0.0
1992-05-10,0.0
1992-05-11,0.0
1992-05-12,0.0
1992-05-13,0.0
1992-05-14,0.103890873491764
1992-05-15,0.0
1992-05-16,0.0
1992-05-17,0.0
1992-05-18,0.0
1992-05-19,0.0
1992-05-20,0.0
1992-05-21,0.0
1992-05-22,0.0
1992-05-23,0.0
1992-05-24,0.0
1992-05-25,0.0
1992-05-26,0.3841837644577026
1992-05-27,0.0
1992-05-28,0.0
1992-05-29,0.0
1992-05-30,0.0
1992-05-31,0.0
1992-06-01,0.0
1992-06-02,0.0
1992-06-03,0.0
1992-06-04,0.0
1992-06-05,0.0
1992-06-06,0.0
1992-06-07,0.0
1992-06-08,0.0
1992-06-09,0.0
1992-06-10,3.188726663589477
1992-06-11,12.185771942138672
1992-06-12,0.0
1992-06-13,0.0
1992-06-14,0.0
1992-06-15,0.0
1992-06-16,0.0
1992-06-17,0.0
1992-06-18,0.0
1992-06-19,0.0
1992-06-20,0.0
1992-06-21,0.0
1992-06-22,0.0
1992-06-23,0.0
1992-06-24,0.0
1992-06-25,0.0
1992-06-26,0.0
1992-06-27,0.0
1992-06-28,0.0
1992-06-29,0.0
1992-06-30,0.1420528292655944
1992-07-01,0.0
1992-07-02,0.0
1992-07-03,0.0
1992-07-04,0.0
1992-07-05,13.842446327209473
1992-07-06,0.0
1992-07-07,0.975458025932312
1992-07-08,0.0
1992-07-09,0.0
1992-07-10,0.0
1992-07-11,0.0
1992-07-12,0.0
1992-07-13,0.8401270508766174
1992-07-14,0.0
1992-07-15,0.4390671551227569
1992-07-16,0.0
1992-07-17,0.0
1992-07-18,0.6233204007148743
1992-07-19,0.1097667887806892
1992-07-20,0.0
1992-07-21,0.0
1992-07-22,0.0
1992-07-23,0.0
1992-07-24,4.125497341156006
1992-07-25,0.0
1992-07-26,0.0
1992-07-27,0.0
1992-07-28,0.0
1992-07-29,0.0
1992-07-30,0.0
1992-07-31,1.7472498416900637
1992-08-01,0.7857217788696289
1992-08-02,0.0
1992-08-03,0.0
1992-08-04,12.92710304260254
1992-08-05,0.0
1992-08-06,0.0
1992-08-07,0.0
1992-08-08,0.0
1992-08-09,0.9330177307128906
1992-08-10,0.0
1992-08-11,0.0
1992-08-12,15.361027717590332
1992-08-13,0.0
1992-08-14,0.0
1992-08-15,0.0
1992-08-16,0.0
1992-08-17,0.0
1992-08-18,0.0
1992-08-19,0.0
1992-08-20,0.0
1992-08-21,0.0
1992-08-22,0.0
1992-08-23,0.0
1992-08-24,0.0
1992-08-25,0.0
1992-08-26,0.0
1992-08-27,0.0
1992-08-28,0.0
1992-08-29,0.0
1992-08-30,0.0
1992-08-31,0.0
1992-09-01,6.267630100250244
1992-09-02,0.2841056585311889
1992-09-03,0.2646204531192779
1992-09-04,4.231863021850586
1992-09-05,1.2133156061172483
1992-09-06,7.165503025054932
1992-09-07,0.0
1992-09-08,0.2548388540744781
1992-09-09,9.98390007019043
1992-09-10,0.0
1992-09-11,0.0
1992-09-12,2.569915771484375
1992-09-13,0.5036893486976624
1992-09-14,0.0
1992-09-15,5.255954742431641
1992-09-16,3.125162124633789
1992-09-17,1.815072774887085
1992-09-18,0.2195335775613784
1992-09-19,0.0
1992-09-20,0.0
1992-09-21,0.274416983127594
1992-09-22,0.0
1992-09-23,10.999815940856934
1992-09-24,60.02594757080078
1992-09-25,0.0
1992-09-26,0.0
1992-09-27,0.0
1992-09-28,22.0526180267334
1992-09-29,2.0590646266937256
1992-09-30,0.0
1992-10-01,0.0
1992-10-02,0.0
1992-10-03,20.72023582458496
1992-10-04,9.737074851989746
1992-10-05,0.1705460101366043
1992-10-06,0.5390374660491943
1992-10-07,8.755290031433105
1992-10-08,0.2391564697027206
1992-10-09,0.0
1992-10-10,0.0
1992-10-11,6.225742340087891
1992-10-12,0.0
1992-10-13,0.0
1992-10-14,47.40729141235352
1992-10-15,22.89082717895508
1992-10-16,0.7691132426261902
1992-10-17,32.010780334472656
1992-10-18,0.0
1992-10-19,21.153440475463867
1992-10-20,0.0
1992-10-21,0.0
1992-10-22,0.0
1992-10-23,0.0
1992-10-24,0.0
1992-10-25,0.0
1992-10-26,0.0
1992-10-27,0.0
1992-10-28,0.0
1992-10-29,0.0
1992-10-30,0.0
1992-10-31,8.61806869506836
1992-11-01,0.0
1992-11-02,8.627870559692383
1992-11-03,0.2797244191169739
1992-11-04,12.378890991210938
1992-11-05,2.294764280319214
1992-11-06,0.0
1992-11-07,0.0
1992-11-08,1.7879955768585205
1992-11-09,27.61283302307129
1992-11-10,0.3346177935600281
1992-11-11,0.7178699374198914
1992-11-12,9.851881980895996
1992-11-13,34.44757080078125
1992-11-14,93.40730285644533
1992-11-15,57.96025466918945
1992-11-16,46.478660583496094
1992-11-17,29.579360961914062
1992-11-18,12.932278633117676
1992-11-19,0.0
1992-11-20,0.0
1992-11-21,0.0
1992-11-22,2.648693323135376
1992-11-23,2.345529317855835
1992-11-24,0.0
1992-11-25,0.0
1992-11-26,0.0
1992-11-27,0.0
1992-11-28,0.0
1992-11-29,5.046336650848389
1992-11-30,5.771625518798828
1992-12-01,0.0
1992-12-02,0.0
1992-12-03,0.3057917058467865
1992-12-04,4.38852596282959
1992-12-05,19.34272575378418
1992-12-06,2.601959466934204
1992-12-07,0.4057818949222564
1992-12-08,0.0
1992-12-09,0.0
1992-12-10,0.0
1992-12-11,0.0
1992-12-12,0.0
1992-12-13,0.0
1992-12-14,0.0
1992-12-15,0.0
1992-12-16,0.0
1992-12-17,0.0
1992-12-18,0.0
1992-12-19,0.0
1992-12-20,0.4097024798393249
1992-12-21,0.0
1992-12-22,0.0
1992-12-23,0.0
1992-12-24,0.0
1992-12-25,0.0
1992-12-26,0.0
1992-12-27,0.0
1992-12-28,0.0
1992-12-29,0.0
1992-12-30,0.0
1992-12-31,0.0
1993-01-01,0.0
1993-01-02,0.0
1993-01-03,0.0
1993-01-04,0.0
1993-01-05,0.0
1993-01-06,0.0
1993-01-07,0.0
1993-01-08,0.0
1993-01-09,0.0
1993-01-10,0.0
1993-01-11,0.0
1993-01-12,0.0
1993-01-13,0.0
1993-01-14,0.0
1993-01-15,0.0
1993-01-16,0.0
1993-01-17,0.0
1993-01-18,0.0
1993-01-19,0.0
1993-01-20,0.0
1993-01-21,0.0
1993-01-22,0.0
1993-01-23,0.0
1993-01-24,0.0
1993-01-25,0.0
1993-01-26,0.0
1993-01-27,0.0
1993-01-28,0.0
1993-01-29,0.0
1993-01-30,0.0
1993-01-31,0.0
1993-02-01,0.0
1993-02-02,0.0
1993-02-03,0.0
1993-02-04,0.0
1993-02-05,0.0
1993-02-06,0.0
1993-02-07,0.0
1993-02-08,0.0
1993-02-09,0.0
1993-02-10,0.0
1993-02-11,0.0
1993-02-12,0.9361683130264282
1993-02-13,0.0
1993-02-14,0.0
1993-02-15,0.0
1993-02-16,0.0
1993-02-17,0.0
1993-02-18,0.0
1993-02-19,0.0
1993-02-20,0.0
1993-02-21,0.0
1993-02-22,0.0
1993-02-23,0.5584909915924072
1993-02-24,0.0
1993-02-25,0.0
1993-02-26,0.0
1993-02-27,0.0
1993-02-28,0.0
1993-03-01,1.5064107179641724
1993-03-02,0.0
1993-03-03,0.0
1993-03-04,0.0
1993-03-05,0.0
1993-03-06,0.0
1993-03-07,0.0
1993-03-08,0.0
1993-03-09,0.0
1993-03-10,0.0
1993-03-11,0.0
1993-03-12,0.0
1993-03-13,0.0
1993-03-14,0.0
1993-03-15,0.0
1993-03-16,0.0
1993-03-17,0.0
1993-03-18,0.0
1993-03-19,0.0
1993-03-20,0.0
1993-03-21,0.0
1993-03-22,0.0
1993-03-23,0.0
1993-03-24,0.0
1993-03-25,0.0
1993-03-26,0.0
1993-03-27,0.0
1993-03-28,0.0
1993-03-29,0.0
1993-03-30,0.0
1993-03-31,0.0
1993-04-01,0.0
1993-04-02,0.0
1993-04-03,0.0
1993-04-04,0.0
1993-04-05,0.0
1993-04-06,0.0
1993-04-07,0.0
1993-04-08,0.0
1993-04-09,0.0
1993-04-10,0.0
1993-04-11,0.0
1993-04-12,0.0
1993-04-13,0.0
1993-04-14,0.0
1993-04-15,0.0
1993-04-16,0.0
1993-04-17,0.0
1993-04-18,0.0
1993-04-19,0.0
1993-04-20,0.0
1993-04-21,0.0
1993-04-22,0.0
1993-04-23,0.0
1993-04-24,0.0
1993-04-25,0.0
1993-04-26,0.0
1993-04-27,0.0
1993-04-28,0.0
1993-04-29,0.0
1993-04-30,0.0
1993-05-01,0.0
1993-05-02,0.0
1993-05-03,0.0
1993-05-04,0.0
1993-05-05,0.0
1993-05-06,0.0
1993-05-07,0.0
1993-05-08,1.326416015625
1993-05-09,0.0
1993-05-10,0.0
1993-05-11,0.0
1993-05-12,0.0
1993-05-13,0.0
1993-05-14,0.0
1993-05-15,0.0
1993-05-16,11.541054725646973
1993-05-17,0.0
1993-05-18,0.0
1993-05-19,0.0
1993-05-20,0.0
1993-05-21,0.2603672742843628
1993-05-22,0.0
1993-05-23,0.0
1993-05-24,0.0
1993-05-25,0.0
1993-05-26,0.0
1993-05-27,5.6556077003479
1993-05-28,0.0
1993-05-29,0.2675167322158813
1993-05-30,0.0
1993-05-31,0.0
1993-06-01,0.0
1993-06-02,0.0
1993-06-03,30.013965606689453
1993-06-04,21.93964385986328
1993-06-05,0.0
1993-06-06,0.174528419971466
1993-06-07,9.849184036254885
1993-06-08,0.0
1993-06-09,23.372772216796875
1993-06-10,0.0
1993-06-11,0.0
1993-06-12,0.0
1993-06-13,0.0
1993-06-14,0.0
1993-06-15,9.374760627746582
1993-06-16,0.0
1993-06-17,0.0
1993-06-18,0.0
1993-06-19,0.0
1993-06-20,0.0
1993-06-21,0.0
1993-06-22,0.0
1993-06-23,0.0
1993-06-24,0.0
1993-06-25,0.0
1993-06-26,0.0
1993-06-27,0.0
1993-06-28,0.0
1993-06-29,0.0
1993-06-30,0.4463265538215637
1993-07-01,0.8926531076431274
1993-07-02,4.583034515380859
1993-07-03,1.6674424409866333
1993-07-04,0.0
1993-07-05,0.4463265538215637
1993-07-06,0.0
1993-07-07,0.0
1993-07-08,9.368669509887695
1993-07-09,0.0
1993-07-10,0.0
1993-07-11,0.0
1993-07-12,0.0
1993-07-13,0.0
1993-07-14,0.0
1993-07-15,0.0
1993-07-16,0.0
1993-07-17,0.0
1993-07-18,0.0
1993-07-19,0.0
1993-07-20,0.0
1993-07-21,1.0265511274337769
1993-07-22,5.1201910972595215
1993-07-23,1.95639967918396
1993-07-24,24.150802612304688
1993-07-25,0.4048498570919037
1993-07-26,0.0
1993-07-27,0.0
1993-07-28,0.9061925411224364
1993-07-29,0.0
1993-07-30,0.0
1993-07-31,0.6630677580833435
1993-08-01,0.0
1993-08-02,0.0
1993-08-03,0.0
1993-08-04,0.0
1993-08-05,0.0
1993-08-06,0.0
1993-08-07,0.0
1993-08-08,16.52338981628418
1993-08-09,9.596776962280272
1993-08-10,0.0
1993-08-11,0.0
1993-08-12,0.0
1993-08-13,0.0
1993-08-14,3.077548027038574
1993-08-15,0.628302276134491
1993-08-16,0.1952754408121109
1993-08-17,0.0
1993-08-18,0.0
1993-08-19,0.0
1993-08-20,0.7305894494056702
1993-08-21,0.5955460071563721
1993-08-22,0.0
1993-08-23,0.0
1993-08-24,0.9487352967262268
1993-08-25,0.669489860534668
1993-08-26,0.0
1993-08-27,0.0
1993-08-28,67.47188568115234
1993-08-29,3.2521798610687256
1993-08-30,4.446513175964356
1993-08-31,7.551658153533935
1993-09-01,15.597686767578123
1993-09-02,5.593009471893311
1993-09-03,3.41710901260376
1993-09-04,19.636159896850582
1993-09-05,1.522677302360535
1993-09-06,3.1556508541107178
1993-09-07,11.735438346862791
1993-09-08,0.0
1993-09-09,0.0
1993-09-10,0.0
1993-09-11,0.5968310832977295
1993-09-12,2.7672243118286133
1993-09-13,0.0
1993-09-14,0.0
1993-09-15,41.20448684692383
1993-09-16,0.1047170609235763
1993-09-17,0.0
1993-09-18,0.0
1993-09-19,0.0
1993-09-20,13.83375644683838
1993-09-21,4.255717754364014
1993-09-22,0.0
1993-09-23,0.0
1993-09-24,0.0
1993-09-25,1.273939847946167
1993-09-26,0.0
1993-09-27,0.0
1993-09-28,0.2138731032609939
1993-09-29,0.0
1993-09-30,0.0
1993-10-01,0.0
1993-10-02,0.0
1993-10-03,4.972775459289551
1993-10-04,2.9936466217041016
1993-10-05,18.061511993408203
1993-10-06,12.63706111907959
1993-10-07,0.0
1993-10-08,3.2676103115081787
1993-10-09,5.3964691162109375
1993-10-10,7.425613880157471
1993-10-11,0.1766777783632278
1993-10-12,4.016939163208008
1993-10-13,11.059080123901367
1993-10-14,2.179857015609741
1993-10-15,16.718379974365234
1993-10-16,0.4828152060508728
1993-10-17,0.6954368948936462
1993-10-18,13.414708137512209
1993-10-19,37.76742172241211
1993-10-20,3.0979256629943848
1993-10-21,14.876344680786133
1993-10-22,2.271282911300659
1993-10-23,0.174528419971466
1993-10-24,7.781398296356201
1993-10-25,8.489411354064941
1993-10-26,0.0
1993-10-27,0.0
1993-10-28,0.6022746562957764
1993-10-29,3.656752586364746
1993-10-30,15.35525894165039
1993-10-31,45.34284210205078
1993-11-01,7.202382564544678
1993-11-02,27.065452575683597
1993-11-03,8.136320114135742
1993-11-04,14.36586856842041
1993-11-05,1.4374041557312012
1993-11-06,18.65072631835937
1993-11-07,2.697497129440308
1993-11-08,12.271381378173828
1993-11-09,44.5104866027832
1993-11-10,115.15605926513672
1993-11-11,24.9468936920166
1993-11-12,12.544947624206545
1993-11-13,5.330974102020264
1993-11-14,5.918153762817383
1993-11-15,0.0
1993-11-16,0.4862496554851532
1993-11-17,0.0
1993-11-18,0.0
1993-11-19,0.0
1993-11-20,0.314010888338089
1993-11-21,1.8522908687591555
1993-11-22,0.0
1993-11-23,0.0
1993-11-24,51.01856994628906
1993-11-25,14.151310920715332
1993-11-26,0.0
1993-11-27,0.0
1993-11-28,0.0
1993-11-29,0.0
1993-11-30,0.3257396519184112
1993-12-01,15.618454933166504
1993-12-02,15.911758422851562
1993-12-03,0.0
1993-12-04,42.74366760253906
1993-12-05,53.26004409790039
1993-12-06,18.29667854309082
1993-12-07,6.899820327758789
1993-12-08,0.0
1993-12-09,0.0
1993-12-10,0.0
1993-12-11,0.0
1993-12-12,0.0
1993-12-13,0.0
1993-12-14,0.0
1993-12-15,0.0
1993-12-16,0.0
1993-12-17,0.0
1993-12-18,0.0
1993-12-19,0.0
1993-12-20,25.708391189575195
1993-12-21,1.2736365795135498
1993-12-22,23.3848819732666
1993-12-23,35.217098236083984
1993-12-24,3.0465540885925293
1993-12-25,0.0
1993-12-26,0.0
1993-12-27,0.0
1993-12-28,0.2908339202404022
1993-12-29,1.2075403928756714
1993-12-30,0.3803878128528595
1993-12-31,0.0
1994-01-01,0.0
1994-01-02,0.0
1994-01-03,0.0
1994-01-04,0.0
1994-01-05,0.0
1994-01-06,0.0
1994-01-07,0.0
1994-01-08,0.0
1994-01-09,0.0
1994-01-10,0.0
1994-01-11,0.0
1994-01-12,0.0
1994-01-13,0.0
1994-01-14,0.0
1994-01-15,0.0
1994-01-16,0.0
1994-01-17,0.0
1994-01-18,0.0
1994-01-19,0.0
1994-01-20,0.4014153778553009
1994-01-21,0.0
1994-01-22,0.0
1994-01-23,0.0
1994-01-24,0.0
1994-01-25,0.0
1994-01-26,0.0
1994-01-27,0.0
1994-01-28,0.0
1994-01-29,0.0
1994-01-30,0.0
1994-01-31,0.0
1994-02-01,0.0
1994-02-02,0.0
1994-02-03,0.0
1994-02-04,0.0
1994-02-05,0.0
1994-02-06,0.0
1994-02-07,1.658968806266785
1994-02-08,17.577634811401367
1994-02-09,0.5845949053764343
1994-02-10,0.0
1994-02-11,0.0
1994-02-12,0.0
1994-02-13,0.0
1994-02-14,0.0
1994-02-15,0.0
1994-02-16,0.0
1994-02-17,0.0
1994-02-18,0.0
1994-02-19,0.0
1994-02-20,0.0
1994-02-21,0.0
1994-02-22,0.0
1994-02-23,0.0
1994-02-24,0.0
1994-02-25,0.0
1994-02-26,0.0
1994-02-27,0.0
1994-02-28,0.0
1994-03-01,0.0
1994-03-02,0.0
1994-03-03,0.0
1994-03-04,0.0
1994-03-05,0.0
1994-03-06,0.0
1994-03-07,0.0
1994-03-08,0.0
1994-03-09,0.0
1994-03-10,0.0
1994-03-11,0.0
1994-03-12,0.0
1994-03-13,0.0
1994-03-14,0.0
1994-03-15,0.0
1994-03-16,0.0
1994-03-17,0.0
1994-03-18,0.0
1994-03-19,0.0
1994-03-20,0.0
1994-03-21,0.0
1994-03-22,0.0
1994-03-23,0.0
1994-03-24,0.0
1994-03-25,0.0
1994-03-26,0.0
1994-03-27,0.0
1994-03-28,0.0
1994-03-29,0.0
1994-03-30,0.0
1994-03-31,0.0
1994-04-01,0.0
1994-04-02,0.0
1994-04-03,0.0
1994-04-04,0.0
1994-04-05,0.0
1994-04-06,0.0
1994-04-07,0.0
1994-04-08,0.0
1994-04-09,0.0
1994-04-10,0.0
1994-04-11,0.0
1994-04-12,0.0
1994-04-13,0.0
1994-04-14,0.0
1994-04-15,0.1326135545969009
1994-04-16,0.0
1994-04-17,0.0
1994-04-18,0.0
1994-04-19,0.0
1994-04-20,0.0
1994-04-21,0.0
1994-04-22,0.0
1994-04-23,0.0
1994-04-24,0.0
1994-04-25,0.0
1994-04-26,0.0
1994-04-27,0.0
1994-04-28,0.0
1994-04-29,0.0
1994-04-30,0.0
1994-05-01,0.0
1994-05-02,0.0
1994-05-03,0.0
1994-05-04,0.0
1994-05-05,0.0
1994-05-06,0.0
1994-05-07,0.0
1994-05-08,0.0
1994-05-09,0.0
1994-05-10,0.0
1994-05-11,0.0
1994-05-12,0.0
1994-05-13,0.0
1994-05-14,0.0
1994-05-15,0.0
1994-05-16,0.0
1994-05-17,0.0
1994-05-18,0.0
1994-05-19,0.0
1994-05-20,0.0
1994-05-21,0.0
1994-05-22,0.0
1994-05-23,0.0
1994-05-24,0.0
1994-05-25,0.6454746127128601
1994-05-26,0.1278939843177795
1994-05-27,0.0
1994-05-28,0.0
1994-05-29,0.0
1994-05-30,0.0
1994-05-31,0.0
1994-06-01,0.0
1994-06-02,0.0
1994-06-03,0.0
1994-06-04,0.0
1994-06-05,0.0
1994-06-06,0.0
1994-06-07,0.0
1994-06-08,0.0
1994-06-09,16.912212371826172
1994-06-10,6.556022644042969
1994-06-11,0.0
1994-06-12,0.0
1994-06-13,0.0
1994-06-14,0.0
1994-06-15,0.0
1994-06-16,0.0
1994-06-17,0.0
1994-06-18,0.1396227478981018
1994-06-19,0.0
1994-06-20,0.7492572665214539
1994-06-21,0.0
1994-06-22,0.0
1994-06-23,0.0
1994-06-24,0.0
1994-06-25,0.0
1994-06-26,4.470217227935791
1994-06-27,0.0
1994-06-28,0.0
1994-06-29,0.0
1994-06-30,0.1919812560081482
1994-07-01,0.0
1994-07-02,7.781398296356201
1994-07-03,2.79175353050232
1994-07-04,0.0
1994-07-05,9.525290489196776
1994-07-06,0.0
1994-07-07,26.93101692199707
1994-07-08,0.0
1994-07-09,1.4408752918243408
1994-07-10,0.0
1994-07-11,0.0
1994-07-12,0.0
1994-07-13,0.0
1994-07-14,0.0
1994-07-15,0.0
1994-07-16,0.0
1994-07-17,0.0
1994-07-18,0.0
1994-07-19,0.0
1994-07-20,1.5124627351760864
1994-07-21,0.1047170609235763
1994-07-22,0.0
1994-07-23,0.0
1994-07-24,0.0
1994-07-25,10.45865249633789
1994-07-26,0.7559157013893127
1994-07-27,1.7190790176391602
1994-07-28,0.1919812560081482
1994-07-29,0.0
1994-07-30,12.738231658935549
1994-07-31,0.0
1994-08-01,0.0
1994-08-02,0.0
1994-08-03,0.0
1994-08-04,0.0
1994-08-05,3.3151984214782715
1994-08-06,20.42536354064941
1994-08-07,0.0
1994-08-08,0.0
1994-08-09,0.0
1994-08-10,7.429647445678711
1994-08-11,0.0
1994-08-12,0.0
1994-08-13,0.0
1994-08-14,0.0
1994-08-15,0.0
1994-08-16,9.745614051818848
1994-08-17,1.853458404541016
1994-08-18,13.33161735534668
1994-08-19,0.0
1994-08-20,0.0
1994-08-21,10.711837768554688
1994-08-22,4.548435688018799
1994-08-23,0.0
1994-08-24,0.0
1994-08-25,32.87416076660156
1994-08-26,0.0
1994-08-27,0.0
1994-08-28,0.0
1994-08-29,0.0
1994-08-30,0.0
1994-08-31,0.0
1994-09-01,0.0
1994-09-02,0.7725043296813965
1994-09-03,3.9742648601531982
1994-09-04,0.0
1994-09-05,0.0
1994-09-06,0.0
1994-09-07,0.0
1994-09-08,0.0
1994-09-09,2.3954782485961914
1994-09-10,0.0
1994-09-11,0.0
1994-09-12,25.690998077392575
1994-09-13,0.1919812560081482
1994-09-14,3.188729763031006
1994-09-15,1.6625685691833496
1994-09-16,0.0
1994-09-17,0.0
1994-09-18,0.0
1994-09-19,0.0
1994-09-20,0.0
1994-09-21,0.0
1994-09-22,0.0
1994-09-23,0.0
1994-09-24,0.0
1994-09-25,0.0
1994-09-26,0.0
1994-09-27,0.0
1994-09-28,1.7853062152862549
1994-09-29,0.0
1994-09-30,1.1284301280975342
1994-10-01,0.1675192415714264
1994-10-02,0.3699441254138946
1994-10-03,16.46943473815918
1994-10-04,19.785541534423828
1994-10-05,0.0
1994-10-06,0.0
1994-10-07,0.0
1994-10-08,0.0
1994-10-09,0.0
1994-10-10,0.0
1994-10-11,0.0
1994-10-12,0.0
1994-10-13,0.0
1994-10-14,0.0
1994-10-15,47.25544357299805
1994-10-16,12.32325839996338
1994-10-17,0.0
1994-10-18,5.558141708374023
1994-10-19,6.522735595703125
1994-10-20,0.0
1994-10-21,0.0
1994-10-22,1.9690624475479128
1994-10-23,0.0
1994-10-24,0.0
1994-10-25,0.0
1994-10-26,0.6677873134613037
1994-10-27,43.710052490234375
1994-10-28,3.4606854915618896
1994-10-29,17.76043128967285
1994-10-30,7.739874362945557
1994-10-31,5.792097568511963
1994-11-01,9.819184303283691
1994-11-02,0.0
1994-11-03,25.70181655883789
1994-11-04,28.92806434631348
1994-11-05,104.31927490234376
1994-11-06,68.2063217163086
1994-11-07,0.3082868158817291
1994-11-08,1.343868851661682
1994-11-09,0.6248571872711182
1994-11-10,13.302027702331545
1994-11-11,42.97345352172852
1994-11-12,13.652570724487305
1994-11-13,0.0
1994-11-14,0.7911019921302795
1994-11-15,0.1115859672427177
1994-11-16,0.2733810842037201
1994-11-17,4.2399420738220215
1994-11-18,0.0
1994-11-19,3.991420030593872
1994-11-20,0.8468949794769287
1994-11-21,10.04717254638672
1994-11-22,2.5457839965820312
1994-11-23,2.669583559036255
1994-11-24,2.163731575012207
1994-11-25,0.6875298023223877
1994-11-26,1.6535775661468506
1994-11-27,0.0
1994-11-28,0.0
1994-11-29,0.0
1994-11-30,0.0
1994-12-01,0.0
1994-12-02,0.0
1994-12-03,0.0
1994-12-04,0.0
1994-12-05,0.0
1994-12-06,0.0
1994-12-07,0.0
1994-12-08,0.0
1994-12-09,0.0
1994-12-10,0.0
1994-12-11,0.0
1994-12-12,0.0
1994-12-13,0.0
1994-12-14,0.0
1994-12-15,0.0
1994-12-16,0.0
1994-12-17,0.0
1994-12-18,0.0
1994-12-19,9.030354499816896
1994-12-20,1.2182531356811523
1994-12-21,31.3281307220459
1994-12-22,7.156960964202881
1994-12-23,0.4048498570919037
1994-12-24,0.0
1994-12-25,0.0
1994-12-26,0.0
1994-12-27,0.0
1994-12-28,0.0
1994-12-29,0.0
1994-12-30,0.0
1994-12-31,0.0
1995-01-01,0.0
1995-01-02,0.0
1995-01-03,0.0
1995-01-04,0.0
1995-01-05,0.0
1995-01-06,0.0
1995-01-07,0.0
1995-01-08,1.2651660442352295
1995-01-09,0.0
1995-01-10,0.0
1995-01-11,0.0
1995-01-12,0.0
1995-01-13,0.0
1995-01-14,0.1256043612957
1995-01-15,1.7740451097488403
1995-01-16,6.038262844085693
1995-01-17,0.1605100482702255
1995-01-18,0.4071394503116607
1995-01-19,1.244455099105835
1995-01-20,2.90777850151062
1995-01-21,0.0
1995-01-22,0.0
1995-01-23,0.0
1995-01-24,0.0
1995-01-25,0.0
1995-01-26,0.0
1995-01-27,0.0
1995-01-28,0.0
1995-01-29,0.0
1995-01-30,0.0
1995-01-31,0.0
1995-02-01,0.0
1995-02-02,0.0
1995-02-03,0.0
1995-02-04,0.0
1995-02-05,0.0
1995-02-06,0.0
1995-02-07,0.0
1995-02-08,0.0
1995-02-09,0.0
1995-02-10,0.0
1995-02-11,0.0
1995-02-12,0.0
1995-02-13,0.0
1995-02-14,0.0
1995-02-15,0.0
1995-02-16,0.0
1995-02-17,0.0
1995-02-18,0.0
1995-02-19,0.0
1995-02-20,0.0
1995-02-21,0.0
1995-02-22,0.0
1995-02-23,0.0
1995-02-24,0.0
1995-02-25,0.0
1995-02-26,0.0
1995-02-27,0.0
1995-02-28,0.0
1995-03-01,0.0
1995-03-02,0.0
1995-03-03,0.0
1995-03-04,0.0
1995-03-05,0.0
1995-03-06,0.0
1995-03-07,0.0
1995-03-08,0.0
1995-03-09,0.0
1995-03-10,0.0
1995-03-11,0.0
1995-03-12,0.0
1995-03-13,0.0
1995-03-14,0.0
1995-03-15,0.0
1995-03-16,0.0
1995-03-17,0.0
1995-03-18,0.0
1995-03-19,0.0
1995-03-20,0.0
1995-03-21,0.0
1995-03-22,0.0
1995-03-23,0.0
1995-03-24,0.0
1995-03-25,0.0
1995-03-26,0.0
1995-03-27,0.9096270203590392
1995-03-28,0.0
1995-03-29,0.0
1995-03-30,0.0
1995-03-31,0.0
1995-04-01,0.0
1995-04-02,0.0
1995-04-03,0.0
1995-04-04,0.0
1995-04-05,0.0
1995-04-06,0.8487914800643921
1995-04-07,0.0
1995-04-08,0.0
1995-04-09,0.0
1995-04-10,0.0
1995-04-11,0.0
1995-04-12,0.0
1995-04-13,0.0
1995-04-14,0.0
1995-04-15,0.0
1995-04-16,0.1042626202106475
1995-04-17,0.0
1995-04-18,0.0
1995-04-19,0.0
1995-04-20,0.0
1995-04-21,0.0
1995-04-22,0.0
1995-04-23,0.0
1995-04-24,0.0
1995-04-25,0.0
1995-04-26,0.0
1995-04-27,0.0
1995-04-28,0.0
1995-04-29,0.0
1995-04-30,0.0
1995-05-01,0.0
1995-05-02,0.0
1995-05-03,0.0
1995-05-04,0.0
1995-05-05,1.6362630128860474
1995-05-06,29.517614364624023
1995-05-07,34.53940963745117
1995-05-08,15.553740501403809
1995-05-09,5.471146583557129
1995-05-10,0.0
1995-05-11,0.0
1995-05-12,0.0
1995-05-13,0.0
1995-05-14,0.0
1995-05-15,0.0
1995-05-16,0.0
1995-05-17,0.0
1995-05-18,0.0
1995-05-19,0.0
1995-05-20,0.0
1995-05-21,0.0
1995-05-22,0.0
1995-05-23,0.0
1995-05-24,0.0
1995-05-25,0.0
1995-05-26,0.0
1995-05-27,0.0
1995-05-28,0.0
1995-05-29,0.0
1995-05-30,0.0
1995-05-31,0.0
1995-06-01,0.0
1995-06-02,0.0
1995-06-03,0.0
1995-06-04,0.0
1995-06-05,0.0
1995-06-06,0.0
1995-06-07,0.0
1995-06-08,0.0
1995-06-09,0.0
1995-06-10,0.0
1995-06-11,0.0
1995-06-12,0.0
1995-06-13,1.51704204082489
1995-06-14,0.0
1995-06-15,0.669489860534668
1995-06-16,0.0
1995-06-17,0.7095619440078735
1995-06-18,0.0
1995-06-19,0.0
1995-06-20,0.0
1995-06-21,0.0
1995-06-22,3.9635586738586426
1995-06-23,0.0
1995-06-24,0.8926531076431274
1995-06-25,2.163135766983032
1995-06-26,0.0
1995-06-27,0.0
1995-06-28,0.0
1995-06-29,0.0
1995-06-30,0.0
1995-07-01,0.0
1995-07-02,0.0
1995-07-03,0.0
1995-07-04,0.0
1995-07-05,0.0
1995-07-06,0.0
1995-07-07,9.908449172973633
1995-07-08,0.0
1995-07-09,0.174528419971466
1995-07-10,0.8875248432159424
1995-07-11,0.5759437680244446
1995-07-12,0.0
1995-07-13,0.0
1995-07-14,0.0
1995-07-15,1.4213433265686035
1995-07-16,0.2094341218471527
1995-07-17,1.984270453453064
1995-07-18,0.0
1995-07-19,0.0
1995-07-20,0.0
1995-07-21,0.0
1995-07-22,0.0
1995-07-23,0.0
1995-07-24,9.430377006530762
1995-07-25,2.901122570037842
1995-07-26,0.2231632769107818
1995-07-27,6.123290061950684
1995-07-28,50.10164642333984
1995-07-29,4.106204509735107
1995-07-30,0.0
1995-07-31,0.0
1995-08-01,4.951565265655518
1995-08-02,0.0
1995-08-03,0.0
1995-08-04,0.0
1995-08-05,0.0
1995-08-06,0.0
1995-08-07,1.1623538732528689
1995-08-08,6.159680843353272
1995-08-09,8.145478248596191
1995-08-10,0.0
1995-08-11,0.0
1995-08-12,0.0
1995-08-13,0.0
1995-08-14,0.1396227478981018
1995-08-15,0.0
1995-08-16,0.0
1995-08-17,3.488884925842285
1995-08-18,3.013657331466675
1995-08-19,0.0
1995-08-20,4.329367160797119
1995-08-21,0.0
1995-08-22,0.5558141469955444
1995-08-23,3.6429402828216553
1995-08-24,0.2677959501743316
1995-08-25,0.0
1995-08-26,0.0
1995-08-27,1.1789424419403076
1995-08-28,6.127430438995361
1995-08-29,1.1939387321472168
1995-08-30,0.0
1995-08-31,0.0
1995-09-01,0.6956837773323059
1995-09-02,0.0
1995-09-03,0.0
1995-09-04,2.422813892364502
1995-09-05,1.1116282939910889
1995-09-06,0.0
1995-09-07,0.33160400390625
1995-09-08,0.0
1995-09-09,0.1570755690336227
1995-09-10,0.7324582934379578
1995-09-11,11.998824119567873
1995-09-12,0.0
1995-09-13,0.0
1995-09-14,0.0
1995-09-15,0.0
1995-09-16,0.0
1995-09-17,3.783489942550659
1995-09-18,0.0
1995-09-19,0.0
1995-09-20,0.0
1995-09-21,14.03508758544922
1995-09-22,3.698974609375
1995-09-23,0.0
1995-09-24,2.29828143119812
1995-09-25,0.0
1995-09-26,0.0
1995-09-27,0.0
1995-09-28,25.96074867248535
1995-09-29,0.2268869429826736
1995-09-30,21.446165084838867
1995-10-01,0.0
1995-10-02,0.0
1995-10-03,0.0
1995-10-04,3.875344753265381
1995-10-05,0.0
1995-10-06,0.0
1995-10-07,5.035243034362793
1995-10-08,4.274917602539063
1995-10-09,7.05099630355835
1995-10-10,11.10232162475586
1995-10-11,0.0
1995-10-12,0.0
1995-10-13,0.0
1995-10-14,0.0
1995-10-15,6.200543880462647
1995-10-16,0.1047170609235763
1995-10-17,0.0
1995-10-18,0.0
1995-10-19,9.819184303283691
1995-10-20,0.0
1995-10-21,4.904968738555908
1995-10-22,0.0
1995-10-23,5.579224586486816
1995-10-24,6.823641777038574
1995-10-25,10.45186710357666
1995-10-26,0.0
1995-10-27,0.8574689030647278
1995-10-28,0.6981136798858643
1995-10-29,2.363110303878784
1995-10-30,2.901122570037842
1995-10-31,0.2792454957962036
1995-11-01,0.0
1995-11-02,2.1628899574279785
1995-11-03,4.48137092590332
1995-11-04,7.661975383758545
1995-11-05,8.97838020324707
1995-11-06,41.33088302612305
1995-11-07,0.1396227478981018
1995-11-08,2.031428813934326
1995-11-09,0.0
1995-11-10,0.0
1995-11-11,0.5802245140075684
1995-11-12,0.0
1995-11-13,0.0
1995-11-14,0.0
1995-11-15,0.0
1995-11-16,0.0
1995-11-17,0.0
1995-11-18,0.0
1995-11-19,0.0
1995-11-20,0.0
1995-11-21,0.0
1995-11-22,0.0
1995-11-23,0.0
1995-11-24,2.0425281524658203
1995-11-25,0.0
1995-11-26,0.2094341218471527
1995-11-27,0.0
1995-11-28,0.2443397790193557
1995-11-29,0.0
1995-11-30,0.2231632769107818
1995-12-01,0.0
1995-12-02,0.0
1995-12-03,0.0
1995-12-04,0.0
1995-12-05,0.0
1995-12-06,0.0
1995-12-07,0.0
1995-12-08,3.583394765853882
1995-12-09,0.0
1995-12-10,3.7715823650360103
1995-12-11,1.1595467329025269
1995-12-12,0.0
1995-12-13,0.0
1995-12-14,0.0
1995-12-15,0.0
1995-12-16,0.0
1995-12-17,0.0
1995-12-18,0.0
1995-12-19,0.0
1995-12-20,0.0
1995-12-21,0.0
1995-12-22,0.0
1995-12-23,0.0
1995-12-24,0.0
1995-12-25,0.0
1995-12-26,0.0
1995-12-27,0.0
1995-12-28,1.298049807548523
1995-12-29,1.1387590169906616
1995-12-30,0.0
1995-12-31,0.0
1996-01-01,0.0
1996-01-02,0.0
1996-01-03,0.0
1996-01-04,0.0
1996-01-05,0.0
1996-01-06,0.0
1996-01-07,0.0
1996-01-08,0.0
1996-01-09,0.0
1996-01-10,0.0
1996-01-11,0.0
1996-01-12,0.0
1996-01-13,0.0
1996-01-14,0.0
1996-01-15,0.0
1996-01-16,0.0
1996-01-17,0.0
1996-01-18,0.0
1996-01-19,0.0
1996-01-20,0.0
1996-01-21,0.0
1996-01-22,0.0
1996-01-23,0.0
1996-01-24,0.0
1996-01-25,0.0
1996-01-26,0.0
1996-01-27,0.0
1996-01-28,0.0
1996-01-29,0.0
1996-01-30,0.0
1996-01-31,0.0
1996-02-01,0.0
1996-02-02,0.0
1996-02-03,0.0
1996-02-04,0.0
1996-02-05,0.0
1996-02-06,0.0
1996-02-07,0.0
1996-02-08,0.0
1996-02-09,0.0
1996-02-10,0.0
1996-02-11,0.0
1996-02-12,0.0
1996-02-13,0.0
1996-02-14,0.0
1996-02-15,0.0
1996-02-16,0.0
1996-02-17,0.0
1996-02-18,0.0
1996-02-19,0.0
1996-02-20,0.0
1996-02-21,0.0
1996-02-22,0.1919812560081482
1996-02-23,0.0
1996-02-24,0.0
1996-02-25,0.0
1996-02-26,0.0
1996-02-27,0.0
1996-02-28,0.0
1996-02-29,0.0
1996-03-01,0.0
1996-03-02,0.0
1996-03-03,0.0
1996-03-04,0.0
1996-03-05,0.0
1996-03-06,0.0
1996-03-07,0.0
1996-03-08,0.0
1996-03-09,0.0
1996-03-10,0.0
1996-03-11,0.0
1996-03-12,0.0
1996-03-13,0.0
1996-03-14,0.0
1996-03-15,0.0
1996-03-16,0.0
1996-03-17,0.0
1996-03-18,0.0
1996-03-19,0.0
1996-03-20,0.0
1996-03-21,0.0
1996-03-22,0.0
1996-03-23,0.0
1996-03-24,0.0
1996-03-25,0.0
1996-03-26,0.0
1996-03-27,0.0
1996-03-28,0.0
1996-03-29,0.0
1996-03-30,0.0
1996-03-31,0.0
1996-04-01,0.0
1996-04-02,0.0
1996-04-03,0.0
1996-04-04,0.0
1996-04-05,0.0
1996-04-06,0.0
1996-04-07,3.524632215499878
1996-04-08,0.0
1996-04-09,0.0
1996-04-10,0.0
1996-04-11,0.0
1996-04-12,0.0
1996-04-13,78.77545928955078
1996-04-14,0.0
1996-04-15,1.0319966077804563
1996-04-16,0.0
1996-04-17,0.0
1996-04-18,0.0
1996-04-19,0.0
1996-04-20,0.0
1996-04-21,0.0
1996-04-22,0.0
1996-04-23,0.0
1996-04-24,0.0
1996-04-25,0.0
1996-04-26,0.0
1996-04-27,0.0
1996-04-28,0.0
1996-04-29,0.0
1996-04-30,0.0
1996-05-01,0.565646767616272
1996-05-02,0.0
1996-05-03,0.0
1996-05-04,0.0
1996-05-05,0.0
1996-05-06,0.0
1996-05-07,0.0
1996-05-08,0.0
1996-05-09,0.0
1996-05-10,0.0
1996-05-11,0.0
1996-05-12,0.0
1996-05-13,0.0
1996-05-14,0.0
1996-05-15,0.0
1996-05-16,0.0
1996-05-17,0.0
1996-05-18,0.0
1996-05-19,0.0
1996-05-20,0.0
1996-05-21,0.0
1996-05-22,0.0
1996-05-23,0.0
1996-05-24,0.0
1996-05-25,0.0
1996-05-26,0.0
1996-05-27,0.0
1996-05-28,0.0
1996-05-29,0.0
1996-05-30,0.0
1996-05-31,0.0
1996-06-01,0.0
1996-06-02,0.0
1996-06-03,0.0
1996-06-04,0.0
1996-06-05,0.0
1996-06-06,0.0
1996-06-07,3.48134708404541
1996-06-08,0.0
1996-06-09,0.442045122385025
1996-06-10,0.0
1996-06-11,7.14122486114502
1996-06-12,14.223295211791992
1996-06-13,33.7337646484375
1996-06-14,52.938758850097656
1996-06-15,37.44392776489258
1996-06-16,0.0
1996-06-17,0.0
1996-06-18,0.0
1996-06-19,0.0
1996-06-20,0.0
1996-06-21,0.0
1996-06-22,0.174528419971466
1996-06-23,1.8411458730697632
1996-06-24,0.0
1996-06-25,0.0
1996-06-26,1.5621429681777954
1996-06-27,9.3558349609375
1996-06-28,0.0
1996-06-29,0.0
1996-06-30,0.0
1996-07-01,0.0
1996-07-02,0.0
1996-07-03,0.0
1996-07-04,0.0
1996-07-05,0.0
1996-07-06,1.2053731679916382
1996-07-07,1.993039608001709
1996-07-08,0.0
1996-07-09,0.0
1996-07-10,2.697740077972412
1996-07-11,0.0
1996-07-12,0.0
1996-07-13,0.4092170894145965
1996-07-14,5.209370136260986
1996-07-15,0.0
1996-07-16,1.328693151473999
1996-07-17,1.2648528814315796
1996-07-18,1.7500858306884766
1996-07-19,0.4092170894145965
1996-07-20,0.0
1996-07-21,9.299735069274902
1996-07-22,0.0
1996-07-23,0.0
1996-07-24,0.0
1996-07-25,0.0
1996-07-26,0.0
1996-07-27,0.0
1996-07-28,0.0
1996-07-29,0.0
1996-07-30,0.1116046607494354
1996-07-31,0.0
1996-08-01,0.0
1996-08-02,0.0
1996-08-03,0.0
1996-08-04,0.0
1996-08-05,0.0
1996-08-06,3.574336051940918
1996-08-07,0.0
1996-08-08,0.0
1996-08-09,1.5541672706604004
1996-08-10,2.901122570037842
1996-08-11,3.297967433929444
1996-08-12,4.922751426696777
1996-08-13,41.38874053955078
1996-08-14,5.932623386383057
1996-08-15,4.621532440185547
1996-08-16,0.0
1996-08-17,0.0
1996-08-18,0.0
1996-08-19,3.8906991481781006
1996-08-20,21.18796157836914
1996-08-21,5.814502239227295
1996-08-22,0.0
1996-08-23,8.504279136657715
1996-08-24,0.0
1996-08-25,0.0
1996-08-26,0.0
1996-08-27,0.0
1996-08-28,0.0
1996-08-29,0.0
1996-08-30,0.0
1996-08-31,29.873708724975582
1996-09-01,2.8273606300354004
1996-09-02,0.0
1996-09-03,11.065730094909668
1996-09-04,0.1396227478981018
1996-09-05,2.1708810329437256
1996-09-06,0.0
1996-09-07,0.0
1996-09-08,1.0981037616729736
1996-09-09,0.0
1996-09-10,0.0
1996-09-11,0.0
1996-09-12,1.1446679830551147
1996-09-13,0.3778176307678222
1996-09-14,14.547701835632324
1996-09-15,0.0
1996-09-16,0.0
1996-09-17,0.0
1996-09-18,0.0
1996-09-19,0.0
1996-09-20,6.513698101043701
1996-09-21,0.0
1996-09-22,10.436322212219238
1996-09-23,10.555700302124023
1996-09-24,19.62372398376465
1996-09-25,8.06192398071289
1996-09-26,0.0
1996-09-27,0.0
1996-09-28,0.0
1996-09-29,12.035598754882812
1996-09-30,0.0
1996-10-01,0.0
1996-10-02,0.5933966636657715
1996-10-03,0.0
1996-10-04,0.0
1996-10-05,0.0
1996-10-06,0.0
1996-10-07,0.2094341218471527
1996-10-08,2.652130603790283
1996-10-09,15.501425743103027
1996-10-10,4.538272857666016
1996-10-11,9.062861442565918
1996-10-12,5.702216148376465
1996-10-13,0.8200029730796814
1996-10-14,1.2285679578781128
1996-10-15,0.7511962056159973
1996-10-16,2.426668882369995
1996-10-17,2.117725133895874
1996-10-18,0.174528419971466
1996-10-19,5.475530624389648
1996-10-20,1.5999253988265991
1996-10-21,0.0
1996-10-22,0.0
1996-10-23,0.0
1996-10-24,0.174528419971466
1996-10-25,11.909303665161133
1996-10-26,0.0
1996-10-27,0.0
1996-10-28,0.0
1996-10-29,0.0
1996-10-30,0.0
1996-10-31,0.0
1996-11-01,6.087570667266846
1996-11-02,0.0
1996-11-03,0.0
1996-11-04,0.0
1996-11-05,0.0
1996-11-06,0.0
1996-11-07,0.0
1996-11-08,0.0
1996-11-09,0.1396227478981018
1996-11-10,0.0
1996-11-11,0.0
1996-11-12,0.0
1996-11-13,0.0
1996-11-14,0.0
1996-11-15,3.2795910835266118
1996-11-16,0.0
1996-11-17,0.3221648931503296
1996-11-18,6.799745082855225
1996-11-19,0.9250006675720216
1996-11-20,2.225350856781006
1996-11-21,1.391157150268555
1996-11-22,19.60018539428711
1996-11-23,14.870765686035156
1996-11-24,55.81816101074219
1996-11-25,5.592962741851807
1996-11-26,15.799090385437012
1996-11-27,7.18355131149292
1996-11-28,3.850210905075073
1996-11-29,1.829938888549805
1996-11-30,0.0
1996-12-01,0.0
1996-12-02,0.0
1996-12-03,0.0
1996-12-04,0.0
1996-12-05,0.0
1996-12-06,0.3839625120162964
1996-12-07,26.57085418701172
1996-12-08,6.914846420288086
1996-12-09,62.18275833129883
1996-12-10,93.27513122558594
1996-12-11,113.43417358398438
1996-12-12,14.488018035888672
1996-12-13,85.22903442382812
1996-12-14,79.38854217529297
1996-12-15,79.47236633300781
1996-12-16,81.30635070800781
1996-12-17,15.333836555480955
1996-12-18,17.072284698486328
1996-12-19,15.398265838623049
1996-12-20,5.355918884277344
1996-12-21,0.0
1996-12-22,0.0
1996-12-23,0.0
1996-12-24,0.0
1996-12-25,0.0
1996-12-26,0.0
1996-12-27,0.0
1996-12-28,0.0
1996-12-29,0.0
1996-12-30,0.0
1996-12-31,0.0
1997-01-01,0.0
1997-01-02,0.0
1997-01-03,0.0
1997-01-04,0.0
1997-01-05,0.0
1997-01-06,0.0
1997-01-07,0.0
1997-01-08,0.383681982755661
1997-01-09,2.882277011871338
1997-01-10,0.2268869429826736
1997-01-11,1.256604552268982
1997-01-12,0.0
1997-01-13,0.0
1997-01-14,0.0
1997-01-15,0.0
1997-01-16,0.0
1997-01-17,0.0
1997-01-18,0.0
1997-01-19,0.0
1997-01-20,0.0
1997-01-21,0.0
1997-01-22,0.0
1997-01-23,0.0
1997-01-24,0.0
1997-01-25,0.0
1997-01-26,0.0
1997-01-27,0.0
1997-01-28,0.0
1997-01-29,0.0
1997-01-30,0.0
1997-01-31,0.0
1997-02-01,0.0
1997-02-02,0.0
1997-02-03,0.0
1997-02-04,0.0
1997-02-05,0.0
1997-02-06,0.0
1997-02-07,0.0
1997-02-08,0.0
1997-02-09,0.0
1997-02-10,0.0
1997-02-11,0.0
1997-02-12,0.0
1997-02-13,0.0
1997-02-14,0.0
1997-02-15,0.0
1997-02-16,0.0
1997-02-17,0.0
1997-02-18,0.0
1997-02-19,0.0
1997-02-20,0.0
1997-02-21,0.0
1997-02-22,0.0
1997-02-23,0.0
1997-02-24,0.0
1997-02-25,0.0
1997-02-26,0.0
1997-02-27,0.0
1997-02-28,0.0
1997-03-01,0.0
1997-03-02,0.0
1997-03-03,0.0
1997-03-04,0.0
1997-03-05,0.0
1997-03-06,0.0
1997-03-07,0.0
1997-03-08,0.0
1997-03-09,0.0
1997-03-10,0.0
1997-03-11,0.0
1997-03-12,0.0
1997-03-13,0.0
1997-03-14,0.0
1997-03-15,0.0
1997-03-16,0.0
1997-03-17,0.0
1997-03-18,0.0
1997-03-19,0.0
1997-03-20,0.0
1997-03-21,0.0
1997-03-22,0.0
1997-03-23,0.0
1997-03-24,0.0
1997-03-25,0.0
1997-03-26,0.0
1997-03-27,0.0
1997-03-28,0.0
1997-03-29,0.0
1997-03-30,0.0
1997-03-31,0.0
1997-04-01,0.0
1997-04-02,0.0
1997-04-03,0.0
1997-04-04,0.0
1997-04-05,0.0
1997-04-06,7.339609146118164
1997-04-07,2.371255397796631
1997-04-08,0.0
1997-04-09,0.0
1997-04-10,0.0
1997-04-11,0.0
1997-04-12,0.3141511380672455
1997-04-13,0.0
1997-04-14,0.0
1997-04-15,0.0
1997-04-16,0.0
1997-04-17,0.0
1997-04-18,0.0
1997-04-19,0.0
1997-04-20,0.0
1997-04-21,0.0
1997-04-22,0.0
1997-04-23,0.0
1997-04-24,0.0
1997-04-25,0.0
1997-04-26,0.0
1997-04-27,0.0
1997-04-28,0.0
1997-04-29,0.0
1997-04-30,0.0
1997-05-01,0.0
1997-05-02,0.0
1997-05-03,0.0
1997-05-04,0.0
1997-05-05,0.0
1997-05-06,0.0
1997-05-07,0.2326110452413559
1997-05-08,2.414762020111084
1997-05-09,0.0
1997-05-10,0.0
1997-05-11,0.0
1997-05-12,0.0
1997-05-13,0.0
1997-05-14,0.0
1997-05-15,0.0
1997-05-16,0.0
1997-05-17,0.0
1997-05-18,0.0
1997-05-19,0.0
1997-05-20,0.0
1997-05-21,0.0
1997-05-22,0.0
1997-05-23,0.0
1997-05-24,0.0
1997-05-25,0.0
1997-05-26,0.0
1997-05-27,0.0
1997-05-28,0.0
1997-05-29,0.0
1997-05-30,0.0
1997-05-31,0.0
1997-06-01,0.0
1997-06-02,0.0
1997-06-03,0.0
1997-06-04,0.0
1997-06-05,0.0
1997-06-06,0.0
1997-06-07,0.0
1997-06-08,0.0
1997-06-09,0.0
1997-06-10,0.0
1997-06-11,0.0
1997-06-12,19.841997146606445
1997-06-13,0.0
1997-06-14,0.0
1997-06-15,0.0
1997-06-16,0.0
1997-06-17,0.0
1997-06-18,0.0
1997-06-19,0.0
1997-06-20,0.0
1997-06-21,0.0
1997-06-22,1.4995970726013184
1997-06-23,0.0
1997-06-24,9.73883819580078
1997-06-25,1.3615334033966064
1997-06-26,0.0
1997-06-27,0.0
1997-06-28,0.0
1997-06-29,0.0
1997-06-30,0.0
1997-07-01,0.0
1997-07-02,0.0
1997-07-03,0.0
1997-07-04,1.115816354751587
1997-07-05,1.146817326545715
1997-07-06,0.0
1997-07-07,0.0
1997-07-08,5.06606388092041
1997-07-09,0.0
1997-07-10,0.0
1997-07-11,1.0935243368148804
1997-07-12,0.0
1997-07-13,0.0
1997-07-14,2.5886940956115723
1997-07-15,0.0
1997-07-16,0.0
1997-07-17,0.0
1997-07-18,0.0
1997-07-19,0.0
1997-07-20,0.0
1997-07-21,0.0
1997-07-22,14.52294921875
1997-07-23,19.32668685913086
1997-07-24,2.245271921157837
1997-07-25,0.4537738859653473
1997-07-26,0.8480204343795776
1997-07-27,1.9460031986236568
1997-07-28,0.0
1997-07-29,0.0
1997-07-30,0.0
1997-07-31,0.0
1997-08-01,0.0
1997-08-02,0.0
1997-08-03,0.0
1997-08-04,0.0
1997-08-05,0.0
1997-08-06,3.369765520095825
1997-08-07,0.0
1997-08-08,0.0
1997-08-09,0.5410380959510803
1997-08-10,0.0
1997-08-11,2.9709341526031494
1997-08-12,5.1466875076293945
1997-08-13,15.943772315979004
1997-08-14,4.1112589836120605
1997-08-15,3.2244410514831543
1997-08-16,20.64582061767578
1997-08-17,9.090950012207031
1997-08-18,11.841136932373049
1997-08-19,0.0
1997-08-20,11.158164024353027
1997-08-21,2.489701747894287
1997-08-22,0.1221698895096778
1997-08-23,2.7672243118286133
1997-08-24,0.0
1997-08-25,0.0
1997-08-26,0.0
1997-08-27,0.0
1997-08-28,0.0
1997-08-29,0.0
1997-08-30,0.0
1997-08-31,21.1558780670166
1997-09-01,0.0
1997-09-02,0.0
1997-09-03,8.031876564025879
1997-09-04,0.0
1997-09-05,0.3490568399429321
1997-09-06,0.0
1997-09-07,10.74809455871582
1997-09-08,23.870094299316406
1997-09-09,0.0
1997-09-10,2.9903879165649414
1997-09-11,0.0
1997-09-12,0.0
1997-09-13,1.0693655014038086
1997-09-14,0.0
1997-09-15,0.0
1997-09-16,19.22225379943848
1997-09-17,0.0
1997-09-18,0.0
1997-09-19,0.0
1997-09-20,0.0
1997-09-21,2.008687734603882
1997-09-22,0.0
1997-09-23,4.022065162658691
1997-09-24,0.0
1997-09-25,0.0
1997-09-26,0.0
1997-09-27,0.0
1997-09-28,0.0
1997-09-29,0.0
1997-09-30,0.0
1997-10-01,4.111305236816406
1997-10-02,0.9215850234031676
1997-10-03,40.55805206298828
1997-10-04,0.0
1997-10-05,0.0
1997-10-06,0.0
1997-10-07,0.0
1997-10-08,0.0
1997-10-09,0.0
1997-10-10,0.0
1997-10-11,0.0
1997-10-12,0.7344652414321899
1997-10-13,3.09828782081604
1997-10-14,13.639864921569824
1997-10-15,0.2633100152015686
1997-10-16,13.402557373046877
1997-10-17,35.12579727172852
1997-10-18,1.9937222003936768
1997-10-19,0.0
1997-10-20,25.676115036010746
1997-10-21,28.75630569458008
1997-10-22,0.9103111624717712
1997-10-23,5.588759899139404
1997-10-24,1.628623366355896
1997-10-25,2.4954159259796143
1997-10-26,1.949837327003479
1997-10-27,6.409966945648193
1997-10-28,1.5143380165100098
1997-10-29,28.46464729309082
1997-10-30,101.1685028076172
1997-10-31,0.5304002165794373
1997-11-01,2.138179302215576
1997-11-02,0.4537738859653473
1997-11-03,40.16175842285156
1997-11-04,18.51261711120605
1997-11-05,9.169234275817873
1997-11-06,7.8055315017700195
1997-11-07,30.70080947875977
1997-11-08,44.66996765136719
1997-11-09,10.585108757019045
1997-11-10,9.411677360534668
1997-11-11,0.0
1997-11-12,0.0
1997-11-13,0.0
1997-11-14,0.0
1997-11-15,8.742074966430664
1997-11-16,40.7298469543457
1997-11-17,103.66870880126952
1997-11-18,4.603470802307129
1997-11-19,1.3010863065719604
1997-11-20,9.272490501403809
1997-11-21,0.9799173474311828
1997-11-22,10.969188690185549
1997-11-23,4.277767181396484
1997-11-24,7.218540668487549
1997-11-25,5.778237342834473
1997-11-26,0.0
1997-11-27,0.0
1997-11-28,3.539374828338623
1997-11-29,5.854049205780029
1997-11-30,4.33585262298584
1997-12-01,0.0
1997-12-02,10.42149257659912
1997-12-03,1.115816354751587
1997-12-04,1.5095138549804688
1997-12-05,22.412059783935547
1997-12-06,12.39100170135498
1997-12-07,36.95824432373047
1997-12-08,8.048959732055664
1997-12-09,3.128497838973999
1997-12-10,11.09045124053955
1997-12-11,0.0
1997-12-12,5.40603494644165
1997-12-13,0.2617926299571991
1997-12-14,0.0
1997-12-15,0.4277462065219879
1997-12-16,0.0
1997-12-17,0.0
1997-12-18,14.531230926513672
1997-12-19,0.1047170609235763
1997-12-20,25.99402618408203
1997-12-21,21.35235977172852
1997-12-22,88.559326171875
1997-12-23,18.58597183227539
1997-12-24,3.736578941345215
1997-12-25,18.285457611083984
1997-12-26,0.0
1997-12-27,0.835059642791748
1997-12-28,2.99192476272583
1997-12-29,2.231632709503174
1997-12-30,0.0
1997-12-31,0.0
1998-01-01,0.0
1998-01-02,0.0
1998-01-03,0.0
1998-01-04,0.0
1998-01-05,0.0
1998-01-06,0.0
1998-01-07,0.0
1998-01-08,0.0
1998-01-09,0.0
1998-01-10,0.0
1998-01-11,0.0
1998-01-12,0.0
1998-01-13,0.0
1998-01-14,0.0
1998-01-15,0.0
1998-01-16,0.0
1998-01-17,0.0
1998-01-18,0.0
1998-01-19,0.0
1998-01-20,0.0
1998-01-21,0.0
1998-01-22,0.0
1998-01-23,0.0
1998-01-24,0.0
1998-01-25,0.0
1998-01-26,0.0
1998-01-27,0.0
1998-01-28,0.1861471533775329
1998-01-29,1.920567870140076
1998-01-30,0.7682271599769592
1998-01-31,0.0
1998-02-01,0.0
1998-02-02,0.0
1998-02-03,0.0
1998-02-04,0.0
1998-02-05,0.0
1998-02-06,0.0
1998-02-07,0.0
1998-02-08,0.0
1998-02-09,0.0
1998-02-10,0.0
1998-02-11,0.0
1998-02-12,0.0
1998-02-13,0.0
1998-02-14,0.0
1998-02-15,0.0
1998-02-16,0.0
1998-02-17,0.0
1998-02-18,0.0
1998-02-19,0.0
1998-02-20,0.0
1998-02-21,0.0
1998-02-22,0.0
1998-02-23,0.0
1998-02-24,0.0
1998-02-25,0.0
1998-02-26,0.0
1998-02-27,0.0
1998-02-28,0.0
1998-03-01,0.0
1998-03-02,0.0
1998-03-03,0.0
1998-03-04,0.0
1998-03-05,0.0
1998-03-06,0.0
1998-03-07,0.0
1998-03-08,0.0
1998-03-09,0.0
1998-03-10,0.0
1998-03-11,0.0
1998-03-12,0.0
1998-03-13,0.0
1998-03-14,0.0
1998-03-15,0.0
1998-03-16,0.0
1998-03-17,0.0
1998-03-18,0.0
1998-03-19,0.0
1998-03-20,0.0
1998-03-21,0.0
1998-03-22,0.0
1998-03-23,0.0
1998-03-24,0.0
1998-03-25,0.0
1998-03-26,0.0
1998-03-27,0.0
1998-03-28,0.0
1998-03-29,0.0
1998-03-30,0.0
1998-03-31,0.0
1998-04-01,0.0
1998-04-02,0.0
1998-04-03,0.0
1998-04-04,0.0
1998-04-05,0.0
1998-04-06,0.0
1998-04-07,0.0
1998-04-08,0.0
1998-04-09,0.0
1998-04-10,0.0
1998-04-11,0.0
1998-04-12,0.0
1998-04-13,0.0
1998-04-14,0.0
1998-04-15,0.0
1998-04-16,0.0
1998-04-17,0.0
1998-04-18,0.0
1998-04-19,0.0
1998-04-20,0.0
1998-04-21,0.0
1998-04-22,0.0
1998-04-23,0.0
1998-04-24,0.0
1998-04-25,0.0
1998-04-26,0.0
1998-04-27,0.0
1998-04-28,0.0
1998-04-29,0.0
1998-04-30,0.0
1998-05-01,0.0
1998-05-02,0.0
1998-05-03,0.0
1998-05-04,0.0
1998-05-05,0.0
1998-05-06,0.0
1998-05-07,0.0
1998-05-08,0.0
1998-05-09,0.0
1998-05-10,0.0
1998-05-11,0.0
1998-05-12,0.0
1998-05-13,0.0
1998-05-14,0.0
1998-05-15,3.019747257232666
1998-05-16,28.13638687133789
1998-05-17,12.00805377960205
1998-05-18,0.0
1998-05-19,0.0
1998-05-20,0.669489860534668
1998-05-21,0.0
1998-05-22,0.0
1998-05-23,0.0
1998-05-24,0.0
1998-05-25,0.0
1998-05-26,0.0
1998-05-27,0.0
1998-05-28,0.0
1998-05-29,0.0
1998-05-30,0.0
1998-05-31,0.0
1998-06-01,0.0
1998-06-02,0.0
1998-06-03,0.0
1998-06-04,0.0
1998-06-05,0.0
1998-06-06,0.0
1998-06-07,0.0
1998-06-08,0.0
1998-06-09,0.0
1998-06-10,16.234329223632812
1998-06-11,3.1388347148895264
1998-06-12,0.1802525222301483
1998-06-13,0.0
1998-06-14,0.0
1998-06-15,0.0
1998-06-16,0.0
1998-06-17,0.0
1998-06-18,0.0
1998-06-19,0.0
1998-06-20,0.0
1998-06-21,0.0
1998-06-22,0.0
1998-06-23,0.0
1998-06-24,0.0
1998-06-25,0.0
1998-06-26,2.945815086364746
1998-06-27,2.779070854187012
1998-06-28,0.0
1998-06-29,0.1221698895096778
1998-06-30,0.0
1998-07-01,0.0
1998-07-02,0.0
1998-07-03,6.0254082679748535
1998-07-04,0.0
1998-07-05,0.0
1998-07-06,2.712865114212036
1998-07-07,0.0
1998-07-08,0.0
1998-07-09,0.0
1998-07-10,8.581315994262695
1998-07-11,0.0
1998-07-12,0.0
1998-07-13,0.0
1998-07-14,0.0
1998-07-15,0.0
1998-07-16,1.2042460441589355
1998-07-17,0.0
1998-07-18,0.1919812560081482
1998-07-19,4.012821197509766
1998-07-20,0.0
1998-07-21,0.0
1998-07-22,1.637997031211853
1998-07-23,0.1221698895096778
1998-07-24,0.5759437680244446
1998-07-25,0.0
1998-07-26,3.25655460357666
1998-07-27,0.0
1998-07-28,0.0
1998-07-29,0.1570755690336227
1998-07-30,0.2094341218471527
1998-07-31,1.3738852739334106
1998-08-01,0.8373156189918518
1998-08-02,0.0
1998-08-03,0.0
1998-08-04,0.0
1998-08-05,5.1773881912231445
1998-08-06,4.217583179473877
1998-08-07,0.0
1998-08-08,0.2789649367332458
1998-08-09,0.0
1998-08-10,4.814560413360596
1998-08-11,0.0
1998-08-12,0.8726420998573303
1998-08-13,0.0
1998-08-14,0.0
1998-08-15,0.4463265538215637
1998-08-16,1.115816354751587
1998-08-17,0.0
1998-08-18,0.6820928454399109
1998-08-19,0.0
1998-08-20,3.059735059738159
1998-08-21,2.56291127204895
1998-08-22,0.8770811557769775
1998-08-23,0.3490568399429321
1998-08-24,1.6960408687591553
1998-08-25,0.7141225337982178
1998-08-26,0.0
1998-08-27,0.0
1998-08-28,0.0
1998-08-29,0.0
1998-08-30,0.0
1998-08-31,6.739066123962402
1998-09-01,21.91765785217285
1998-09-02,11.89693546295166
1998-09-03,22.385818481445312
1998-09-04,14.01058578491211
1998-09-05,23.08596611022949
1998-09-06,3.119050979614258
1998-09-07,3.938483715057373
1998-09-08,0.0
1998-09-09,6.09022331237793
1998-09-10,2.008469581604004
1998-09-11,0.0
1998-09-12,0.0
1998-09-13,1.9847642183303835
1998-09-14,9.125895500183104
1998-09-15,2.9316565990448
1998-09-16,0.0
1998-09-17,0.5355919003486633
1998-09-18,0.0
1998-09-19,0.0
1998-09-20,2.5301010608673096
1998-09-21,0.0
1998-09-22,0.0
1998-09-23,0.0
1998-09-24,0.6285808086395264
1998-09-25,4.359065055847168
1998-09-26,3.5994138717651367
1998-09-27,2.813627243041992
1998-09-28,0.0
1998-09-29,13.677842140197754
1998-09-30,0.7218483090400696
1998-10-01,19.814350128173828
1998-10-02,34.51847457885742
1998-10-03,49.27752304077149
1998-10-04,10.376913070678713
1998-10-05,2.285635232925415
1998-10-06,6.876889705657959
1998-10-07,7.5630106925964355
1998-10-08,0.0
1998-10-09,11.508991241455078
1998-10-10,17.126693725585938
1998-10-11,2.6640443801879883
1998-10-12,0.0
1998-10-13,4.509454250335693
1998-10-14,12.320878982543944
1998-10-15,8.724405288696289
1998-10-16,0.0
1998-10-17,0.0
1998-10-18,0.0
1998-10-19,0.0
1998-10-20,0.0
1998-10-21,0.0
1998-10-22,8.273746490478516
1998-10-23,0.0
1998-10-24,0.0
1998-10-25,0.0
1998-10-26,0.0
1998-10-27,2.4994287490844727
1998-10-28,0.0
1998-10-29,0.2966983318328857
1998-10-30,0.0
1998-10-31,0.0
1998-11-01,0.0
1998-11-02,5.975377559661865
1998-11-03,49.75057220458984
1998-11-04,77.50181579589844
1998-11-05,28.16050910949707
1998-11-06,31.62255859375
1998-11-07,18.72899055480957
1998-11-08,52.01699066162109
1998-11-09,22.46185874938965
1998-11-10,8.710866928100586
1998-11-11,1.670119285583496
1998-11-12,0.0
1998-11-13,1.0095880031585691
1998-11-14,12.78372573852539
1998-11-15,0.0
1998-11-16,0.0
1998-11-17,0.0
1998-11-18,0.0
1998-11-19,0.0
1998-11-20,0.1396227478981018
1998-11-21,0.0
1998-11-22,0.1221698895096778
1998-11-23,2.410163402557373
1998-11-24,0.0
1998-11-25,0.0
1998-11-26,0.0
1998-11-27,0.0
1998-11-28,0.0
1998-11-29,0.0
1998-11-30,1.0711838006973269
1998-12-01,0.2451241016387939
1998-12-02,0.0
1998-12-03,0.0
1998-12-04,1.3644567728042605
1998-12-05,41.10822296142578
1998-12-06,0.0
1998-12-07,0.0
1998-12-08,2.082762718200684
1998-12-09,33.15506362915039
1998-12-10,68.30272674560547
1998-12-11,129.23226928710938
1998-12-12,7.2270050048828125
1998-12-13,88.80461883544922
1998-12-14,33.65874099731445
1998-12-15,0.0
1998-12-16,0.0
1998-12-17,0.0
1998-12-18,0.4675517380237579
1998-12-19,0.0
1998-12-20,0.0
1998-12-21,0.0
1998-12-22,0.0
1998-12-23,0.0
1998-12-24,0.0
1998-12-25,0.0
1998-12-26,0.0
1998-12-27,0.0
1998-12-28,0.0
1998-12-29,0.0
1998-12-30,0.0
1998-12-31,0.0
1999-01-01,0.0
1999-01-02,0.0
1999-01-03,0.0
1999-01-04,0.0
1999-01-05,0.0
1999-01-06,0.0
1999-01-07,0.0
1999-01-08,0.0
1999-01-09,0.0
1999-01-10,0.0
1999-01-11,0.0
1999-01-12,0.0
1999-01-13,0.0
1999-01-14,0.0
1999-01-15,0.8004995584487915
1999-01-16,0.0
1999-01-17,0.0
1999-01-18,0.0
1999-01-19,0.0
1999-01-20,0.0
1999-01-21,0.0
1999-01-22,0.0
1999-01-23,0.0
1999-01-24,0.0
1999-01-25,0.0
1999-01-26,0.0
1999-01-27,0.0
1999-01-28,0.0
1999-01-29,0.0
1999-01-30,0.4089206457138061
1999-01-31,0.0
1999-02-01,0.0
1999-02-02,0.2098018676042556
1999-02-03,0.0
1999-02-04,0.0
1999-02-05,0.0
1999-02-06,0.0
1999-02-07,0.0
1999-02-08,0.0
1999-02-09,0.0
1999-02-10,0.0
1999-02-11,0.0
1999-02-12,0.0
1999-02-13,0.0
1999-02-14,0.0
1999-02-15,0.0
1999-02-16,0.0
1999-02-17,0.0
1999-02-18,0.0
1999-02-19,0.0
1999-02-20,2.565521478652954
1999-02-21,1.056282639503479
1999-02-22,0.0
1999-02-23,0.0
1999-02-24,0.0
1999-02-25,0.0
1999-02-26,0.0
1999-02-27,0.0
1999-02-28,0.0
1999-03-01,0.0
1999-03-02,0.0
1999-03-03,0.0
1999-03-04,0.0
1999-03-05,0.0
1999-03-06,0.0
1999-03-07,0.0
1999-03-08,0.0
1999-03-09,0.0
1999-03-10,0.0
1999-03-11,0.0
1999-03-12,0.0
1999-03-13,0.0
1999-03-14,0.0
1999-03-15,0.0
1999-03-16,0.0
1999-03-17,0.0
1999-03-18,0.0
1999-03-19,0.0
1999-03-20,0.0
1999-03-21,0.0
1999-03-22,0.0
1999-03-23,0.0
1999-03-24,0.0
1999-03-25,0.0
1999-03-26,0.0
1999-03-27,0.0
1999-03-28,0.0
1999-03-29,0.0
1999-03-30,0.0
1999-03-31,0.0
1999-04-01,0.0
1999-04-02,0.0
1999-04-03,0.0
1999-04-04,0.0
1999-04-05,0.0
1999-04-06,0.0
1999-04-07,0.0
1999-04-08,0.0
1999-04-09,0.0
1999-04-10,0.0
1999-04-11,0.0
1999-04-12,0.0
1999-04-13,0.0
1999-04-14,0.0
1999-04-15,0.0
1999-04-16,0.0
1999-04-17,0.0
1999-04-18,0.0
1999-04-19,0.0
1999-04-20,0.0
1999-04-21,1.3947248458862305
1999-04-22,3.714735984802246
1999-04-23,3.787633180618286
1999-04-24,1.3921177387237549
1999-04-25,0.0
1999-04-26,0.0
1999-04-27,0.0
1999-04-28,0.0
1999-04-29,0.0
1999-04-30,0.0
1999-05-01,0.0
1999-05-02,0.0
1999-05-03,0.0
1999-05-04,0.9879608154296876
1999-05-05,0.0
1999-05-06,0.0
1999-05-07,0.0
1999-05-08,0.0
1999-05-09,0.0
1999-05-10,0.1646501868963241
1999-05-11,0.0
1999-05-12,0.0
1999-05-13,6.287688255310059
1999-05-14,0.521392285823822
1999-05-15,6.173354148864746
1999-05-16,0.0
1999-05-17,0.0
1999-05-18,0.0
1999-05-19,0.0
1999-05-20,0.0
1999-05-21,0.0
1999-05-22,0.0
1999-05-23,0.1704633980989456
1999-05-24,0.0
1999-05-25,0.0
1999-05-26,0.0
1999-05-27,0.0
1999-05-28,1.2784755229949951
1999-05-29,0.0
1999-05-30,0.0
1999-05-31,0.5398007035255432
1999-06-01,4.508285045623779
1999-06-02,19.5071964263916
1999-06-03,1.9336801767349243
1999-06-04,0.0
1999-06-05,13.078041076660156
1999-06-06,0.0
1999-06-07,3.903976202011109
1999-06-08,0.0
1999-06-09,0.0
1999-06-10,0.3316705822944641
1999-06-11,0.0
1999-06-12,0.0
1999-06-13,0.0
1999-06-14,0.0
1999-06-15,0.219916358590126
1999-06-16,3.2945942878723145
1999-06-17,0.24322509765625
1999-06-18,0.0
1999-06-19,0.0
1999-06-20,0.0
1999-06-21,0.0
1999-06-22,0.0
1999-06-23,0.0
1999-06-24,0.0
1999-06-25,0.0
1999-06-26,0.0
1999-06-27,0.0
1999-06-28,0.0
1999-06-29,0.0
1999-06-30,0.0
1999-07-01,16.866636276245117
1999-07-02,0.0
1999-07-03,0.0
1999-07-04,0.0
1999-07-05,0.0
1999-07-06,0.0
1999-07-07,0.0
1999-07-08,0.0
1999-07-09,0.0
1999-07-10,0.0
1999-07-11,0.0
1999-07-12,0.8056504130363464
1999-07-13,6.306796550750732
1999-07-14,0.0
1999-07-15,0.0
1999-07-16,0.0
1999-07-17,0.0
1999-07-18,0.0
1999-07-19,0.0
1999-07-20,0.0
1999-07-21,0.0
1999-07-22,0.0
1999-07-23,0.0
1999-07-24,0.0
1999-07-25,0.0
1999-07-26,0.0
1999-07-27,0.0
1999-07-28,0.0
1999-07-29,0.0
1999-07-30,0.0
1999-07-31,0.0
1999-08-01,1.4064332246780396
1999-08-02,0.3424461483955383
1999-08-03,0.0
1999-08-04,0.0
1999-08-05,1.1074631214141846
1999-08-06,0.0
1999-08-07,0.0
1999-08-08,0.0
1999-08-09,0.0
1999-08-10,0.3210432231426239
1999-08-11,0.0
1999-08-12,0.6027570962905884
1999-08-13,0.0
1999-08-14,0.0
1999-08-15,2.946812629699707
1999-08-16,3.842173337936402
1999-08-17,0.2443462908267974
1999-08-18,0.0
1999-08-19,0.0
1999-08-20,2.009190559387207
1999-08-21,10.44113826751709
1999-08-22,1.1771585941314695
1999-08-23,1.2841728925704956
1999-08-24,1.1771585941314695
1999-08-25,0.9376221895217896
1999-08-26,1.961406111717224
1999-08-27,0.0
1999-08-28,0.0
1999-08-29,0.0
1999-08-30,0.2782374620437622
1999-08-31,1.7412983179092407
1999-09-01,1.3262598514556885
1999-09-02,0.1832597106695175
1999-09-03,0.0
1999-09-04,0.0
1999-09-05,0.0
1999-09-06,0.0
1999-09-07,0.0
1999-09-08,0.0
1999-09-09,0.0
1999-09-10,0.0
1999-09-11,0.4377870857715606
1999-09-12,0.0
1999-09-13,0.0
1999-09-14,0.0
1999-09-15,0.0
1999-09-16,0.0
1999-09-17,2.009190559387207
1999-09-18,6.98823356628418
1999-09-19,0.0
1999-09-20,0.0
1999-09-21,0.0
1999-09-22,0.4688110947608948
1999-09-23,0.0
1999-09-24,0.0
1999-09-25,0.0
1999-09-26,0.0
1999-09-27,0.0
1999-09-28,0.7702779173851013
1999-09-29,0.0
1999-09-30,0.8540629744529724
1999-10-01,6.709697246551514
1999-10-02,0.0
1999-10-03,0.0
1999-10-04,11.234905242919922
1999-10-05,16.398395538330078
1999-10-06,11.580678939819336
1999-10-07,12.278213500976562
1999-10-08,0.4688110947608948
1999-10-09,1.1418523788452148
1999-10-10,0.0
1999-10-11,0.0
1999-10-12,0.0
1999-10-13,0.0
1999-10-14,0.0
1999-10-15,15.684046745300291
1999-10-16,26.58753967285156
1999-10-17,0.0
1999-10-18,0.0
1999-10-19,0.8870991468429565
1999-10-20,0.0
1999-10-21,0.0
1999-10-22,4.0360636711120605
1999-10-23,5.020011425018311
1999-10-24,0.3230921924114227
1999-10-25,0.1543082147836685
1999-10-26,0.0
1999-10-27,3.482596635818481
1999-10-28,21.57370948791504
1999-10-29,5.839865207672119
1999-10-30,0.2354317158460617
1999-10-31,0.0
1999-11-01,0.0
1999-11-02,0.0
1999-11-03,0.7567950487136841
1999-11-04,22.362232208251957
1999-11-05,0.0
1999-11-06,9.667804718017578
1999-11-07,0.0
1999-11-08,0.0
1999-11-09,0.0
1999-11-10,0.0
1999-11-11,0.0
1999-11-12,0.0
1999-11-13,0.0
1999-11-14,0.0
1999-11-15,0.0
1999-11-16,0.0
1999-11-17,0.0
1999-11-18,0.0
1999-11-19,2.1878116130828857
1999-11-20,6.155716419219971
1999-11-21,18.806529998779297
1999-11-22,22.803964614868164
1999-11-23,19.33793258666992
1999-11-24,0.0
1999-11-25,0.0
1999-11-26,0.0
1999-11-27,0.0
1999-11-28,7.402322769165039
1999-11-29,27.597631454467773
1999-11-30,4.510834693908691
1999-12-01,0.8488902449607849
1999-12-02,0.0
1999-12-03,0.0
1999-12-04,0.0
1999-12-05,0.0
1999-12-06,0.0
1999-12-07,0.0
1999-12-08,0.0
1999-12-09,0.0
1999-12-10,0.0
1999-12-11,0.0
1999-12-12,0.0
1999-12-13,14.218887329101562
1999-12-14,28.84979248046875
1999-12-15,27.44160842895508
1999-12-16,0.0
1999-12-17,0.0
1999-12-18,0.0
1999-12-19,0.0
1999-12-20,0.0
1999-12-21,0.0
1999-12-22,5.842508316040039
1999-12-23,15.942842483520508
1999-12-24,2.4169511795043945
1999-12-25,1.22286057472229
1999-12-26,0.0
1999-12-27,0.0
1999-12-28,0.0
1999-12-29,0.133946031332016
1999-12-30,0.0
1999-12-31,0.0
2000-01-01,0.0
2000-01-02,0.0
2000-01-03,0.0
2000-01-04,0.0
2000-01-05,0.0
2000-01-06,3.22383713722229
2000-01-07,0.0
2000-01-08,0.0
2000-01-09,0.0
2000-01-10,2.376864194869995
2000-01-11,0.9218986630439758
2000-01-12,0.0
2000-01-13,0.0
2000-01-14,0.0
2000-01-15,0.0
2000-01-16,0.0
2000-01-17,0.0
2000-01-18,0.0
2000-01-19,0.0
2000-01-20,0.0
2000-01-21,0.0
2000-01-22,0.0
2000-01-23,0.0
2000-01-24,0.0
2000-01-25,0.0
2000-01-26,0.0
2000-01-27,0.0
2000-01-28,0.0
2000-01-29,0.0
2000-01-30,0.0
2000-01-31,0.0
2000-02-01,0.0
2000-02-02,0.0
2000-02-03,0.0
2000-02-04,0.0
2000-02-05,0.0
2000-02-06,0.0
2000-02-07,0.0
2000-02-08,8.226338386535645
2000-02-09,0.2607197761535644
2000-02-10,0.0
2000-02-11,0.0
2000-02-12,0.0
2000-02-13,0.0
2000-02-14,0.0
2000-02-15,0.0
2000-02-16,0.0
2000-02-17,0.0
2000-02-18,0.0
2000-02-19,0.0
2000-02-20,0.0
2000-02-21,0.0
2000-02-22,0.0
2000-02-23,0.0
2000-02-24,8.500137329101562
2000-02-25,13.131376266479492
2000-02-26,0.0
2000-02-27,36.52239608764648
2000-02-28,21.275022506713867
2000-02-29,0.0
2000-03-01,0.0
2000-03-02,0.0
2000-03-03,0.0
2000-03-04,0.0
2000-03-05,0.0
2000-03-06,0.0
2000-03-07,0.0
2000-03-08,0.0
2000-03-09,0.0
2000-03-10,0.0
2000-03-11,0.0
2000-03-12,0.0
2000-03-13,0.0
2000-03-14,0.0
2000-03-15,0.0
2000-03-16,0.0
2000-03-17,0.0
2000-03-18,0.0
2000-03-19,0.0
2000-03-20,0.0
2000-03-21,0.0
2000-03-22,0.0
2000-03-23,0.0
2000-03-24,0.0
2000-03-25,0.0
2000-03-26,0.0
2000-03-27,0.0
2000-03-28,0.0
2000-03-29,0.0
2000-03-30,0.0
2000-03-31,1.8464497327804563
2000-04-01,6.405496597290039
2000-04-02,3.278341054916382
2000-04-03,0.0
2000-04-04,0.0
2000-04-05,0.0
2000-04-06,0.0
2000-04-07,0.0
2000-04-08,0.0
2000-04-09,0.0
2000-04-10,0.0
2000-04-11,0.0
2000-04-12,0.0
2000-04-13,0.0
2000-04-14,0.0
2000-04-15,0.0
2000-04-16,0.0
2000-04-17,0.0
2000-04-18,0.0
2000-04-19,0.0
2000-04-20,0.0
2000-04-21,0.0
2000-04-22,0.0
2000-04-23,0.0
2000-04-24,0.0
2000-04-25,0.8918566107749939
2000-04-26,0.6818535923957825
2000-04-27,0.0
2000-04-28,0.0
2000-04-29,0.0
2000-04-30,0.0
2000-05-01,0.0
2000-05-02,0.0
2000-05-03,0.0
2000-05-04,0.0
2000-05-05,0.0
2000-05-06,0.0
2000-05-07,0.0
2000-05-08,0.0
2000-05-09,0.0
2000-05-10,0.0
2000-05-11,1.2687921524047852
2000-05-12,3.298746109008789
2000-05-13,2.129188060760498
2000-05-14,0.0
2000-05-15,0.0
2000-05-16,0.0
2000-05-17,0.7075637578964233
2000-05-18,5.055535316467285
2000-05-19,0.0
2000-05-20,0.0
2000-05-21,0.0
2000-05-22,0.0
2000-05-23,4.977569580078125
2000-05-24,1.277512788772583
2000-05-25,3.33572769165039
2000-05-26,0.0
2000-05-27,1.0824534893035889
2000-05-28,0.0
2000-05-29,0.0
2000-05-30,0.0
2000-05-31,2.7794764041900635
2000-06-01,0.5677834749221802
2000-06-02,0.0
2000-06-03,4.684771537780762
2000-06-04,3.401594638824463
2000-06-05,0.0
2000-06-06,0.0
2000-06-07,0.0
2000-06-08,0.0
2000-06-09,0.0
2000-06-10,0.0
2000-06-11,0.0
2000-06-12,2.3438048362731934
2000-06-13,0.0
2000-06-14,0.0
2000-06-15,0.0
2000-06-16,0.0
2000-06-17,0.0
2000-06-18,0.0
2000-06-19,0.0
2000-06-20,0.0
2000-06-21,1.85438871383667
2000-06-22,7.461157321929932
2000-06-23,18.381031036376957
2000-06-24,0.0
2000-06-25,0.0
2000-06-26,0.0
2000-06-27,0.0
2000-06-28,5.015052318572998
2000-06-29,0.0
2000-06-30,0.0
2000-07-01,0.0
2000-07-02,0.0
2000-07-03,0.0
2000-07-04,0.0
2000-07-05,0.0
2000-07-06,0.0
2000-07-07,0.278775006532669
2000-07-08,0.0
2000-07-09,0.0
2000-07-10,0.0
2000-07-11,0.0
2000-07-12,0.0
2000-07-13,0.0
2000-07-14,0.0
2000-07-15,0.0
2000-07-16,0.0
2000-07-17,0.0
2000-07-18,1.297474980354309
2000-07-19,0.0
2000-07-20,0.2237025797367096
2000-07-21,1.1081305742263794
2000-07-22,0.0
2000-07-23,4.284682750701904
2000-07-24,0.1254487484693527
2000-07-25,15.973381042480469
2000-07-26,0.0
2000-07-27,0.0
2000-07-28,0.0
2000-07-29,0.0
2000-07-30,0.0
2000-07-31,1.2476948499679563
2000-08-01,0.0
2000-08-02,0.0
2000-08-03,0.0
2000-08-04,0.0
2000-08-05,0.4403637647628784
2000-08-06,0.0
2000-08-07,0.0
2000-08-08,0.0
2000-08-09,0.0
2000-08-10,0.0
2000-08-11,0.0
2000-08-12,0.0
2000-08-13,0.0
2000-08-14,0.0
2000-08-15,0.117617942392826
2000-08-16,0.0
2000-08-17,1.0016382932662964
2000-08-18,15.56851863861084
2000-08-19,6.340826511383057
2000-08-20,0.0
2000-08-21,0.0
2000-08-22,0.0
2000-08-23,0.0
2000-08-24,0.0
2000-08-25,0.0
2000-08-26,0.0
2000-08-27,0.0
2000-08-28,0.0
2000-08-29,0.0
2000-08-30,0.0
2000-08-31,0.0
2000-09-01,0.0
2000-09-02,0.0
2000-09-03,0.0
2000-09-04,0.0
2000-09-05,20.149879455566406
2000-09-06,33.800716400146484
2000-09-07,5.667452335357666
2000-09-08,0.8467894792556763
2000-09-09,0.5331566333770752
2000-09-10,14.128128051757812
2000-09-11,0.4261584877967834
2000-09-12,2.458483457565308
2000-09-13,7.594222068786621
2000-09-14,0.0
2000-09-15,0.0
2000-09-16,0.0
2000-09-17,0.0
2000-09-18,23.502838134765625
2000-09-19,0.0
2000-09-20,0.0
2000-09-21,0.0
2000-09-22,0.0
2000-09-23,2.163123607635498
2000-09-24,0.258759468793869
2000-09-25,19.35032844543457
2000-09-26,2.328765630722046
2000-09-27,0.7553510069847107
2000-09-28,17.291027069091797
2000-09-29,3.917304039001465
2000-09-30,1.4838619232177734
2000-10-01,0.8781344890594482
2000-10-02,0.0
2000-10-03,0.0
2000-10-04,0.0
2000-10-05,16.45267677307129
2000-10-06,7.17967700958252
2000-10-07,0.5135983824729919
2000-10-08,2.3417115211486816
2000-10-09,1.646651268005371
2000-10-10,0.4645908772945404
2000-10-11,0.0
2000-10-12,0.0
2000-10-13,1.046799659729004
2000-10-14,0.0
2000-10-15,0.0
2000-10-16,23.78432273864746
2000-10-17,0.5488340854644775
2000-10-18,0.0
2000-10-19,0.0
2000-10-20,0.0
2000-10-21,3.9963150024414062
2000-10-22,4.045327663421631
2000-10-23,1.7046339511871338
2000-10-24,9.398083686828612
2000-10-25,14.087150573730469
2000-10-26,6.142826080322266
2000-10-27,3.5939364433288574
2000-10-28,25.58115005493164
2000-10-29,0.0
2000-10-30,0.0
2000-10-31,0.0
2000-11-01,0.0
2000-11-02,0.0
2000-11-03,0.0
2000-11-04,3.924184560775757
2000-11-05,0.2011616975069046
2000-11-06,0.0
2000-11-07,0.0
2000-11-08,0.0
2000-11-09,0.2230200171470642
2000-11-10,0.2718056440353393
2000-11-11,0.6551212668418884
2000-11-12,1.918381690979004
2000-11-13,0.4577145278453827
2000-11-14,0.1881731450557708
2000-11-15,0.0
2000-11-16,0.0
2000-11-17,0.0
2000-11-18,0.0
2000-11-19,1.4356913566589355
2000-11-20,0.5409696698188782
2000-11-21,2.306863307952881
2000-11-22,2.6654181480407715
2000-11-23,7.812143325805664
2000-11-24,4.972476959228516
2000-11-25,0.0
2000-11-26,0.0
2000-11-27,0.0
2000-11-28,0.0
2000-11-29,4.825688362121582
2000-11-30,23.237287521362305
2000-12-01,21.597335815429688
2000-12-02,0.0
2000-12-03,0.0
2000-12-04,0.0
2000-12-05,11.716272354125977
2000-12-06,0.0
2000-12-07,0.0
2000-12-08,0.0
2000-12-09,0.0
2000-12-10,0.0
2000-12-11,0.0
2000-12-12,0.0
2000-12-13,0.0
2000-12-14,0.0
2000-12-15,0.0
2000-12-16,0.0
2000-12-17,0.0
2000-12-18,0.0
2000-12-19,0.0
2000-12-20,0.0
2000-12-21,0.0
2000-12-22,0.0
2000-12-23,0.0
2000-12-24,0.0
2000-12-25,0.0
2000-12-26,0.0
2000-12-27,0.0
2000-12-28,1.0191328525543213
2000-12-29,20.47697639465332
2000-12-30,28.67145347595215
2000-12-31,0.0
2001-01-01,3.1017396450042725
2001-01-02,0.0
2001-01-03,0.0
2001-01-04,0.0
2001-01-05,0.0
2001-01-06,0.0
2001-01-07,0.0
2001-01-08,0.0
2001-01-09,0.0
2001-01-10,0.0
2001-01-11,0.0
2001-01-12,0.0
2001-01-13,0.0
2001-01-14,0.0
2001-01-15,0.0
2001-01-16,0.0
2001-01-17,0.0
2001-01-18,0.0
2001-01-19,0.0
2001-01-20,0.0
2001-01-21,0.0
2001-01-22,0.0
2001-01-23,0.0
2001-01-24,0.0
2001-01-25,0.0
2001-01-26,0.0
2001-01-27,0.0
2001-01-28,0.0
2001-01-29,0.0
2001-01-30,0.0
2001-01-31,0.0
2001-02-01,0.0
2001-02-02,0.0
2001-02-03,0.0
2001-02-04,0.0
2001-02-05,0.0
2001-02-06,0.0
2001-02-07,0.0
2001-02-08,0.0
2001-02-09,0.0
2001-02-10,0.0
2001-02-11,0.0
2001-02-12,0.0
2001-02-13,0.0
2001-02-14,0.0
2001-02-15,0.0
2001-02-16,0.0
2001-02-17,0.0
2001-02-18,0.0
2001-02-19,0.0
2001-02-20,0.0
2001-02-21,0.0
2001-02-22,0.0
2001-02-23,0.0
2001-02-24,0.0
2001-02-25,0.0
2001-02-26,0.0
2001-02-27,0.0
2001-02-28,0.0
2001-03-01,0.0
2001-03-02,0.0
2001-03-03,0.0
2001-03-04,0.0
2001-03-05,0.0
2001-03-06,0.0
2001-03-07,0.0
2001-03-08,0.0
2001-03-09,0.0
2001-03-10,0.0
2001-03-11,0.0
2001-03-12,0.0
2001-03-13,0.0
2001-03-14,0.0
2001-03-15,0.0
2001-03-16,0.0
2001-03-17,0.0
2001-03-18,0.0
2001-03-19,0.0
2001-03-20,0.0
2001-03-21,0.0
2001-03-22,0.0
2001-03-23,0.0
2001-03-24,0.0
2001-03-25,0.0
2001-03-26,0.0
2001-03-27,0.0
2001-03-28,0.0
2001-03-29,0.0
2001-03-30,0.0
2001-03-31,0.0
2001-04-01,0.0
2001-04-02,0.0
2001-04-03,0.0
2001-04-04,0.0
2001-04-05,0.0
2001-04-06,0.0
2001-04-07,0.0
2001-04-08,0.0
2001-04-09,0.0
2001-04-10,0.0
2001-04-11,0.0
2001-04-12,6.266780376434326
2001-04-13,2.381747007369995
2001-04-14,4.890110015869141
2001-04-15,0.0
2001-04-16,0.0
2001-04-17,0.0
2001-04-18,0.0
2001-04-19,0.0
2001-04-20,0.0
2001-04-21,0.0
2001-04-22,0.0
2001-04-23,0.0
2001-04-24,0.0
2001-04-25,0.0
2001-04-26,0.0
2001-04-27,0.0
2001-04-28,0.0
2001-04-29,0.0
2001-04-30,0.0
2001-05-01,0.0
2001-05-02,0.0
2001-05-03,0.0
2001-05-04,0.0
2001-05-05,0.0
2001-05-06,0.0
2001-05-07,2.3913662433624268
2001-05-08,0.0
2001-05-09,0.0
2001-05-10,0.0
2001-05-11,0.0
2001-05-12,0.0
2001-05-13,1.416883111000061
2001-05-14,0.0
2001-05-15,0.0
2001-05-16,0.0
2001-05-17,0.0
2001-05-18,0.0
2001-05-19,0.0
2001-05-20,0.0
2001-05-21,0.0
2001-05-22,0.0
2001-05-23,0.0
2001-05-24,0.0
2001-05-25,0.0
2001-05-26,0.0
2001-05-27,0.0
2001-05-28,5.5091633796691895
2001-05-29,0.0
2001-05-30,0.5398007035255432
2001-05-31,0.0
2001-06-01,0.0
2001-06-02,0.0
2001-06-03,0.2273797839879989
2001-06-04,0.6113379001617432
2001-06-05,4.191745758056641
2001-06-06,0.7997573614120483
2001-06-07,0.0
2001-06-08,0.0
2001-06-09,0.0
2001-06-10,0.0
2001-06-11,0.0
2001-06-12,0.0
2001-06-13,0.0
2001-06-14,0.0
2001-06-15,0.0
2001-06-16,0.0
2001-06-17,0.0
2001-06-18,0.0
2001-06-19,0.0
2001-06-20,0.0
2001-06-21,0.0
2001-06-22,0.0
2001-06-23,0.12349883466959
2001-06-24,0.0
2001-06-25,0.0
2001-06-26,0.0
2001-06-27,0.0
2001-06-28,0.0
2001-06-29,0.0
2001-06-30,0.1019355431199073
2001-07-01,0.2077917009592056
2001-07-02,0.0
2001-07-03,0.0
2001-07-04,0.0
2001-07-05,0.0
2001-07-06,0.0
2001-07-07,0.0
2001-07-08,0.0
2001-07-09,0.0
2001-07-10,0.0
2001-07-11,0.0
2001-07-12,0.0
2001-07-13,0.5088901519775391
2001-07-14,0.5932120680809021
2001-07-15,0.9584044814109802
2001-07-16,1.2305511236190796
2001-07-17,10.903619766235352
2001-07-18,0.0
2001-07-19,0.0
2001-07-20,0.0
2001-07-21,0.0
2001-07-22,0.0
2001-07-23,0.0
2001-07-24,0.0
2001-07-25,0.1411340832710266
2001-07-26,0.0
2001-07-27,3.3326733112335205
2001-07-28,0.0
2001-07-29,0.0
2001-07-30,0.0
2001-07-31,0.0
2001-08-01,10.100123405456545
2001-08-02,0.0
2001-08-03,0.0
2001-08-04,0.0
2001-08-05,0.0
2001-08-06,0.0
2001-08-07,0.0
2001-08-08,0.0
2001-08-09,0.1719404906034469
2001-08-10,0.0
2001-08-11,0.0
2001-08-12,0.0
2001-08-13,0.0
2001-08-14,0.0
2001-08-15,3.636552333831787
2001-08-16,0.0
2001-08-17,1.014973759651184
2001-08-18,0.0
2001-08-19,0.0
2001-08-20,0.0
2001-08-21,0.0
2001-08-22,0.0
2001-08-23,0.0
2001-08-24,0.0
2001-08-25,0.0
2001-08-26,0.0
2001-08-27,1.267198920249939
2001-08-28,0.0
2001-08-29,0.0
2001-08-30,0.0
2001-08-31,0.0
2001-09-01,0.0
2001-09-02,0.0
2001-09-03,0.0
2001-09-04,0.0
2001-09-05,0.0
2001-09-06,0.0
2001-09-07,0.0
2001-09-08,0.0
2001-09-09,0.0
2001-09-10,0.2350382357835769
2001-09-11,0.9847991466522216
2001-09-12,1.617635726928711
2001-09-13,0.0
2001-09-14,0.0
2001-09-15,0.0
2001-09-16,0.3447491228580475
2001-09-17,0.0
2001-09-18,0.0
2001-09-19,2.550843954086304
2001-09-20,0.0
2001-09-21,0.2140452861785888
2001-09-22,0.3410920202732086
2001-09-23,0.0
2001-09-24,1.2998045682907104
2001-09-25,8.085709571838379
2001-09-26,3.0293805599212646
2001-09-27,0.742953360080719
2001-09-28,0.0
2001-09-29,0.0
2001-09-30,0.0
2001-10-01,0.0
2001-10-02,0.0
2001-10-03,0.0
2001-10-04,2.57671332359314
2001-10-05,8.860418319702148
2001-10-06,4.127429008483887
2001-10-07,0.2862036824226379
2001-10-08,0.0
2001-10-09,0.7670853137969971
2001-10-10,0.1278475522994995
2001-10-11,3.32346510887146
2001-10-12,0.3249996900558471
2001-10-13,0.3695461750030517
2001-10-14,0.3375565409660339
2001-10-15,4.59337854385376
2001-10-16,0.0
2001-10-17,0.0
2001-10-18,0.2450373768806457
2001-10-19,0.0
2001-10-20,3.646353960037232
2001-10-21,0.0
2001-10-22,0.2983109354972839
2001-10-23,0.701488196849823
2001-10-24,8.262474060058594
2001-10-25,1.386546015739441
2001-10-26,4.190370559692383
2001-10-27,4.114892959594727
2001-10-28,1.3068859577178955
2001-10-29,0.0
2001-10-30,0.0
2001-10-31,0.0
2001-11-01,0.0
2001-11-02,0.0
2001-11-03,0.0
2001-11-04,0.0
2001-11-05,0.0
2001-11-06,11.46446704864502
2001-11-07,2.275388479232788
2001-11-08,0.0
2001-11-09,0.0
2001-11-10,0.0
2001-11-11,0.0
2001-11-12,0.0
2001-11-13,0.0
2001-11-14,0.0
2001-11-15,0.0
2001-11-16,5.717878818511963
2001-11-17,1.2059634923934937
2001-11-18,1.9632638692855835
2001-11-19,1.6030125617980957
2001-11-20,0.145062118768692
2001-11-21,0.3606950342655182
2001-11-22,0.186228409409523
2001-11-23,0.863418459892273
2001-11-24,0.6102457046508789
2001-11-25,0.2597370147705078
2001-11-26,0.1794306337833404
2001-11-27,0.0
2001-11-28,0.0
2001-11-29,0.0
2001-11-30,0.0
2001-12-01,0.2489579766988754
2001-12-02,0.0
2001-12-03,0.0
2001-12-04,0.0
2001-12-05,0.0
2001-12-06,0.0
2001-12-07,0.0
2001-12-08,0.0
2001-12-09,0.0
2001-12-10,0.0
2001-12-11,0.0
2001-12-12,0.0
2001-12-13,0.0
2001-12-14,0.0
2001-12-15,0.0
2001-12-16,0.0
2001-12-17,2.20918345451355
2001-12-18,11.503360748291016
2001-12-19,0.113697350025177
2001-12-20,1.5104459524154663
2001-12-21,1.4484483003616333
2001-12-22,9.753896713256836
2001-12-23,0.2030859887599945
2001-12-24,0.0
2001-12-25,0.1372209340333938
2001-12-26,0.0
2001-12-27,0.1195782348513603
2001-12-28,0.0
2001-12-29,0.0
2001-12-30,0.0
2001-12-31,0.0
2002-01-01,0.0
2002-01-02,0.0
2002-01-03,0.0
2002-01-04,0.0
2002-01-05,1.0739144086837769
2002-01-06,0.0
2002-01-07,0.0
2002-01-08,0.0
2002-01-09,0.0
2002-01-10,3.447227478027344
2002-01-11,0.0
2002-01-12,0.0
2002-01-13,0.0
2002-01-14,0.0
2002-01-15,0.0
2002-01-16,0.0
2002-01-17,0.0
2002-01-18,0.0
2002-01-19,0.0
2002-01-20,0.1562581062316894
2002-01-21,0.2528785765171051
2002-01-22,0.0
2002-01-23,0.0
2002-01-24,0.0
2002-01-25,0.0
2002-01-26,0.0
2002-01-27,0.0
2002-01-28,0.0
2002-01-29,0.0
2002-01-30,0.0
2002-01-31,0.0
2002-02-01,0.7782387137413025
2002-02-02,2.1911725997924805
2002-02-03,2.684071779251098
2002-02-04,0.0
2002-02-05,0.0
2002-02-06,0.0
2002-02-07,0.0
2002-02-08,0.0
2002-02-09,0.0
2002-02-10,0.0
2002-02-11,0.0
2002-02-12,0.0
2002-02-13,0.0
2002-02-14,0.0
2002-02-15,0.0
2002-02-16,0.0
2002-02-17,0.0
2002-02-18,0.0
2002-02-19,0.0
2002-02-20,0.0
2002-02-21,0.0
2002-02-22,0.0
2002-02-23,0.0
2002-02-24,0.0
2002-02-25,0.0
2002-02-26,0.0
2002-02-27,0.0
2002-02-28,0.0
2002-03-01,0.0
2002-03-02,0.0
2002-03-03,0.0
2002-03-04,0.0
2002-03-05,0.0
2002-03-06,0.0
2002-03-07,0.0
2002-03-08,0.0
2002-03-09,0.0
2002-03-10,0.0
2002-03-11,0.0
2002-03-12,0.0
2002-03-13,0.0
2002-03-14,0.0
2002-03-15,0.0
2002-03-16,0.0
2002-03-17,0.0
2002-03-18,0.0
2002-03-19,0.0
2002-03-20,0.0
2002-03-21,0.0
2002-03-22,0.0
2002-03-23,0.0
2002-03-24,0.0
2002-03-25,0.0
2002-03-26,0.0
2002-03-27,0.0
2002-03-28,0.0
2002-03-29,0.0
2002-03-30,0.0
2002-03-31,0.0
2002-04-01,0.0
2002-04-02,0.0
2002-04-03,0.0
2002-04-04,0.0
2002-04-05,0.0
2002-04-06,0.0
2002-04-07,0.0
2002-04-08,0.0
2002-04-09,0.0
2002-04-10,0.0
2002-04-11,0.0
2002-04-12,0.0
2002-04-13,0.0
2002-04-14,0.0
2002-04-15,0.0
2002-04-16,0.0
2002-04-17,0.0
2002-04-18,0.0
2002-04-19,0.0
2002-04-20,0.0
2002-04-21,0.0
2002-04-22,0.0
2002-04-23,0.0
2002-04-24,0.0
2002-04-25,0.0
2002-04-26,0.0
2002-04-27,0.0
2002-04-28,0.0
2002-04-29,0.0
2002-04-30,0.0
2002-05-01,0.0
2002-05-02,0.0
2002-05-03,0.0
2002-05-04,0.0
2002-05-05,0.0
2002-05-06,0.0
2002-05-07,0.0
2002-05-08,0.0
2002-05-09,0.0
2002-05-10,0.4610204994678497
2002-05-11,0.0
2002-05-12,0.0
2002-05-13,0.0
2002-05-14,0.0
2002-05-15,0.0
2002-05-16,0.0
2002-05-17,0.0
2002-05-18,0.2383363544940948
2002-05-19,0.0
2002-05-20,0.0
2002-05-21,0.0
2002-05-22,0.0
2002-05-23,0.0
2002-05-24,0.0
2002-05-25,0.0
2002-05-26,0.0
2002-05-27,0.0
2002-05-28,0.3125162124633789
2002-05-29,0.0
2002-05-30,0.3409267961978912
2002-05-31,0.0
2002-06-01,0.0
2002-06-02,0.0
2002-06-03,0.0
2002-06-04,0.0
2002-06-05,0.0
2002-06-06,0.0
2002-06-07,0.4136837422847748
2002-06-08,2.922643184661865
2002-06-09,0.0
2002-06-10,0.0
2002-06-11,2.4636945724487305
2002-06-12,1.4528595209121704
2002-06-13,0.2305102497339248
2002-06-14,0.9375486969947816
2002-06-15,0.0
2002-06-16,0.0
2002-06-17,0.0
2002-06-18,0.0
2002-06-19,8.83593463897705
2002-06-20,0.0
2002-06-21,0.0
2002-06-22,0.0
2002-06-23,0.0
2002-06-24,0.0
2002-06-25,0.0
2002-06-26,0.0
2002-06-27,0.0
2002-06-28,0.0
2002-06-29,0.0
2002-06-30,0.0
2002-07-01,0.0
2002-07-02,0.1704633980989456
2002-07-03,0.0
2002-07-04,0.0
2002-07-05,0.0
2002-07-06,0.0
2002-07-07,0.0
2002-07-08,0.0
2002-07-09,0.0
2002-07-10,0.0
2002-07-11,0.0
2002-07-12,0.2097519785165786
2002-07-13,0.0
2002-07-14,0.0
2002-07-15,0.0
2002-07-16,0.2203360944986343
2002-07-17,0.0
2002-07-18,0.0
2002-07-19,0.0
2002-07-20,0.0
2002-07-21,0.0
2002-07-22,0.3712976276874542
2002-07-23,0.0
2002-07-24,0.0
2002-07-25,0.2566015422344208
2002-07-26,0.0
2002-07-27,0.0
2002-07-28,0.0
2002-07-29,0.1371275037527084
2002-07-30,0.6108272075653076
2002-07-31,0.0
2002-08-01,2.636165142059326
2002-08-02,0.0
2002-08-03,0.0
2002-08-04,0.0
2002-08-05,0.0
2002-08-06,0.0
2002-08-07,0.4829796254634857
2002-08-08,0.0
2002-08-09,2.123912811279297
2002-08-10,0.3928608894348144
2002-08-11,0.0
2002-08-12,0.0
2002-08-13,0.0
2002-08-14,0.0
2002-08-15,0.0
2002-08-16,0.0
2002-08-17,0.142709270119667
2002-08-18,0.0
2002-08-19,0.0
2002-08-20,0.0
2002-08-21,0.0
2002-08-22,0.0
2002-08-23,0.0
2002-08-24,0.0
2002-08-25,0.156823918223381
2002-08-26,0.0
2002-08-27,0.0
2002-08-28,0.391730397939682
2002-08-29,1.259747862815857
2002-08-30,3.224921226501465
2002-08-31,0.0
2002-09-01,0.0
2002-09-02,0.0
2002-09-03,0.0
2002-09-04,0.0
2002-09-05,0.5680551528930664
2002-09-06,0.0
2002-09-07,0.0
2002-09-08,0.1489827185869217
2002-09-09,0.2350382357835769
2002-09-10,0.1870085597038269
2002-09-11,1.6194021701812744
2002-09-12,0.0
2002-09-13,0.0
2002-09-14,0.0
2002-09-15,0.0
2002-09-16,1.4667184352874756
2002-09-17,0.3572854101657867
2002-09-18,2.622048854827881
2002-09-19,0.6327861547470093
2002-09-20,0.0
2002-09-21,0.0
2002-09-22,0.0
2002-09-23,0.0
2002-09-24,0.0
2002-09-25,0.0
2002-09-26,0.0
2002-09-27,0.0
2002-09-28,0.0
2002-09-29,0.0
2002-09-30,0.0
2002-10-01,0.0
2002-10-02,0.0
2002-10-03,0.0
2002-10-04,0.0
2002-10-05,0.0
2002-10-06,3.0682880878448486
2002-10-07,0.1064299717545509
2002-10-08,0.0
2002-10-09,1.080260157585144
2002-10-10,3.777654647827149
2002-10-11,1.072511076927185
2002-10-12,0.0
2002-10-13,0.0
2002-10-14,0.0
2002-10-15,0.7230474352836609
2002-10-16,0.0
2002-10-17,0.0
2002-10-18,0.137208491563797
2002-10-19,0.7461233139038086
2002-10-20,0.1850382834672927
2002-10-21,0.0
2002-10-22,0.0
2002-10-23,0.0
2002-10-24,0.0
2002-10-25,0.0
2002-10-26,6.659416675567627
2002-10-27,10.357953071594238
2002-10-28,0.24699766933918
2002-10-29,0.2394098043441772
2002-10-30,0.7011968493461609
2002-10-31,1.5618025064468384
2002-11-01,10.12605094909668
2002-11-02,7.329559326171875
2002-11-03,0.1038299649953842
2002-11-04,0.2023008465766906
2002-11-05,0.1627023220062255
2002-11-06,0.4192100763320923
2002-11-07,2.58536148071289
2002-11-08,0.0
2002-11-09,1.748395919799805
2002-11-10,0.3181534111499786
2002-11-11,0.0
2002-11-12,0.0
2002-11-13,0.0
2002-11-14,0.0
2002-11-15,0.0
2002-11-16,0.0
2002-11-17,0.0
2002-11-18,0.0
2002-11-19,0.1043514981865882
2002-11-20,0.0
2002-11-21,0.258759468793869
2002-11-22,0.0
2002-11-23,0.0
2002-11-24,0.0
2002-11-25,0.0
2002-11-26,0.0
2002-11-27,0.0
2002-11-28,0.0
2002-11-29,0.0
2002-11-30,0.0
2002-12-01,0.0
2002-12-02,0.0
2002-12-03,0.0
2002-12-04,0.0
2002-12-05,0.0
2002-12-06,0.0
2002-12-07,5.378177642822266
2002-12-08,1.566535711288452
2002-12-09,0.0
2002-12-10,0.0
2002-12-11,0.0
2002-12-12,0.0
2002-12-13,0.0
2002-12-14,0.0
2002-12-15,0.0
2002-12-16,0.0
2002-12-17,0.0
2002-12-18,0.0
2002-12-19,0.0
2002-12-20,0.0
2002-12-21,0.0
2002-12-22,0.0
2002-12-23,0.0
2002-12-24,0.0
2002-12-25,0.0
2002-12-26,0.0
2002-12-27,0.0
2002-12-28,0.0
2002-12-29,0.0
2002-12-30,0.0
2002-12-31,0.0
2003-01-01,0.0
2003-01-02,0.0
2003-01-03,0.0
2003-01-04,0.0
2003-01-05,0.0
2003-01-06,0.0
2003-01-07,0.0
2003-01-08,0.0
2003-01-09,0.0
2003-01-10,0.0
2003-01-11,0.0
2003-01-12,0.0
2003-01-13,0.0
2003-01-14,0.0
2003-01-15,0.0
2003-01-16,0.0
2003-01-17,0.0
2003-01-18,0.0
2003-01-19,0.0
2003-01-20,0.0
2003-01-21,0.0
2003-01-22,0.0
2003-01-23,0.0
2003-01-24,0.0
2003-01-25,0.0
2003-01-26,0.0
2003-01-27,0.0
2003-01-28,0.0
2003-01-29,0.0
2003-01-30,0.0
2003-01-31,0.0
2003-02-01,0.0
2003-02-02,0.0
2003-02-03,0.0
2003-02-04,0.0
2003-02-05,0.0
2003-02-06,0.0
2003-02-07,0.0
2003-02-08,0.0
2003-02-09,0.0
2003-02-10,0.0
2003-02-11,0.0
2003-02-12,0.0
2003-02-13,0.0
2003-02-14,0.0
2003-02-15,0.0
2003-02-16,0.0
2003-02-17,0.0
2003-02-18,0.0
2003-02-19,0.0
2003-02-20,0.0
2003-02-21,0.0
2003-02-22,0.0
2003-02-23,0.0
2003-02-24,0.0
2003-02-25,0.0
2003-02-26,0.0
2003-02-27,0.0
2003-02-28,0.0
2003-03-01,0.0
2003-03-02,0.0
2003-03-03,0.0
2003-03-04,0.0
2003-03-05,0.0
2003-03-06,0.0
2003-03-07,0.0
2003-03-08,0.0
2003-03-09,0.0
2003-03-10,0.0
2003-03-11,0.0
2003-03-12,0.0
2003-03-13,0.0
2003-03-14,0.0
2003-03-15,0.0
2003-03-16,0.0
2003-03-17,0.0
2003-03-18,0.0
2003-03-19,0.0
2003-03-20,0.0
2003-03-21,0.0
2003-03-22,0.0
2003-03-23,0.0
2003-03-24,0.0
2003-03-25,0.0
2003-03-26,0.0
2003-03-27,0.0
2003-03-28,0.0
2003-03-29,0.0
2003-03-30,0.0
2003-03-31,0.0
2003-04-01,0.0
2003-04-02,0.0
2003-04-03,0.0
2003-04-04,0.0
2003-04-05,0.0
2003-04-06,0.0
2003-04-07,0.0
2003-04-08,0.0
2003-04-09,0.0
2003-04-10,0.0
2003-04-11,0.0
2003-04-12,0.0
2003-04-13,0.0
2003-04-14,0.0
2003-04-15,0.0
2003-04-16,0.0
2003-04-17,0.0
2003-04-18,0.0
2003-04-19,0.0
2003-04-20,0.0
2003-04-21,0.0
2003-04-22,0.0
2003-04-23,0.0
2003-04-24,0.0
2003-04-25,0.0
2003-04-26,0.0
2003-04-27,0.0
2003-04-28,0.0
2003-04-29,0.0
2003-04-30,0.0
2003-05-01,0.0
2003-05-02,0.0
2003-05-03,0.0
2003-05-04,0.0
2003-05-05,0.0
2003-05-06,0.0
2003-05-07,0.0
2003-05-08,0.0
2003-05-09,0.0
2003-05-10,0.0
2003-05-11,0.0
2003-05-12,0.0
2003-05-13,0.0
2003-05-14,0.8118855357170105
2003-05-15,0.0
2003-05-16,0.156692162156105
2003-05-17,0.0
2003-05-18,0.6868847608566284
2003-05-19,0.0
2003-05-20,0.0
2003-05-21,0.0
2003-05-22,0.0
2003-05-23,0.0
2003-05-24,0.0
2003-05-25,0.0
2003-05-26,0.0
2003-05-27,0.0
2003-05-28,0.0
2003-05-29,0.156692162156105
2003-05-30,0.1646651029586792
2003-05-31,0.0
2003-06-01,0.0
2003-06-02,0.0
2003-06-03,0.0
2003-06-04,0.0
2003-06-05,0.0
2003-06-06,0.0
2003-06-07,0.0
2003-06-08,0.0
2003-06-09,0.0
2003-06-10,0.0
2003-06-11,0.0
2003-06-12,0.0
2003-06-13,0.0
2003-06-14,0.0
2003-06-15,0.0
2003-06-16,0.0
2003-06-17,0.0
2003-06-18,0.0
2003-06-19,0.12349883466959
2003-06-20,0.0
2003-06-21,0.0
2003-06-22,0.0
2003-06-23,0.0
2003-06-24,0.5037968158721924
2003-06-25,0.1097767427563667
2003-06-26,0.0
2003-06-27,0.0
2003-06-28,0.0
2003-06-29,0.0
2003-06-30,0.0
2003-07-01,0.0
2003-07-02,0.0
2003-07-03,0.0
2003-07-04,0.0
2003-07-05,0.0
2003-07-06,0.0
2003-07-07,0.0
2003-07-08,0.0
2003-07-09,0.130544975399971
2003-07-10,0.0
2003-07-11,1.430536150932312
2003-07-12,0.0
2003-07-13,0.0
2003-07-14,0.0
2003-07-15,0.7954958081245422
2003-07-16,0.0
2003-07-17,0.0
2003-07-18,0.0
2003-07-19,0.0
2003-07-20,0.0
2003-07-21,0.0
2003-07-22,0.0
2003-07-23,1.7001875638961792
2003-07-24,0.4673523008823395
2003-07-25,0.0
2003-07-26,0.156692162156105
2003-07-27,0.0
2003-07-28,0.0
2003-07-29,0.0
2003-07-30,0.0
2003-07-31,0.362845242023468
2003-08-01,0.7223894596099854
2003-08-02,0.4682036638259887
2003-08-03,0.1481317281723022
2003-08-04,1.1648041009902954
2003-08-05,1.4819282293319702
2003-08-06,0.0
2003-08-07,0.0
2003-08-08,0.0
2003-08-09,0.0
2003-08-10,0.0
2003-08-11,0.4897133111953735
2003-08-12,0.0
2003-08-13,1.2016717195510864
2003-08-14,2.186147451400757
2003-08-15,1.6788276433944702
2003-08-16,0.0
2003-08-17,5.048676490783691
2003-08-18,0.1546448618173599
2003-08-19,0.0
2003-08-20,0.0
2003-08-21,0.0
2003-08-22,5.595011234283447
2003-08-23,0.0
2003-08-24,0.0
2003-08-25,0.0
2003-08-26,0.0
2003-08-27,0.0
2003-08-28,0.0
2003-08-29,0.0
2003-08-30,2.301255941390991
2003-08-31,0.0
2003-09-01,2.4727132320404053
2003-09-02,0.156692162156105
2003-09-03,0.0
2003-09-04,0.0
2003-09-05,5.628458499908447
2003-09-06,0.0
2003-09-07,0.0
2003-09-08,0.0
2003-09-09,0.0
2003-09-10,0.0
2003-09-11,0.0
2003-09-12,0.0
2003-09-13,0.0
2003-09-14,0.0
2003-09-15,0.0
2003-09-16,0.0
2003-09-17,0.0
2003-09-18,0.0
2003-09-19,0.0
2003-09-20,0.0
2003-09-21,0.0
2003-09-22,0.0
2003-09-23,0.0
2003-09-24,0.0
2003-09-25,2.216024160385132
2003-09-26,0.3133843243122101
2003-09-27,1.6804054975509644
2003-09-28,0.0
2003-09-29,0.0
2003-09-30,0.0
2003-10-01,0.0
2003-10-02,0.0
2003-10-03,2.8154311180114746
2003-10-04,2.47258734703064
2003-10-05,1.0740123987197876
2003-10-06,0.7770795226097107
2003-10-07,3.637420654296875
2003-10-08,0.0
2003-10-09,0.0
2003-10-10,0.0
2003-10-11,0.635767936706543
2003-10-12,0.0
2003-10-13,0.5305074453353882
2003-10-14,0.3191336989402771
2003-10-15,0.4910411238670349
2003-10-16,0.0
2003-10-17,0.0
2003-10-18,0.0
2003-10-19,2.5580315589904785
2003-10-20,0.2371110916137695
2003-10-21,0.4235783815383911
2003-10-22,0.3995715975761413
2003-10-23,4.263220310211182
2003-10-24,9.856188774108888
2003-10-25,0.0
2003-10-26,0.4151883423328399
2003-10-27,0.0
2003-10-28,0.0
2003-10-29,0.0
2003-10-30,0.0
2003-10-31,0.4391069710254669
2003-11-01,0.1411415338516235
2003-11-02,0.5602502226829529
2003-11-03,1.6708844900131226
2003-11-04,0.0
2003-11-05,0.7963345646858215
2003-11-06,0.6778681874275208
2003-11-07,3.296358585357666
2003-11-08,3.118013381958008
2003-11-09,4.487607955932617
2003-11-10,6.632318019866943
2003-11-11,0.0
2003-11-12,0.0
2003-11-13,0.0
2003-11-14,1.1061276197433472
2003-11-15,0.3861789405345917
2003-11-16,0.1489827185869217
2003-11-17,0.0
2003-11-18,0.0
2003-11-19,0.0
2003-11-20,0.0
2003-11-21,0.6108272075653076
2003-11-22,1.1124521493911743
2003-11-23,0.0
2003-11-24,0.0
2003-11-25,0.0
2003-11-26,0.0
2003-11-27,0.0
2003-11-28,1.7737966775894165
2003-11-29,1.9057190418243408
2003-11-30,11.78698444366455
2003-12-01,0.7488994598388672
2003-12-02,0.0
2003-12-03,0.0
2003-12-04,0.0
2003-12-05,0.0
2003-12-06,0.0
2003-12-07,0.0
2003-12-08,0.0
2003-12-09,0.0
2003-12-10,0.0
2003-12-11,0.0
2003-12-12,0.0
2003-12-13,0.0
2003-12-14,0.0
2003-12-15,0.0
2003-12-16,0.0
2003-12-17,0.0
2003-12-18,0.0
2003-12-19,0.0
2003-12-20,0.0
2003-12-21,0.0
2003-12-22,0.0
2003-12-23,0.0
2003-12-24,0.0
2003-12-25,0.0
2003-12-26,0.0
2003-12-27,0.6485020518302917
2003-12-28,0.0
2003-12-29,0.0
2003-12-30,0.0
2003-12-31,0.511390209197998
2004-01-01,0.4217822253704071
2004-01-02,0.0
2004-01-03,0.0
2004-01-04,0.0
2004-01-05,0.0
2004-01-06,0.0
2004-01-07,0.0
2004-01-08,0.0
2004-01-09,0.0
2004-01-10,0.0
2004-01-11,0.0
2004-01-12,0.0
2004-01-13,0.0
2004-01-14,0.0
2004-01-15,0.0
2004-01-16,0.0
2004-01-17,0.0
2004-01-18,0.0
2004-01-19,0.0
2004-01-20,0.0
2004-01-21,0.0
2004-01-22,0.0
2004-01-23,0.0
2004-01-24,0.0
2004-01-25,0.0
2004-01-26,0.0
2004-01-27,0.2960051596164703
2004-01-28,0.0
2004-01-29,0.0
2004-01-30,0.0
2004-01-31,0.0
2004-02-01,0.0
2004-02-02,0.0
2004-02-03,0.0
2004-02-04,0.0
2004-02-05,0.0
2004-02-06,0.0
2004-02-07,0.0
2004-02-08,0.0
2004-02-09,0.0
2004-02-10,0.0
2004-02-11,0.0
2004-02-12,0.0
2004-02-13,0.0
2004-02-14,0.0
2004-02-15,0.0
2004-02-16,0.0
2004-02-17,0.0
2004-02-18,0.0
2004-02-19,0.0
2004-02-20,0.0
2004-02-21,0.0
2004-02-22,0.0
2004-02-23,0.0
2004-02-24,0.0
2004-02-25,0.0
2004-02-26,0.0
2004-02-27,0.0
2004-02-28,0.0
2004-02-29,0.0
2004-03-01,0.0
2004-03-02,0.0
2004-03-03,0.0
2004-03-04,0.0
2004-03-05,0.0
2004-03-06,0.0
2004-03-07,0.0
2004-03-08,0.0
2004-03-09,0.0
2004-03-10,0.0
2004-03-11,0.0
2004-03-12,0.0
2004-03-13,0.0
2004-03-14,0.0
2004-03-15,0.0
2004-03-16,0.0
2004-03-17,0.0
2004-03-18,0.0
2004-03-19,0.0
2004-03-20,0.0
2004-03-21,0.0
2004-03-22,0.0
2004-03-23,0.0
2004-03-24,0.0
2004-03-25,0.0
2004-03-26,0.0
2004-03-27,0.0
2004-03-28,0.0
2004-03-29,0.0
2004-03-30,0.0
2004-03-31,0.0
2004-04-01,0.0
2004-04-02,0.0
2004-04-03,0.0
2004-04-04,0.0
2004-04-05,0.0
2004-04-06,0.0
2004-04-07,0.0
2004-04-08,0.0
2004-04-09,0.0
2004-04-10,0.0
2004-04-11,0.0
2004-04-12,0.0
2004-04-13,0.0
2004-04-14,0.0
2004-04-15,0.0
2004-04-16,0.0
2004-04-17,0.0
2004-04-18,0.0
2004-04-19,0.0
2004-04-20,0.0
2004-04-21,0.0
2004-04-22,0.0
2004-04-23,0.0
2004-04-24,0.0
2004-04-25,0.0
2004-04-26,0.0
2004-04-27,0.0
2004-04-28,0.0
2004-04-29,0.0
2004-04-30,0.0
2004-05-01,0.0
2004-05-02,0.0
2004-05-03,14.185437202453612
2004-05-04,18.642353057861328
2004-05-05,2.782660961151123
2004-05-06,5.992143154144287
2004-05-07,0.1002994403243064
2004-05-08,0.0
2004-05-09,0.0
2004-05-10,0.2611834406852722
2004-05-11,3.69580078125
2004-05-12,0.0
2004-05-13,0.0
2004-05-14,0.0
2004-05-15,0.0
2004-05-16,1.6253236532211304
2004-05-17,14.183650970458984
2004-05-18,0.0
2004-05-19,0.0
2004-05-20,0.0
2004-05-21,0.0
2004-05-22,0.0
2004-05-23,0.0
2004-05-24,3.673145294189453
2004-05-25,4.267470836639404
2004-05-26,2.885810852050781
2004-05-27,1.4883259534835815
2004-05-28,1.82925283908844
2004-05-29,0.0
2004-05-30,0.2156609892845153
2004-05-31,0.0
2004-06-01,3.152498960494995
2004-06-02,0.2724815607070923
2004-06-03,0.2605221271514892
2004-06-04,0.0
2004-06-05,0.1426968276500702
2004-06-06,0.0
2004-06-07,0.0
2004-06-08,0.0
2004-06-09,0.0
2004-06-10,0.0
2004-06-11,0.0
2004-06-12,0.0
2004-06-13,0.0
2004-06-14,0.0
2004-06-15,0.0
2004-06-16,0.0
2004-06-17,0.0
2004-06-18,0.0
2004-06-19,0.0
2004-06-20,0.0
2004-06-21,0.0
2004-06-22,0.0
2004-06-23,0.0
2004-06-24,0.0
2004-06-25,0.0
2004-06-26,0.0
2004-06-27,0.0
2004-06-28,0.9479941725730896
2004-06-29,0.0
2004-06-30,0.0
2004-07-01,0.0
2004-07-02,5.065340995788574
2004-07-03,0.0
2004-07-04,0.1222852766513824
2004-07-05,0.0
2004-07-06,0.0
2004-07-07,0.0
2004-07-08,0.0
2004-07-09,0.0
2004-07-10,1.443310260772705
2004-07-11,11.70382595062256
2004-07-12,0.0
2004-07-13,2.398195743560791
2004-07-14,0.0
2004-07-15,0.0
2004-07-16,0.0
2004-07-17,0.0
2004-07-18,0.0
2004-07-19,0.0
2004-07-20,0.0
2004-07-21,0.0
2004-07-22,0.0
2004-07-23,0.0
2004-07-24,0.0
2004-07-25,5.026690483093262
2004-07-26,0.0
2004-07-27,0.0
2004-07-28,0.0
2004-07-29,0.0
2004-07-30,0.0
2004-07-31,0.0
2004-08-01,0.0
2004-08-02,0.0
2004-08-03,0.0
2004-08-04,0.0
2004-08-05,0.0
2004-08-06,0.0
2004-08-07,9.852553367614746
2004-08-08,3.343950033187866
2004-08-09,0.0
2004-08-10,0.0
2004-08-11,0.1321913599967956
2004-08-12,0.0
2004-08-13,0.0
2004-08-14,0.0
2004-08-15,0.0
2004-08-16,0.0
2004-08-17,0.2656280696392059
2004-08-18,0.0
2004-08-19,0.0
2004-08-20,0.0
2004-08-21,0.0
2004-08-22,0.0
2004-08-23,0.5393508076667786
2004-08-24,0.0
2004-08-25,0.0
2004-08-26,0.0
2004-08-27,5.023271560668945
2004-08-28,0.1015788689255714
2004-08-29,28.358936309814453
2004-08-30,0.0
2004-08-31,5.734602451324463
2004-09-01,23.42234230041504
2004-09-02,0.0
2004-09-03,5.155462741851807
2004-09-04,0.0
2004-09-05,0.0
2004-09-06,21.35326385498047
2004-09-07,0.2470121383666992
2004-09-08,0.0
2004-09-09,0.0
2004-09-10,1.984639048576355
2004-09-11,0.0
2004-09-12,23.61635398864746
2004-09-13,0.0
2004-09-14,0.0
2004-09-15,0.0
2004-09-16,7.35084867477417
2004-09-17,0.0
2004-09-18,0.0
2004-09-19,1.003185153007507
2004-09-20,18.921077728271484
2004-09-21,20.91964530944824
2004-09-22,0.0
2004-09-23,3.740524291992188
2004-09-24,2.2264745235443115
2004-09-25,3.708799123764038
2004-09-26,14.109542846679688
2004-09-27,29.706880569458008
2004-09-28,25.398536682128903
2004-09-29,49.13216781616211
2004-09-30,5.033390998840332
2004-10-01,0.0
2004-10-02,1.6788244247436523
2004-10-03,0.4022309780120849
2004-10-04,0.0
2004-10-05,0.0
2004-10-06,0.0
2004-10-07,0.0
2004-10-08,0.0
2004-10-09,0.0
2004-10-10,0.0
2004-10-11,0.0
2004-10-12,0.0
2004-10-13,0.510009765625
2004-10-14,0.1020750924944877
2004-10-15,0.0
2004-10-16,0.0
2004-10-17,0.423342227935791
2004-10-18,26.463144302368164
2004-10-19,10.199758529663086
2004-10-20,4.073343276977539
2004-10-21,18.7203311920166
2004-10-22,15.148150444030762
2004-10-23,13.71121597290039
2004-10-24,31.89042091369629
2004-10-25,8.846736907958984
2004-10-26,4.898480415344238
2004-10-27,11.203359603881836
2004-10-28,21.596574783325195
2004-10-29,75.25042724609375
2004-10-30,57.30441665649414
2004-10-31,227.0800018310547
2004-11-01,0.0
2004-11-02,0.0
2004-11-03,19.039283752441406
2004-11-04,0.0
2004-11-05,18.491283416748047
2004-11-06,59.01530456542969
2004-11-07,87.04180908203125
2004-11-08,71.36997985839844
2004-11-09,26.10819625854492
2004-11-10,0.456518292427063
2004-11-11,6.727932929992676
2004-11-12,23.66703987121582
2004-11-13,8.428312301635742
2004-11-14,2.8840649127960205
2004-11-15,0.0
2004-11-16,0.0
2004-11-17,0.0
2004-11-18,0.0
2004-11-19,0.0
2004-11-20,0.0
2004-11-21,0.0
2004-11-22,0.0
2004-11-23,5.811226844787598
2004-11-24,5.768129825592041
2004-11-25,8.3004789352417
2004-11-26,16.56197166442871
2004-11-27,22.150732040405277
2004-11-28,0.0
2004-11-29,0.0
2004-11-30,0.0
2004-12-01,0.0
2004-12-02,0.0
2004-12-03,44.257568359375
2004-12-04,0.0
2004-12-05,0.0
2004-12-06,0.0
2004-12-07,0.0
2004-12-08,0.0
2004-12-09,0.0
2004-12-10,0.0
2004-12-11,0.0
2004-12-12,0.0
2004-12-13,0.0
2004-12-14,6.204311370849609
2004-12-15,0.2813721895217895
2004-12-16,0.0
2004-12-17,0.0
2004-12-18,0.0
2004-12-19,0.0
2004-12-20,0.0
2004-12-21,0.0
2004-12-22,0.0
2004-12-23,0.0
2004-12-24,0.0
2004-12-25,0.0
2004-12-26,0.0
2004-12-27,0.0
2004-12-28,0.0
2004-12-29,0.1413280665874481
2004-12-30,0.0
2004-12-31,0.0
2005-01-01,0.0
2005-01-02,0.0
2005-01-03,0.0
2005-01-04,0.0
2005-01-05,0.0
2005-01-06,0.0
2005-01-07,0.0
2005-01-08,0.0
2005-01-09,0.0
2005-01-10,0.0
2005-01-11,0.0
2005-01-12,0.0
2005-01-13,0.0
2005-01-14,0.0
2005-01-15,0.0
2005-01-16,0.0
2005-01-17,0.0
2005-01-18,0.0
2005-01-19,0.0
2005-01-20,0.0
2005-01-21,0.0
2005-01-22,1.7526081800460815
2005-01-23,1.5878735780715942
2005-01-24,0.0
2005-01-25,0.0
2005-01-26,0.0
2005-01-27,0.0
2005-01-28,0.0
2005-01-29,0.0
2005-01-30,0.0
2005-01-31,0.0
2005-02-01,0.3401949107646942
2005-02-02,0.9573023319244384
2005-02-03,0.0
2005-02-04,9.03179168701172
2005-02-05,0.2695145308971405
2005-02-06,0.0
2005-02-07,0.0
2005-02-08,0.0
2005-02-09,0.0
2005-02-10,0.0
2005-02-11,0.0
2005-02-12,0.0
2005-02-13,0.0
2005-02-14,0.0
2005-02-15,0.0
2005-02-16,0.0
2005-02-17,0.0
2005-02-18,0.0
2005-02-19,0.0
2005-02-20,0.0
2005-02-21,0.0
2005-02-22,0.0
2005-02-23,0.0
2005-02-24,0.0
2005-02-25,0.0
2005-02-26,0.0
2005-02-27,0.0
2005-02-28,0.0
2005-03-01,0.0
2005-03-02,0.0
2005-03-03,0.0
2005-03-04,0.0
2005-03-05,0.0
2005-03-06,0.0
2005-03-07,0.0
2005-03-08,0.0
2005-03-09,0.0
2005-03-10,0.0
2005-03-11,0.0
2005-03-12,0.0
2005-03-13,0.0
2005-03-14,0.0
2005-03-15,0.0
2005-03-16,0.0
2005-03-17,0.0
2005-03-18,0.0
2005-03-19,0.0
2005-03-20,0.0
2005-03-21,0.0
2005-03-22,0.0
2005-03-23,0.0
2005-03-24,0.0
2005-03-25,2.156116247177124
2005-03-26,0.0
2005-03-27,0.0
2005-03-28,0.0
2005-03-29,0.0
2005-03-30,0.0
2005-03-31,0.0
2005-04-01,0.0
2005-04-02,0.0
2005-04-03,0.0
2005-04-04,54.95438003540039
2005-04-05,43.36183166503906
2005-04-06,25.031593322753903
2005-04-07,4.427608966827393
2005-04-08,11.190911293029783
2005-04-09,0.0
2005-04-10,0.539029061794281
2005-04-11,0.0
2005-04-12,0.0
2005-04-13,0.0
2005-04-14,0.0
2005-04-15,0.0
2005-04-16,0.0
2005-04-17,0.0
2005-04-18,0.0
2005-04-19,0.0
2005-04-20,0.0
2005-04-21,0.0
2005-04-22,0.0
2005-04-23,0.0
2005-04-24,0.0
2005-04-25,0.0
2005-04-26,0.0
2005-04-27,0.0
2005-04-28,0.0
2005-04-29,0.2330665737390518
2005-04-30,0.0
2005-05-01,0.0
2005-05-02,28.227903366088867
2005-05-03,0.0
2005-05-04,0.238565057516098
2005-05-05,35.32185745239258
2005-05-06,0.0
2005-05-07,0.0
2005-05-08,0.0
2005-05-09,0.0
2005-05-10,0.0
2005-05-11,0.0
2005-05-12,0.0
2005-05-13,0.0
2005-05-14,0.0
2005-05-15,0.0
2005-05-16,0.0
2005-05-17,0.0
2005-05-18,0.0
2005-05-19,0.0
2005-05-20,0.0
2005-05-21,0.0
2005-05-22,0.0
2005-05-23,0.0
2005-05-24,0.0
2005-05-25,0.0
2005-05-26,0.0
2005-05-27,0.0
2005-05-28,0.0
2005-05-29,0.0
2005-05-30,0.1127229928970336
2005-05-31,0.0
2005-06-01,0.0
2005-06-02,0.0
2005-06-03,0.0
2005-06-04,0.0
2005-06-05,0.1206440702080726
2005-06-06,0.0
2005-06-07,0.0
2005-06-08,0.0
2005-06-09,0.0
2005-06-10,0.0
2005-06-11,0.0
2005-06-12,0.0
2005-06-13,0.0
2005-06-14,0.0
2005-06-15,0.0
2005-06-16,0.0
2005-06-17,0.0
2005-06-18,0.0
2005-06-19,0.0
2005-06-20,0.0
2005-06-21,0.3969312608242035
2005-06-22,0.0
2005-06-23,0.0
2005-06-24,0.0
2005-06-25,0.0
2005-06-26,0.8759222030639648
2005-06-27,0.0
2005-06-28,0.0
2005-06-29,0.0
2005-06-30,0.0
2005-07-01,0.0
2005-07-02,0.0
2005-07-03,0.0
2005-07-04,0.0
2005-07-05,0.0
2005-07-06,0.0
2005-07-07,0.2267630249261856
2005-07-08,0.0
2005-07-09,0.0
2005-07-10,0.0
2005-07-11,4.110351085662842
2005-07-12,0.2048277258872985
2005-07-13,0.0
2005-07-14,0.5017619729042053
2005-07-15,0.0
2005-07-16,0.0
2005-07-17,3.243990182876587
2005-07-18,1.5878735780715942
2005-07-19,0.0
2005-07-20,0.0
2005-07-21,0.1169445812702179
2005-07-22,0.0
2005-07-23,0.0
2005-07-24,0.2230603396892547
2005-07-25,0.0
2005-07-26,0.0
2005-07-27,0.0
2005-07-28,1.4823299646377563
2005-07-29,1.6219241619110107
2005-07-30,1.5944759845733645
2005-07-31,0.0
2005-08-01,0.0
2005-08-02,0.0
2005-08-03,0.0
2005-08-04,0.0
2005-08-05,0.0
2005-08-06,0.0
2005-08-07,0.0
2005-08-08,0.0
2005-08-09,0.0
2005-08-10,0.0
2005-08-11,0.4438101649284363
2005-08-12,7.699067115783691
2005-08-13,5.3902907371521
2005-08-14,0.3368931710720062
2005-08-15,1.693424940109253
2005-08-16,0.0
2005-08-17,0.0
2005-08-18,0.0
2005-08-19,0.0
2005-08-20,0.2199559062719345
2005-08-21,0.0
2005-08-22,0.0
2005-08-23,0.0
2005-08-24,0.261395514011383
2005-08-25,34.74351501464844
2005-08-26,25.648717880249023
2005-08-27,7.3824357986450195
2005-08-28,0.0
2005-08-29,0.0
2005-08-30,0.0
2005-08-31,0.0
2005-09-01,3.368931531906128
2005-09-02,0.0
2005-09-03,0.0
2005-09-04,0.1547656208276748
2005-09-05,18.80168342590332
2005-09-06,0.5475594997406006
2005-09-07,28.04367446899414
2005-09-08,0.1553903371095657
2005-09-09,3.3668646812438965
2005-09-10,0.0
2005-09-11,1.6422066688537598
2005-09-12,0.0
2005-09-13,0.0
2005-09-14,0.0
2005-09-15,0.0
2005-09-16,4.1774749755859375
2005-09-17,14.290863037109377
2005-09-18,0.0
2005-09-19,0.0
2005-09-20,0.0
2005-09-21,0.0
2005-09-22,0.0
2005-09-23,0.0
2005-09-24,0.0
2005-09-25,0.0
2005-09-26,19.18924140930176
2005-09-27,9.532115936279297
2005-09-28,6.362462043762207
2005-09-29,48.45508575439453
2005-09-30,2.602505683898926
2005-10-01,0.0
2005-10-02,0.0
2005-10-03,1.6265684366226196
2005-10-04,0.0
2005-10-05,0.0
2005-10-06,0.0
2005-10-07,0.0
2005-10-08,0.0
2005-10-09,0.0
2005-10-10,0.0
2005-10-11,1.020244836807251
2005-10-12,10.901936531066896
2005-10-13,0.9999942183494568
2005-10-14,7.194769859313965
2005-10-15,0.0
2005-10-16,0.0
2005-10-17,0.0
2005-10-18,1.5878735780715942
2005-10-19,8.94335651397705
2005-10-20,35.92561721801758
2005-10-21,0.0
2005-10-22,0.9303852319717408
2005-10-23,11.427804946899414
2005-10-24,3.426063537597656
2005-10-25,11.802841186523438
2005-10-26,18.97041320800781
2005-10-27,28.268539428710938
2005-10-28,11.40091323852539
2005-10-29,0.0
2005-10-30,3.984290599822998
2005-10-31,0.539029061794281
2005-11-01,0.0
2005-11-02,1.8714022636413572
2005-11-03,8.3908109664917
2005-11-04,6.07179594039917
2005-11-05,41.38048553466797
2005-11-06,87.45610809326172
2005-11-07,56.86104202270508
2005-11-08,169.5381622314453
2005-11-09,61.78667831420898
2005-11-10,8.71544361114502
2005-11-11,0.0
2005-11-12,0.1692340224981308
2005-11-13,1.5878735780715942
2005-11-14,0.0
2005-11-15,0.0
2005-11-16,0.0
2005-11-17,0.0
2005-11-18,0.0
2005-11-19,0.0
2005-11-20,0.0
2005-11-21,9.580016136169434
2005-11-22,131.22183227539062
2005-11-23,41.53068923950195
2005-11-24,139.04505920410156
2005-11-25,90.71452331542967
2005-11-26,12.807969093322754
2005-11-27,14.273422241210938
2005-11-28,15.322314262390137
2005-11-29,0.0
2005-11-30,0.0
2005-12-01,0.0
2005-12-02,0.0
2005-12-03,10.234296798706056
2005-12-04,112.85863494873048
2005-12-05,0.0
2005-12-06,0.0
2005-12-07,0.0
2005-12-08,0.0
2005-12-09,0.0
2005-12-10,38.34983444213867
2005-12-11,59.15626907348633
2005-12-12,2.961988687515259
2005-12-13,14.51657772064209
2005-12-14,24.265857696533203
2005-12-15,0.0
2005-12-16,0.0
2005-12-17,0.0
2005-12-18,7.851605892181396
2005-12-19,1.6054632663726809
2005-12-20,0.1619880944490432
2005-12-21,0.0
2005-12-22,0.3408042192459106
2005-12-23,0.0
2005-12-24,0.0
2005-12-25,0.0
2005-12-26,0.0
2005-12-27,0.0
2005-12-28,0.0
2005-12-29,1.6170872449874878
2005-12-30,0.0
2005-12-31,0.0
2006-01-01,0.0
2006-01-02,0.0
2006-01-03,0.0
2006-01-04,0.0
2006-01-05,0.1515123844146728
2006-01-06,0.0
2006-01-07,0.0
2006-01-08,0.0
2006-01-09,0.0
2006-01-10,0.0
2006-01-11,0.0
2006-01-12,0.0
2006-01-13,0.0
2006-01-14,0.0
2006-01-15,0.0
2006-01-16,0.0
2006-01-17,0.0
2006-01-18,0.0
2006-01-19,0.0
2006-01-20,0.0
2006-01-21,0.0
2006-01-22,0.0
2006-01-23,0.0
2006-01-24,0.0
2006-01-25,0.0
2006-01-26,0.0
2006-01-27,0.0
2006-01-28,0.0
2006-01-29,0.0
2006-01-30,0.0
2006-01-31,0.0
2006-02-01,0.0
2006-02-02,0.0
2006-02-03,0.0
2006-02-04,0.0
2006-02-05,0.0
2006-02-06,0.0
2006-02-07,0.0
2006-02-08,0.0
2006-02-09,0.0
2006-02-10,0.0
2006-02-11,0.0
2006-02-12,0.0
2006-02-13,0.0
2006-02-14,0.0
2006-02-15,0.0
2006-02-16,0.0
2006-02-17,0.0
2006-02-18,0.0
2006-02-19,0.0
2006-02-20,0.0
2006-02-21,0.0
2006-02-22,0.0
2006-02-23,0.0
2006-02-24,0.0
2006-02-25,0.0
2006-02-26,0.0
2006-02-27,0.0
2006-02-28,0.0
2006-03-01,0.0
2006-03-02,0.0
2006-03-03,0.0
2006-03-04,32.23160934448242
2006-03-05,0.0
2006-03-06,0.0
2006-03-07,0.0
2006-03-08,0.0
2006-03-09,0.0
2006-03-10,0.0
2006-03-11,0.0
2006-03-12,18.93401908874512
2006-03-13,0.0
2006-03-14,0.0
2006-03-15,0.0
2006-03-16,0.0
2006-03-17,0.0
2006-03-18,0.0
2006-03-19,0.0
2006-03-20,0.0
2006-03-21,0.0
2006-03-22,0.0
2006-03-23,0.0
2006-03-24,0.0
2006-03-25,0.0
2006-03-26,0.0
2006-03-27,0.0
2006-03-28,0.0
2006-03-29,0.0
2006-03-30,0.0
2006-03-31,0.0
2006-04-01,0.0
2006-04-02,0.0
2006-04-03,0.0
2006-04-04,0.0
2006-04-05,0.0
2006-04-06,0.0
2006-04-07,0.0
2006-04-08,0.0
2006-04-09,0.0
2006-04-10,0.0
2006-04-11,0.0
2006-04-12,0.0
2006-04-13,0.0
2006-04-14,0.0
2006-04-15,0.0
2006-04-16,0.0
2006-04-17,0.0
2006-04-18,0.4769834280014038
2006-04-19,0.0
2006-04-20,0.0
2006-04-21,0.0
2006-04-22,0.0
2006-04-23,0.0
2006-04-24,0.0
2006-04-25,0.0
2006-04-26,0.0
2006-04-27,0.0
2006-04-28,0.0
2006-04-29,0.0
2006-04-30,0.0
2006-05-01,0.0
2006-05-02,0.0
2006-05-03,0.0
2006-05-04,0.1402892470359802
2006-05-05,0.0
2006-05-06,0.0
2006-05-07,0.0
2006-05-08,0.0
2006-05-09,0.0
2006-05-10,0.0
2006-05-11,0.0
2006-05-12,0.0
2006-05-13,0.0
2006-05-14,0.0
2006-05-15,0.0
2006-05-16,0.0
2006-05-17,0.0
2006-05-18,0.0
2006-05-19,0.0
2006-05-20,0.0
2006-05-21,0.0
2006-05-22,0.0
2006-05-23,0.0
2006-05-24,0.0
2006-05-25,0.0
2006-05-26,6.547366142272949
2006-05-27,19.62386512756348
2006-05-28,0.0
2006-05-29,0.0
2006-05-30,0.0
2006-05-31,0.0
2006-06-01,0.0
2006-06-02,0.0
2006-06-03,0.0
2006-06-04,0.0
2006-06-05,0.0
2006-06-06,15.355535507202148
2006-06-07,0.0
2006-06-08,0.0
2006-06-09,0.0
2006-06-10,1.8177566528320312
2006-06-11,0.0
2006-06-12,0.0
2006-06-13,0.0
2006-06-14,6.952446937561035
2006-06-15,2.5095272064208984
2006-06-16,0.0
2006-06-17,11.347244262695312
2006-06-18,0.0
2006-06-19,54.19601058959961
2006-06-20,2.360160112380981
2006-06-21,0.0
2006-06-22,3.613067150115967
2006-06-23,0.0
2006-06-24,0.0
2006-06-25,0.0
2006-06-26,0.4320908486843109
2006-06-27,0.0
2006-06-28,0.0
2006-06-29,0.0
2006-06-30,0.0
2006-07-01,0.0
2006-07-02,0.0
2006-07-03,0.0
2006-07-04,0.0
2006-07-05,0.0
2006-07-06,0.0
2006-07-07,0.0
2006-07-08,0.0
2006-07-09,0.0
2006-07-10,0.0
2006-07-11,0.3574227392673492
2006-07-12,0.0
2006-07-13,0.0
2006-07-14,0.0
2006-07-15,0.2540210485458374
2006-07-16,0.0
2006-07-17,0.0
2006-07-18,0.4572378396987915
2006-07-19,1.280326008796692
2006-07-20,0.9650413393974304
2006-07-21,4.516334056854248
2006-07-22,0.0
2006-07-23,0.0
2006-07-24,0.1016084104776382
2006-07-25,0.0
2006-07-26,0.0
2006-07-27,0.0
2006-07-28,0.0
2006-07-29,0.0
2006-07-30,0.0
2006-07-31,0.0
2006-08-01,0.0
2006-08-02,0.0
2006-08-03,0.0
2006-08-04,0.0
2006-08-05,0.0
2006-08-06,0.0
2006-08-07,0.0
2006-08-08,0.0
2006-08-09,0.9032667875289916
2006-08-10,0.0
2006-08-11,0.0
2006-08-12,0.0
2006-08-13,0.0
2006-08-14,0.6766892075538635
2006-08-15,0.0
2006-08-16,0.4198624193668365
2006-08-17,0.0
2006-08-18,0.0
2006-08-19,0.0
2006-08-20,0.3104368150234222
2006-08-21,2.201415538787842
2006-08-22,1.3801308870315552
2006-08-23,0.0
2006-08-24,0.0
2006-08-25,0.9292990565299988
2006-08-26,7.299356460571289
2006-08-27,0.0
2006-08-28,0.0
2006-08-29,0.0
2006-08-30,0.0
2006-08-31,0.0
2006-09-01,0.0
2006-09-02,1.0437519550323486
2006-09-03,0.0
2006-09-04,0.0
2006-09-05,0.0
2006-09-06,0.0
2006-09-07,0.0
2006-09-08,0.0
2006-09-09,2.262986183166504
2006-09-10,0.0
2006-09-11,0.0
2006-09-12,0.0
2006-09-13,0.0
2006-09-14,18.99591445922852
2006-09-15,0.0
2006-09-16,0.0
2006-09-17,0.0
2006-09-18,0.0
2006-09-19,0.0
2006-09-20,0.0
2006-09-21,0.0
2006-09-22,0.0
2006-09-23,0.0
2006-09-24,0.0
2006-09-25,5.286814689636231
2006-09-26,21.6234073638916
2006-09-27,0.2501958906650543
2006-09-28,1.5241261720657349
2006-09-29,0.5588462352752686
2006-09-30,0.2032168209552765
2006-10-01,0.0
2006-10-02,0.9051580429077148
2006-10-03,0.3701117038726806
2006-10-04,0.0
2006-10-05,18.46284866333008
2006-10-06,1.3349553346633911
2006-10-07,0.1881548911333084
2006-10-08,0.0
2006-10-09,6.101261615753174
2006-10-10,0.0
2006-10-11,0.0
2006-10-12,2.007307291030884
2006-10-13,0.5080420970916748
2006-10-14,0.0
2006-10-15,0.0
2006-10-16,0.5848957300186157
2006-10-17,0.2079315781593322
2006-10-18,0.0
2006-10-19,4.385753154754639
2006-10-20,3.0475666522979736
2006-10-21,25.37203025817871
2006-10-22,2.8790476322174072
2006-10-23,16.86772918701172
2006-10-24,8.16519832611084
2006-10-25,5.579202651977539
2006-10-26,41.62129211425781
2006-10-27,22.93873405456543
2006-10-28,71.51141357421875
2006-10-29,95.54347229003906
2006-10-30,4.653684616088867
2006-10-31,0.3048252165317535
2006-11-01,6.899039268493652
2006-11-02,9.095892906188965
2006-11-03,16.81328773498535
2006-11-04,7.904910087585449
2006-11-05,0.0
2006-11-06,0.0
2006-11-07,8.105036735534668
2006-11-08,0.9692924618721008
2006-11-09,0.0
2006-11-10,0.2256767600774765
2006-11-11,3.655084609985352
2006-11-12,1.0435916185379028
2006-11-13,8.564583778381348
2006-11-14,1.3637189865112305
2006-11-15,1.586767554283142
2006-11-16,16.215179443359375
2006-11-17,4.583673000335693
2006-11-18,32.1868782043457
2006-11-19,60.6926155090332
2006-11-20,5.357259273529053
2006-11-21,2.3859684467315674
2006-11-22,0.4981413781642914
2006-11-23,0.0
2006-11-24,0.0
2006-11-25,0.0
2006-11-26,0.0
2006-11-27,0.0
2006-11-28,1.1713025569915771
2006-11-29,0.0
2006-11-30,0.0
2006-12-01,0.0
2006-12-02,0.0
2006-12-03,0.0
2006-12-04,0.0
2006-12-05,0.0
2006-12-06,0.0
2006-12-07,0.0
2006-12-08,0.0
2006-12-09,0.0
2006-12-10,28.006372451782227
2006-12-11,11.847503662109377
2006-12-12,24.933040618896484
2006-12-13,0.0
2006-12-14,0.0
2006-12-15,0.0
2006-12-16,0.0
2006-12-17,0.0
2006-12-18,0.0
2006-12-19,0.0
2006-12-20,0.0
2006-12-21,0.0
2006-12-22,0.0
2006-12-23,0.0
2006-12-24,0.0
2006-12-25,0.0
2006-12-26,0.0
2006-12-27,0.0
2006-12-28,0.0
2006-12-29,0.0
2006-12-30,0.0
2006-12-31,0.0
2007-01-01,0.0
2007-01-02,0.0
2007-01-03,0.0
2007-01-04,0.0
2007-01-05,0.0
2007-01-06,0.0
2007-01-07,0.0
2007-01-08,0.0
2007-01-09,0.0
2007-01-10,0.0
2007-01-11,0.0
2007-01-12,0.0
2007-01-13,0.0
2007-01-14,0.0
2007-01-15,0.0
2007-01-16,0.0
2007-01-17,0.0
2007-01-18,0.0
2007-01-19,0.0
2007-01-20,0.0
2007-01-21,0.0
2007-01-22,0.0
2007-01-23,0.0
2007-01-24,0.0
2007-01-25,0.0
2007-01-26,0.0
2007-01-27,0.0
2007-01-28,0.0
2007-01-29,0.0
2007-01-30,0.0
2007-01-31,0.0
2007-02-01,0.0
2007-02-02,0.0
2007-02-03,0.0
2007-02-04,0.0
2007-02-05,0.0
2007-02-06,0.0
2007-02-07,0.0
2007-02-08,0.0
2007-02-09,0.0
2007-02-10,0.0
2007-02-11,0.0
2007-02-12,0.0
2007-02-13,0.0
2007-02-14,0.0
2007-02-15,0.0
2007-02-16,0.0
2007-02-17,0.0
2007-02-18,25.35575485229492
2007-02-19,0.7830557227134705
2007-02-20,0.0
2007-02-21,0.0
2007-02-22,0.0
2007-02-23,0.0
2007-02-24,0.0
2007-02-25,0.0
2007-02-26,0.0
2007-02-27,0.0
2007-02-28,0.0
2007-03-01,0.0
2007-03-02,0.0
2007-03-03,0.0
2007-03-04,0.0
2007-03-05,0.0
2007-03-06,0.0
2007-03-07,0.0
2007-03-08,0.0
2007-03-09,0.0
2007-03-10,0.0
2007-03-11,0.0
2007-03-12,0.0
2007-03-13,0.0
2007-03-14,0.0
2007-03-15,0.0
2007-03-16,0.0
2007-03-17,0.0
2007-03-18,0.0
2007-03-19,0.0
2007-03-20,0.0
2007-03-21,0.0
2007-03-22,0.0
2007-03-23,0.0
2007-03-24,0.0
2007-03-25,0.0
2007-03-26,0.0
2007-03-27,0.0
2007-03-28,0.0
2007-03-29,0.0
2007-03-30,0.0
2007-03-31,0.0
2007-04-01,0.0
2007-04-02,0.0
2007-04-03,0.0
2007-04-04,0.0
2007-04-05,0.0
2007-04-06,0.0
2007-04-07,0.0
2007-04-08,0.0
2007-04-09,0.0
2007-04-10,0.0
2007-04-11,0.0
2007-04-12,0.0
2007-04-13,0.0
2007-04-14,0.0
2007-04-15,0.0
2007-04-16,0.0
2007-04-17,0.0
2007-04-18,1.247632384300232
2007-04-19,0.0
2007-04-20,0.0
2007-04-21,0.0
2007-04-22,0.0
2007-04-23,0.0
2007-04-24,0.0
2007-04-25,0.0
2007-04-26,0.0
2007-04-27,0.0
2007-04-28,0.0
2007-04-29,0.0
2007-04-30,0.0
2007-05-01,0.0
2007-05-02,0.0
2007-05-03,0.5546431541442871
2007-05-04,0.0
2007-05-05,0.0
2007-05-06,0.0
2007-05-07,0.0
2007-05-08,0.0
2007-05-09,0.0
2007-05-10,0.0
2007-05-11,0.0
2007-05-12,0.0
2007-05-13,0.0
2007-05-14,0.0
2007-05-15,0.2037893533706665
2007-05-16,0.0
2007-05-17,0.0
2007-05-18,0.0
2007-05-19,0.0
2007-05-20,0.0
2007-05-21,0.0
2007-05-22,5.827953338623047
2007-05-23,0.0
2007-05-24,1.1428483724594116
2007-05-25,0.0
2007-05-26,1.2488471269607544
2007-05-27,0.0
2007-05-28,2.0653493404388428
2007-05-29,4.143975257873535
2007-05-30,0.0
2007-05-31,0.0
2007-06-01,0.0
2007-06-02,0.0
2007-06-03,0.0
2007-06-04,0.0
2007-06-05,0.0
2007-06-06,3.066087484359741
2007-06-07,0.0
2007-06-08,0.0
2007-06-09,0.7432652711868286
2007-06-10,0.0
2007-06-11,0.9147880673408508
2007-06-12,0.0
2007-06-13,0.0
2007-06-14,0.0
2007-06-15,0.0
2007-06-16,0.0
2007-06-17,0.0
2007-06-18,0.0
2007-06-19,0.7684763073921204
2007-06-20,0.0
2007-06-21,0.0
2007-06-22,0.5550431609153748
2007-06-23,0.0
2007-06-24,0.0
2007-06-25,0.0
2007-06-26,0.0
2007-06-27,0.0
2007-06-28,0.0
2007-06-29,0.0
2007-06-30,0.0
2007-07-01,0.0
2007-07-02,0.0
2007-07-03,0.0
2007-07-04,0.0
2007-07-05,0.0
2007-07-06,0.0
2007-07-07,0.0
2007-07-08,0.0
2007-07-09,0.0
2007-07-10,0.0
2007-07-11,11.498485565185549
2007-07-12,0.0
2007-07-13,13.04419231414795
2007-07-14,0.0
2007-07-15,0.3430455029010772
2007-07-16,0.0
2007-07-17,0.7830557227134705
2007-07-18,0.0
2007-07-19,0.0
2007-07-20,7.926653861999512
2007-07-21,0.0
2007-07-22,5.965297222137451
2007-07-23,0.4699995517730713
2007-07-24,3.5485546588897705
2007-07-25,0.0
2007-07-26,0.0
2007-07-27,4.441849231719971
2007-07-28,0.0
2007-07-29,0.0
2007-07-30,17.64297103881836
2007-07-31,3.4846789836883545
2007-08-01,20.530717849731445
2007-08-02,3.5082592964172363
2007-08-03,0.0
2007-08-04,0.0
2007-08-05,0.0
2007-08-06,3.2336246967315674
2007-08-07,0.0
2007-08-08,0.0
2007-08-09,0.0
2007-08-10,0.1092478930950164
2007-08-11,0.0
2007-08-12,0.1008442193269729
2007-08-13,0.0
2007-08-14,0.0
2007-08-15,0.0
2007-08-16,0.0
2007-08-17,0.7064094543457031
2007-08-18,10.97408390045166
2007-08-19,3.104217052459717
2007-08-20,1.1402440071105957
2007-08-21,22.69074058532715
2007-08-22,0.2471559196710586
2007-08-23,0.2836243510246277
2007-08-24,4.406530857086182
2007-08-25,5.496049404144287
2007-08-26,4.563043594360352
2007-08-27,2.2801992893218994
2007-08-28,0.1715227514505386
2007-08-29,0.0
2007-08-30,4.331260681152344
2007-08-31,0.2286970168352127
2007-09-01,16.26566505432129
2007-09-02,0.0
2007-09-03,0.0
2007-09-04,0.0
2007-09-05,0.0
2007-09-06,1.4302854537963867
2007-09-07,0.0
2007-09-08,0.0
2007-09-09,0.0
2007-09-10,0.0
2007-09-11,0.0
2007-09-12,0.0
2007-09-13,1.566111445426941
2007-09-14,17.967424392700195
2007-09-15,0.0
2007-09-16,0.3046335577964782
2007-09-17,0.0
2007-09-18,26.814388275146484
2007-09-19,0.0
2007-09-20,1.665129542350769
2007-09-21,0.0
2007-09-22,0.0
2007-09-23,0.0
2007-09-24,0.0
2007-09-25,0.0
2007-09-26,0.0
2007-09-27,0.553441047668457
2007-09-28,1.5291683673858645
2007-09-29,0.0
2007-09-30,0.2286970168352127
2007-10-01,15.95703411102295
2007-10-02,0.4183832705020904
2007-10-03,0.0
2007-10-04,0.0
2007-10-05,0.0
2007-10-06,0.0
2007-10-07,0.0
2007-10-08,0.0
2007-10-09,0.0
2007-10-10,0.0
2007-10-11,0.0
2007-10-12,0.0
2007-10-13,0.0
2007-10-14,0.0
2007-10-15,0.0
2007-10-16,0.0
2007-10-17,0.0
2007-10-18,0.6205671429634094
2007-10-19,16.70711898803711
2007-10-20,0.2458077669143676
2007-10-21,5.464931964874268
2007-10-22,5.949591636657715
2007-10-23,20.740234375
2007-10-24,55.612213134765625
2007-10-25,31.431127548217773
2007-10-26,32.16001510620117
2007-10-27,21.14390754699707
2007-10-28,5.345303535461426
2007-10-29,47.23624801635742
2007-10-30,0.0
2007-10-31,4.484571933746338
2007-11-01,17.575620651245117
2007-11-02,0.0
2007-11-03,2.499795198440552
2007-11-04,26.105663299560547
2007-11-05,6.081137180328369
2007-11-06,2.015155792236328
2007-11-07,0.0
2007-11-08,0.0
2007-11-09,1.665129542350769
2007-11-10,0.0
2007-11-11,0.0
2007-11-12,0.0
2007-11-13,0.0
2007-11-14,0.0
2007-11-15,0.0
2007-11-16,0.0
2007-11-17,0.0
2007-11-18,0.0
2007-11-19,2.384882688522339
2007-11-20,31.97934913635254
2007-11-21,26.25824546813965
2007-11-22,0.0
2007-11-23,0.0
2007-11-24,0.0
2007-11-25,0.0
2007-11-26,0.0
2007-11-27,0.0
2007-11-28,0.0
2007-11-29,0.0
2007-11-30,0.0
2007-12-01,0.0
2007-12-02,0.0
2007-12-03,0.2416059225797653
2007-12-04,1.0494550466537476
2007-12-05,1.7404879331588743
2007-12-06,2.6792116165161133
2007-12-07,0.907010018825531
2007-12-08,0.0
2007-12-09,0.0
2007-12-10,0.0
2007-12-11,0.0
2007-12-12,0.2858712673187256
2007-12-13,0.0
2007-12-14,20.144020080566406
2007-12-15,8.157769203186035
2007-12-16,0.0
2007-12-17,0.0
2007-12-18,11.85407543182373
2007-12-19,121.22102355957033
2007-12-20,31.735565185546875
2007-12-21,0.0
2007-12-22,0.0
2007-12-23,0.0
2007-12-24,0.0
2007-12-25,0.0
2007-12-26,0.0
2007-12-27,0.0
2007-12-28,0.0
2007-12-29,0.0
2007-12-30,0.0
2007-12-31,0.0
2008-01-01,0.0
2008-01-02,0.0
2008-01-03,0.0
2008-01-04,12.014286041259766
2008-01-05,128.923095703125
2008-01-06,0.0
2008-01-07,0.0
2008-01-08,0.0
2008-01-09,0.0
2008-01-10,0.0
2008-01-11,0.0
2008-01-12,0.0
2008-01-13,0.0
2008-01-14,0.0
2008-01-15,0.0
2008-01-16,0.0
2008-01-17,0.0
2008-01-18,0.0
2008-01-19,0.0
2008-01-20,0.0
2008-01-21,0.0
2008-01-22,0.0
2008-01-23,0.0
2008-01-24,0.0
2008-01-25,0.0
2008-01-26,0.0
2008-01-27,0.0
2008-01-28,0.0
2008-01-29,0.0
2008-01-30,0.0
2008-01-31,0.0
2008-02-01,0.0
2008-02-02,0.0
2008-02-03,0.0
2008-02-04,0.0
2008-02-05,0.0
2008-02-06,0.0
2008-02-07,0.0
2008-02-08,0.0
2008-02-09,0.3986536562442779
2008-02-10,7.946407794952393
2008-02-11,0.3970160484313965
2008-02-12,0.794032096862793
2008-02-13,0.0
2008-02-14,0.0
2008-02-15,0.0
2008-02-16,0.0
2008-02-17,0.0
2008-02-18,0.0
2008-02-19,0.0
2008-02-20,0.0
2008-02-21,0.0
2008-02-22,0.0
2008-02-23,0.0
2008-02-24,0.0
2008-02-25,0.0
2008-02-26,0.0
2008-02-27,0.0
2008-02-28,0.0
2008-02-29,0.0
2008-03-01,2.5070114135742188
2008-03-02,2.2925868034362797
2008-03-03,0.1735014170408249
2008-03-04,0.0
2008-03-05,0.0
2008-03-06,0.0
2008-03-07,0.0
2008-03-08,0.0
2008-03-09,0.0
2008-03-10,0.0
2008-03-11,0.2670774459838867
2008-03-12,43.61559677124024
2008-03-13,22.488914489746094
2008-03-14,1.636801838874817
2008-03-15,3.210508108139038
2008-03-16,12.431702613830566
2008-03-17,0.5421987771987915
2008-03-18,0.2670774459838867
2008-03-19,1.3942893743515017
2008-03-20,3.2834973335266118
2008-03-21,14.924467086791992
2008-03-22,48.237884521484375
2008-03-23,31.968446731567383
2008-03-24,2.690435647964477
2008-03-25,0.1762420237064361
2008-03-26,0.0
2008-03-27,0.0
2008-03-28,0.9638184905052184
2008-03-29,0.0
2008-03-30,0.7363706827163696
2008-03-31,0.0
2008-04-01,28.39766502380371
2008-04-02,0.0
2008-04-03,0.0
2008-04-04,0.0
2008-04-05,0.0
2008-04-06,0.0
2008-04-07,0.0
2008-04-08,0.0
2008-04-09,0.0
2008-04-10,0.0
2008-04-11,0.0
2008-04-12,0.0
2008-04-13,0.0
2008-04-14,0.0
2008-04-15,0.0
2008-04-16,0.0
2008-04-17,0.0
2008-04-18,0.0
2008-04-19,0.0
2008-04-20,0.0
2008-04-21,0.0
2008-04-22,0.0
2008-04-23,0.0
2008-04-24,0.0
2008-04-25,0.0
2008-04-26,2.878366231918335
2008-04-27,0.0
2008-04-28,0.0
2008-04-29,0.0
2008-04-30,0.0
2008-05-01,0.0
2008-05-02,0.0
2008-05-03,0.0
2008-05-04,1.1910481452941897
2008-05-05,0.0
2008-05-06,0.0
2008-05-07,0.0
2008-05-08,0.0
2008-05-09,0.0
2008-05-10,0.0
2008-05-11,0.0
2008-05-12,0.0
2008-05-13,10.728901863098145
2008-05-14,0.0
2008-05-15,8.549763679504395
2008-05-16,0.0
2008-05-17,0.0
2008-05-18,0.0
2008-05-19,0.0
2008-05-20,0.0
2008-05-21,0.0
2008-05-22,0.0
2008-05-23,17.416486740112305
2008-05-24,0.0
2008-05-25,0.0
2008-05-26,0.0
2008-05-27,0.0
2008-05-28,0.0
2008-05-29,0.0
2008-05-30,0.0
2008-05-31,0.0
2008-06-01,8.266580581665039
2008-06-02,0.0
2008-06-03,0.0
2008-06-04,0.1889585852622985
2008-06-05,0.0
2008-06-06,1.2146682739257812
2008-06-07,0.3542782068252563
2008-06-08,0.995020031929016
2008-06-09,40.052711486816406
2008-06-10,0.0
2008-06-11,0.0
2008-06-12,27.828781127929688
2008-06-13,0.5987473130226135
2008-06-14,0.0
2008-06-15,0.0
2008-06-16,0.0
2008-06-17,0.8932860493659973
2008-06-18,0.0
2008-06-19,2.084333896636963
2008-06-20,0.0
2008-06-21,0.0
2008-06-22,0.1502350717782974
2008-06-23,0.0
2008-06-24,0.0
2008-06-25,0.0
2008-06-26,0.0
2008-06-27,0.0
2008-06-28,0.0
2008-06-29,0.0
2008-06-30,0.0
2008-07-01,0.0
2008-07-02,1.0954012870788574
2008-07-03,0.0
2008-07-04,0.0
2008-07-05,0.0
2008-07-06,0.0
2008-07-07,1.4888099431991575
2008-07-08,0.3356870114803314
2008-07-09,0.0
2008-07-10,0.0
2008-07-11,0.0
2008-07-12,0.0
2008-07-13,0.0
2008-07-14,0.0
2008-07-15,0.0
2008-07-16,0.0
2008-07-17,0.1072627156972885
2008-07-18,6.953102111816406
2008-07-19,0.2738883793354034
2008-07-20,0.0
2008-07-21,38.612674713134766
2008-07-22,0.0
2008-07-23,0.0
2008-07-24,0.0
2008-07-25,2.9337174892425537
2008-07-26,0.0
2008-07-27,0.0
2008-07-28,0.1544820815324783
2008-07-29,0.1044362187385559
2008-07-30,7.444050312042236
2008-07-31,0.0
2008-08-01,13.49854564666748
2008-08-02,0.9079402685165404
2008-08-03,0.0
2008-08-04,35.06341552734375
2008-08-05,0.0
2008-08-06,0.0
2008-08-07,0.0
2008-08-08,0.0
2008-08-09,0.0
2008-08-10,0.0
2008-08-11,0.0
2008-08-12,0.0
2008-08-13,0.0
2008-08-14,0.0
2008-08-15,0.2998090088367462
2008-08-16,0.0
2008-08-17,0.0
2008-08-18,0.168059155344963
2008-08-19,5.055351734161377
2008-08-20,0.1258065998554229
2008-08-21,0.0
2008-08-22,0.2230821102857589
2008-08-23,11.916927337646484
2008-08-24,2.382540702819824
2008-08-25,0.5955240726470947
2008-08-26,0.0
2008-08-27,0.0
2008-08-28,0.0
2008-08-29,0.0
2008-08-30,0.0
2008-08-31,0.0
2008-09-01,0.0
2008-09-02,0.0
2008-09-03,0.2763740122318268
2008-09-04,0.0
2008-09-05,0.0
2008-09-06,0.0
2008-09-07,14.615947723388672
2008-09-08,0.2627606987953186
2008-09-09,0.0
2008-09-10,0.0
2008-09-11,0.0
2008-09-12,0.0
2008-09-13,0.0
2008-09-14,0.0
2008-09-15,0.0
2008-09-16,0.0
2008-09-17,0.0
2008-09-18,0.0
2008-09-19,0.0
2008-09-20,0.0
2008-09-21,25.54871368408203
2008-09-22,0.0
2008-09-23,0.0
2008-09-24,0.0
2008-09-25,0.2557242512702942
2008-09-26,0.0
2008-09-27,0.0
2008-09-28,0.0
2008-09-29,0.0
2008-09-30,0.0
2008-10-01,0.0
2008-10-02,0.0
2008-10-03,0.0
2008-10-04,25.21051788330078
2008-10-05,0.0
2008-10-06,0.0
2008-10-07,0.0
2008-10-08,0.0
2008-10-09,0.1163694560527801
2008-10-10,0.0
2008-10-11,0.0
2008-10-12,20.016435623168945
2008-10-13,23.05966567993164
2008-10-14,12.268281936645508
2008-10-15,16.866943359375
2008-10-16,35.365562438964844
2008-10-17,3.4229812622070312
2008-10-18,6.561336517333984
2008-10-19,65.37979888916016
2008-10-20,3.459913730621338
2008-10-21,91.65286254882812
2008-10-22,10.222591400146484
2008-10-23,13.30797290802002
2008-10-24,3.425544023513794
2008-10-25,0.5437026619911194
2008-10-26,1.907340407371521
2008-10-27,1.687318205833435
2008-10-28,0.0
2008-10-29,0.0
2008-10-30,0.0
2008-10-31,0.0
2008-11-01,0.0
2008-11-02,0.0
2008-11-03,0.0
2008-11-04,0.0
2008-11-05,0.0
2008-11-06,0.0
2008-11-07,0.0
2008-11-08,0.0
2008-11-09,0.0
2008-11-10,0.0
2008-11-11,0.3245400786399841
2008-11-12,0.5019062757492065
2008-11-13,0.0
2008-11-14,0.0
2008-11-15,0.0
2008-11-16,0.0
2008-11-17,0.0
2008-11-18,2.4813501834869385
2008-11-19,16.69681739807129
2008-11-20,25.2199649810791
2008-11-21,0.0
2008-11-22,52.33625793457031
2008-11-23,22.5084285736084
2008-11-24,94.07667541503906
2008-11-25,66.699951171875
2008-11-26,215.7379302978516
2008-11-27,104.86653137207033
2008-11-28,216.9450836181641
2008-11-29,6.414327144622803
2008-11-30,30.30415916442871
2008-12-01,4.989416122436523
2008-12-02,0.0
2008-12-03,0.0
2008-12-04,0.0
2008-12-05,0.0
2008-12-06,0.0
2008-12-07,0.0
2008-12-08,0.0
2008-12-09,39.42047882080078
2008-12-10,18.663982391357425
2008-12-11,0.794032096862793
2008-12-12,0.0
2008-12-13,0.0
2008-12-14,1.7865720987319946
2008-12-15,22.332151412963867
2008-12-16,0.0
2008-12-17,0.0
2008-12-18,0.0
2008-12-19,0.0
2008-12-20,0.0
2008-12-21,0.0
2008-12-22,0.0
2008-12-23,0.0
2008-12-24,0.0
2008-12-25,0.0
2008-12-26,0.0
2008-12-27,0.0
2008-12-28,0.0
2008-12-29,0.0
2008-12-30,0.0
2008-12-31,0.0
2009-01-01,0.0
2009-01-02,0.0
2009-01-03,0.0
2009-01-04,0.0
2009-01-05,0.0
2009-01-06,1.684465765953064
2009-01-07,14.53304958343506
2009-01-08,7.296276092529297
2009-01-09,0.0
2009-01-10,0.0
2009-01-11,0.0
2009-01-12,0.0
2009-01-13,0.0
2009-01-14,0.2049821466207504
2009-01-15,3.0012598037719727
2009-01-16,0.6239731311798096
2009-01-17,0.0
2009-01-18,0.0
2009-01-19,0.0
2009-01-20,0.0
2009-01-21,0.0
2009-01-22,0.0
2009-01-23,0.0
2009-01-24,0.0
2009-01-25,0.0
2009-01-26,0.0
2009-01-27,0.0
2009-01-28,0.0
2009-01-29,0.0
2009-01-30,0.0
2009-01-31,0.0
2009-02-01,0.0
2009-02-02,0.0
2009-02-03,0.0
2009-02-04,0.0
2009-02-05,0.0
2009-02-06,0.0
2009-02-07,0.0
2009-02-08,0.0
2009-02-09,0.0
2009-02-10,0.0
2009-02-11,0.0
2009-02-12,0.0
2009-02-13,0.0
2009-02-14,0.0
2009-02-15,0.0
2009-02-16,0.0
2009-02-17,0.0
2009-02-18,0.0
2009-02-19,0.0
2009-02-20,0.0
2009-02-21,0.0
2009-02-22,0.0
2009-02-23,0.0
2009-02-24,0.0
2009-02-25,0.0
2009-02-26,0.0
2009-02-27,0.0
2009-02-28,0.0
2009-03-01,0.0
2009-03-02,0.0
2009-03-03,0.0
2009-03-04,0.0
2009-03-05,0.0
2009-03-06,0.0
2009-03-07,0.0
2009-03-08,0.0
2009-03-09,1.587873458862305
2009-03-10,44.90036010742188
2009-03-11,75.53861999511719
2009-03-12,0.0
2009-03-13,0.0
2009-03-14,0.0
2009-03-15,0.0
2009-03-16,0.0
2009-03-17,0.0
2009-03-18,0.0
2009-03-19,0.0
2009-03-20,0.0
2009-03-21,0.0
2009-03-22,0.0
2009-03-23,0.0
2009-03-24,0.0
2009-03-25,0.0
2009-03-26,0.0
2009-03-27,0.0
2009-03-28,0.0
2009-03-29,0.0
2009-03-30,0.0
2009-03-31,0.0
2009-04-01,0.0
2009-04-02,0.0
2009-04-03,0.0
2009-04-04,0.0
2009-04-05,0.0
2009-04-06,0.0
2009-04-07,0.0
2009-04-08,0.0
2009-04-09,0.0
2009-04-10,0.0
2009-04-11,17.11322784423828
2009-04-12,11.635296821594238
2009-04-13,0.0
2009-04-14,0.0
2009-04-15,0.0
2009-04-16,0.0
2009-04-17,0.0
2009-04-18,0.0
2009-04-19,0.0
2009-04-20,0.0
2009-04-21,0.0
2009-04-22,0.0
2009-04-23,0.0
2009-04-24,0.0
2009-04-25,0.0
2009-04-26,0.0
2009-04-27,0.0
2009-04-28,0.0
2009-04-29,0.0
2009-04-30,0.0
2009-05-01,0.0
2009-05-02,0.0
2009-05-03,0.0
2009-05-04,0.0
2009-05-05,1.6268362998962402
2009-05-06,0.0
2009-05-07,0.0
2009-05-08,0.0
2009-05-09,0.0
2009-05-10,0.0
2009-05-11,0.0
2009-05-12,0.0
2009-05-13,0.0
2009-05-14,0.0
2009-05-15,0.1450166255235672
2009-05-16,0.1697795093059539
2009-05-17,0.0
2009-05-18,0.0
2009-05-19,0.0
2009-05-20,0.0
2009-05-21,0.1518180519342422
2009-05-22,0.0
2009-05-23,0.0
2009-05-24,7.540609836578369
2009-05-25,0.0
2009-05-26,0.0
2009-05-27,11.926018714904783
2009-05-28,0.0
2009-05-29,0.0
2009-05-30,0.0
2009-05-31,0.0
2009-06-01,0.0
2009-06-02,0.0
2009-06-03,0.0
2009-06-04,0.0
2009-06-05,0.0
2009-06-06,0.0
2009-06-07,0.0
2009-06-08,0.0
2009-06-09,0.0
2009-06-10,0.0
2009-06-11,0.0
2009-06-12,0.0
2009-06-13,0.1894965320825576
2009-06-14,0.0
2009-06-15,0.0
2009-06-16,0.0
2009-06-17,0.0
2009-06-18,0.0
2009-06-19,0.0
2009-06-20,0.0
2009-06-21,0.0
2009-06-22,0.0
2009-06-23,0.0
2009-06-24,0.0
2009-06-25,0.0
2009-06-26,0.0
2009-06-27,0.0
2009-06-28,0.0
2009-06-29,0.0
2009-06-30,0.0
2009-07-01,0.0
2009-07-02,0.0
2009-07-03,0.0
2009-07-04,0.0
2009-07-05,7.797954559326172
2009-07-06,0.0
2009-07-07,0.0
2009-07-08,0.0
2009-07-09,0.0
2009-07-10,0.0
2009-07-11,0.0
2009-07-12,0.0
2009-07-13,0.0
2009-07-14,0.0
2009-07-15,0.0
2009-07-16,2.4283769130706787
2009-07-17,6.064077377319336
2009-07-18,0.0
2009-07-19,0.0
2009-07-20,0.0
2009-07-21,0.0
2009-07-22,0.0
2009-07-23,0.0
2009-07-24,0.0
2009-07-25,0.0
2009-07-26,0.0
2009-07-27,0.0
2009-07-28,0.0
2009-07-29,0.0
2009-07-30,46.376346588134766
2009-07-31,13.690522193908691
2009-08-01,50.07932662963867
2009-08-02,2.9438135623931885
2009-08-03,0.0
2009-08-04,0.0
2009-08-05,0.8502933382987976
2009-08-06,0.0
2009-08-07,0.0
2009-08-08,0.0
2009-08-09,0.0
2009-08-10,0.7411649823188782
2009-08-11,0.0
2009-08-12,0.0
2009-08-13,0.0
2009-08-14,3.099417209625244
2009-08-15,0.1915150582790374
2009-08-16,0.0
2009-08-17,2.585299253463745
2009-08-18,0.7241914868354797
2009-08-19,0.0
2009-08-20,0.3368931710720062
2009-08-21,0.0
2009-08-22,0.1572028845548629
2009-08-23,0.0
2009-08-24,2.248734712600708
2009-08-25,0.0
2009-08-26,0.0
2009-08-27,0.0
2009-08-28,0.0
2009-08-29,0.0
2009-08-30,0.0
2009-08-31,7.033359050750732
2009-09-01,0.2388946712017059
2009-09-02,4.482938289642334
2009-09-03,0.0
2009-09-04,2.274700880050659
2009-09-05,0.0
2009-09-06,0.0
2009-09-07,11.526653289794922
2009-09-08,0.1378038376569748
2009-09-09,0.0
2009-09-10,0.0
2009-09-11,0.0
2009-09-12,0.0
2009-09-13,0.0
2009-09-14,0.2230087667703628
2009-09-15,0.0
2009-09-16,3.024454355239868
2009-09-17,0.0
2009-09-18,0.1407514363527298
2009-09-19,0.1255186051130294
2009-09-20,12.230886459350586
2009-09-21,17.33946418762207
2009-09-22,0.0
2009-09-23,0.0
2009-09-24,0.5831876397132874
2009-09-25,0.0
2009-09-26,3.511650800704956
2009-09-27,0.0
2009-09-28,0.1231627538800239
2009-09-29,0.0
2009-09-30,1.3382662534713743
2009-10-01,0.0
2009-10-02,0.0
2009-10-03,0.0
2009-10-04,0.0
2009-10-05,0.0
2009-10-06,0.0
2009-10-07,0.0
2009-10-08,0.0
2009-10-09,25.405975341796875
2009-10-10,0.0
2009-10-11,0.0
2009-10-12,0.0
2009-10-13,0.0
2009-10-14,0.0
2009-10-15,0.0
2009-10-16,0.0
2009-10-17,0.0
2009-10-18,0.0
2009-10-19,0.0
2009-10-20,0.0
2009-10-21,0.0
2009-10-22,0.0
2009-10-23,0.0
2009-10-24,0.0
2009-10-25,0.0
2009-10-26,0.0
2009-10-27,0.0
2009-10-28,7.433407783508301
2009-10-29,45.68986511230469
2009-10-30,18.288061141967773
2009-10-31,22.15673065185547
2009-11-01,2.7813704013824463
2009-11-02,19.16144180297852
2009-11-03,5.310791969299316
2009-11-04,14.6693696975708
2009-11-05,90.63658905029295
2009-11-06,30.427343368530277
2009-11-07,87.98717498779297
2009-11-08,162.6338653564453
2009-11-09,59.9925422668457
2009-11-10,43.42435836791992
2009-11-11,8.178487777709961
2009-11-12,0.0
2009-11-13,0.0
2009-11-14,10.38759708404541
2009-11-15,57.01265335083008
2009-11-16,15.335478782653809
2009-11-17,0.0
2009-11-18,20.88726806640625
2009-11-19,11.251421928405762
2009-11-20,0.2064553350210189
2009-11-21,0.0
2009-11-22,45.71899032592773
2009-11-23,8.518448829650879
2009-11-24,1.154860019683838
2009-11-25,0.0
2009-11-26,0.0
2009-11-27,0.0
2009-11-28,0.0
2009-11-29,0.0
2009-11-30,13.242488861083984
2009-12-01,5.024438381195068
2009-12-02,45.3465461730957
2009-12-03,14.88632106781006
2009-12-04,0.1345898061990738
2009-12-05,10.20248031616211
2009-12-06,0.0
2009-12-07,0.0
2009-12-08,0.0
2009-12-09,0.0
2009-12-10,0.0
2009-12-11,0.0
2009-12-12,0.3399480283260345
2009-12-13,27.445180892944336
2009-12-14,13.702091217041016
2009-12-15,30.01324844360352
2009-12-16,100.07716369628906
2009-12-17,54.206016540527344
2009-12-18,3.417396545410156
2009-12-19,0.0
2009-12-20,1.5504722595214844
2009-12-21,2.3971757888793945
2009-12-22,7.780818462371826
2009-12-23,11.789372444152832
2009-12-24,1.9054481983184812
2009-12-25,0.0
2009-12-26,0.0
2009-12-27,0.0
2009-12-28,0.0
2009-12-29,0.0
2009-12-30,0.0
2009-12-31,0.0
2010-01-01,0.0
2010-01-02,0.0
2010-01-03,0.3415835499763489
2010-01-04,0.0
2010-01-05,0.0
2010-01-06,0.0
2010-01-07,0.0
2010-01-08,2.3978302478790283
2010-01-09,1.0229947566986084
2010-01-10,6.935150146484375
2010-01-11,0.0
2010-01-12,0.667084276676178
2010-01-13,1.200751781463623
2010-01-14,0.0
2010-01-15,0.0
2010-01-16,0.0
2010-01-17,0.0
2010-01-18,0.0
2010-01-19,0.0
2010-01-20,0.0
2010-01-21,0.0
2010-01-22,0.0
2010-01-23,0.0
2010-01-24,0.0
2010-01-25,0.0
2010-01-26,0.0
2010-01-27,0.0
2010-01-28,0.0
2010-01-29,0.0
2010-01-30,0.0
2010-01-31,0.0
2010-02-01,0.0
2010-02-02,0.0
2010-02-03,0.0
2010-02-04,0.0
2010-02-05,0.0
2010-02-06,0.0
2010-02-07,0.0
2010-02-08,0.0
2010-02-09,0.0
2010-02-10,0.0
2010-02-11,0.0
2010-02-12,0.0
2010-02-13,0.0
2010-02-14,0.0
2010-02-15,0.0
2010-02-16,0.0
2010-02-17,0.0
2010-02-18,0.0
2010-02-19,0.0
2010-02-20,0.0
2010-02-21,0.0
2010-02-22,0.0
2010-02-23,0.0
2010-02-24,0.0
2010-02-25,0.0
2010-02-26,0.0
2010-02-27,0.0
2010-02-28,0.0
2010-03-01,0.0
2010-03-02,0.0
2010-03-03,0.0
2010-03-04,0.0
2010-03-05,0.0
2010-03-06,0.0
2010-03-07,0.0
2010-03-08,0.0
2010-03-09,0.0
2010-03-10,0.0
2010-03-11,0.0
2010-03-12,0.0
2010-03-13,0.0
2010-03-14,0.0
2010-03-15,0.0
2010-03-16,0.0
2010-03-17,0.0
2010-03-18,0.0
2010-03-19,0.0
2010-03-20,0.0
2010-03-21,0.0
2010-03-22,0.0
2010-03-23,0.0
2010-03-24,0.0
2010-03-25,0.0
2010-03-26,0.0
2010-03-27,0.0
2010-03-28,0.0
2010-03-29,0.0
2010-03-30,0.0
2010-03-31,0.0
2010-04-01,0.0
2010-04-02,0.0
2010-04-03,0.0
2010-04-04,0.0
2010-04-05,0.0
2010-04-06,0.0
2010-04-07,0.0
2010-04-08,0.0
2010-04-09,0.0
2010-04-10,0.0
2010-04-11,0.0
2010-04-12,0.0
2010-04-13,0.0
2010-04-14,0.0
2010-04-15,0.0
2010-04-16,0.0
2010-04-17,0.0
2010-04-18,0.0
2010-04-19,0.0
2010-04-20,0.0
2010-04-21,0.0
2010-04-22,0.0
2010-04-23,0.0
2010-04-24,0.0
2010-04-25,0.0
2010-04-26,0.0
2010-04-27,0.0
2010-04-28,0.0
2010-04-29,0.0
2010-04-30,0.0
2010-05-01,62.00164031982422
2010-05-02,0.2617761790752411
2010-05-03,0.0
2010-05-04,0.0
2010-05-05,1.0858064889907837
2010-05-06,0.0
2010-05-07,0.0
2010-05-08,0.0
2010-05-09,0.0
2010-05-10,0.0
2010-05-11,0.0
2010-05-12,0.0
2010-05-13,0.0
2010-05-14,0.0
2010-05-15,0.0
2010-05-16,0.0
2010-05-17,0.0
2010-05-18,0.333542138338089
2010-05-19,13.457459449768066
2010-05-20,3.1673946380615234
2010-05-21,0.4246759414672851
2010-05-22,0.0
2010-05-23,0.0
2010-05-24,0.0
2010-05-25,0.0
2010-05-26,0.0
2010-05-27,0.0
2010-05-28,0.0
2010-05-29,0.0
2010-05-30,0.0
2010-05-31,0.0
2010-06-01,0.0
2010-06-02,0.0
2010-06-03,0.0
2010-06-04,0.0
2010-06-05,4.437137126922607
2010-06-06,0.0
2010-06-07,2.9479124546051025
2010-06-08,0.0
2010-06-09,0.1417565494775772
2010-06-10,2.098572254180908
2010-06-11,60.022796630859375
2010-06-12,0.1334168612957
2010-06-13,1.9180995225906368
2010-06-14,0.0
2010-06-15,0.0
2010-06-16,42.79439926147461
2010-06-17,0.0
2010-06-18,0.1626067608594894
2010-06-19,0.0
2010-06-20,0.0
2010-06-21,0.0
2010-06-22,7.18577766418457
2010-06-23,0.0
2010-06-24,23.36056900024414
2010-06-25,0.0
2010-06-26,0.0
2010-06-27,0.0
2010-06-28,0.0
2010-06-29,0.3246276378631592
2010-06-30,0.0
2010-07-01,0.0
2010-07-02,0.0
2010-07-03,0.0
2010-07-04,0.0
2010-07-05,0.7888869047164917
2010-07-06,0.1149535626173019
2010-07-07,1.3240454196929932
2010-07-08,1.200751781463623
2010-07-09,3.9963841438293457
2010-07-10,0.0
2010-07-11,0.0
2010-07-12,3.197107315063477
2010-07-13,1.418150782585144
2010-07-14,0.1515957564115524
2010-07-15,0.0
2010-07-16,0.667084276676178
2010-07-17,0.2311180084943771
2010-07-18,3.891634225845337
2010-07-19,0.0
2010-07-20,4.484833240509033
2010-07-21,0.0
2010-07-22,0.0
2010-07-23,0.0
2010-07-24,0.0
2010-07-25,0.0
2010-07-26,0.0
2010-07-27,0.0
2010-07-28,0.0
2010-07-29,0.0
2010-07-30,0.0
2010-07-31,2.721547842025757
2010-08-01,0.0
2010-08-02,0.0
2010-08-03,0.0
2010-08-04,0.157255545258522
2010-08-05,0.0
2010-08-06,0.1218086034059524
2010-08-07,0.6376022100448608
2010-08-08,12.576550483703612
2010-08-09,2.8744213581085205
2010-08-10,1.631381273269653
2010-08-11,0.0
2010-08-12,0.0
2010-08-13,3.3491222858428955
2010-08-14,0.4598135352134704
2010-08-15,0.6653558611869812
2010-08-16,0.0
2010-08-17,0.1334168612957
2010-08-18,0.1417565494775772
2010-08-19,0.0
2010-08-20,0.6096118092536926
2010-08-21,4.6181745529174805
2010-08-22,27.514484405517575
2010-08-23,19.32969284057617
2010-08-24,0.494362473487854
2010-08-25,17.419254302978516
2010-08-26,0.0
2010-08-27,0.132225900888443
2010-08-28,0.0
2010-08-29,0.0
2010-08-30,0.0
2010-08-31,0.4836799502372741
2010-09-01,0.0
2010-09-02,0.0
2010-09-03,5.335582733154297
2010-09-04,17.811508178710938
2010-09-05,0.0
2010-09-06,0.0
2010-09-07,0.0
2010-09-08,0.0
2010-09-09,0.0
2010-09-10,7.323776721954346
2010-09-11,4.491510391235352
2010-09-12,24.174745559692383
2010-09-13,45.31325912475586
2010-09-14,26.570314407348636
2010-09-15,0.0
2010-09-16,1.102508544921875
2010-09-17,0.0
2010-09-18,0.0
2010-09-19,0.0
2010-09-20,0.0
2010-09-21,0.0
2010-09-22,0.1912065148353576
2010-09-23,0.0
2010-09-24,0.0
2010-09-25,0.0
2010-09-26,0.0
2010-09-27,0.8809123039245605
2010-09-28,0.1897026896476745
2010-09-29,7.867438793182373
2010-09-30,1.3338481187820437
2010-10-01,0.3812013864517212
2010-10-02,0.2147202491760254
2010-10-03,13.998750686645508
2010-10-04,0.0
2010-10-05,0.0
2010-10-06,0.0
2010-10-07,1.3577364683151243
2010-10-08,0.0
2010-10-09,0.0
2010-10-10,0.0
2010-10-11,0.0
2010-10-12,0.1834491789340973
2010-10-13,0.0
2010-10-14,12.23275661468506
2010-10-15,1.829124927520752
2010-10-16,0.8264118432998657
2010-10-17,0.0
2010-10-18,0.0
2010-10-19,0.0
2010-10-20,0.1429595947265625
2010-10-21,0.0
2010-10-22,0.5789863467216492
2010-10-23,0.1101882457733154
2010-10-24,0.0
2010-10-25,15.285429000854492
2010-10-26,40.26107406616211
2010-10-27,0.0
2010-10-28,0.5065879225730896
2010-10-29,4.945716857910156
2010-10-30,14.227035522460938
2010-10-31,0.5485596060752869
2010-11-01,23.201385498046875
2010-11-02,0.9062305688858032
2010-11-03,2.576912641525269
2010-11-04,24.788599014282227
2010-11-05,0.0
2010-11-06,0.2864894270896911
2010-11-07,4.5972900390625
2010-11-08,90.82916259765624
2010-11-09,0.4413545429706573
2010-11-10,30.653329849243164
2010-11-11,4.746929168701172
2010-11-12,32.92210388183594
2010-11-13,0.0
2010-11-14,0.0
2010-11-15,0.0
2010-11-16,17.633071899414062
2010-11-17,26.34674453735352
2010-11-18,9.848082542419434
2010-11-19,12.885144233703612
2010-11-20,5.772873401641846
2010-11-21,9.318543434143066
2010-11-22,3.07116961479187
2010-11-23,6.180568695068359
2010-11-24,7.270882606506348
2010-11-25,20.54239273071289
2010-11-26,10.595077514648438
2010-11-27,77.60894775390625
2010-11-28,0.598894476890564
2010-11-29,14.135156631469728
2010-11-30,0.0
2010-12-01,6.3862624168396
2010-12-02,62.99633026123047
2010-12-03,5.730903625488281
2010-12-04,8.795022964477539
2010-12-05,25.60574150085449
2010-12-06,21.777326583862305
2010-12-07,5.321323394775391
2010-12-08,0.0
2010-12-09,0.0
2010-12-10,15.985536575317385
2010-12-11,1.8070871829986568
2010-12-12,0.0
2010-12-13,0.0
2010-12-14,0.2668337225914001
2010-12-15,0.0
2010-12-16,1.2532556056976318
2010-12-17,8.251646041870117
2010-12-18,1.8653874397277832
2010-12-19,0.0
2010-12-20,4.748145580291748
2010-12-21,7.622495651245117
2010-12-22,0.0
2010-12-23,0.0
2010-12-24,0.0
2010-12-25,0.0
2010-12-26,0.0
2010-12-27,0.0
2010-12-28,0.0
2010-12-29,0.7662708163261414
2010-12-30,0.0
2010-12-31,0.0
2011-01-01,0.0
2011-01-02,0.0
2011-01-03,0.0
2011-01-04,0.0
2011-01-05,0.8331308960914612
2011-01-06,0.0
2011-01-07,0.0
2011-01-08,0.0
2011-01-09,0.0
2011-01-10,0.0
2011-01-11,0.0
2011-01-12,0.0
2011-01-13,0.0
2011-01-14,0.0
2011-01-15,0.0
2011-01-16,0.0
2011-01-17,0.0
2011-01-18,0.0
2011-01-19,0.0
2011-01-20,0.0
2011-01-21,0.0
2011-01-22,0.0
2011-01-23,0.0
2011-01-24,0.0
2011-01-25,0.0
2011-01-26,0.0
2011-01-27,0.0
2011-01-28,0.0
2011-01-29,0.0
2011-01-30,0.0
2011-01-31,0.0
2011-02-01,0.0
2011-02-02,0.0
2011-02-03,0.0
2011-02-04,0.0
2011-02-05,0.0
2011-02-06,0.0
2011-02-07,0.0
2011-02-08,0.0
2011-02-09,0.0
2011-02-10,0.0
2011-02-11,0.0
2011-02-12,0.0
2011-02-13,0.0
2011-02-14,0.0
2011-02-15,0.0
2011-02-16,0.0
2011-02-17,0.0
2011-02-18,0.0
2011-02-19,0.0
2011-02-20,0.0
2011-02-21,0.0
2011-02-22,17.799270629882812
2011-02-23,8.416531562805176
2011-02-24,1.069934964179993
2011-02-25,0.0
2011-02-26,0.0
2011-02-27,0.0
2011-02-28,0.0
2011-03-01,0.0
2011-03-02,0.0
2011-03-03,0.0
2011-03-04,0.0
2011-03-05,0.0
2011-03-06,0.0
2011-03-07,0.0
2011-03-08,0.0
2011-03-09,0.0
2011-03-10,0.0
2011-03-11,0.0
2011-03-12,0.0
2011-03-13,0.0
2011-03-14,0.0
2011-03-15,0.0
2011-03-16,0.0
2011-03-17,0.0
2011-03-18,0.0
2011-03-19,0.0
2011-03-20,0.0
2011-03-21,0.0
2011-03-22,0.0
2011-03-23,0.0
2011-03-24,0.0
2011-03-25,0.0
2011-03-26,0.0
2011-03-27,0.0
2011-03-28,0.0
2011-03-29,0.0
2011-03-30,0.0
2011-03-31,0.0
2011-04-01,0.0
2011-04-02,0.0
2011-04-03,0.0
2011-04-04,0.0
2011-04-05,0.0
2011-04-06,0.0
2011-04-07,0.0
2011-04-08,0.0
2011-04-09,0.0
2011-04-10,0.0
2011-04-11,0.0
2011-04-12,0.0
2011-04-13,0.0
2011-04-14,0.0
2011-04-15,0.0
2011-04-16,0.0
2011-04-17,0.0
2011-04-18,0.0
2011-04-19,0.0
2011-04-20,0.0
2011-04-21,1.7917152643203735
2011-04-22,6.79002046585083
2011-04-23,8.789934158325195
2011-04-24,0.0
2011-04-25,0.2942763864994049
2011-04-26,0.0
2011-04-27,0.0
2011-04-28,0.0
2011-04-29,0.0
2011-04-30,0.0
2011-05-01,0.0
2011-05-02,0.0
2011-05-03,0.0
2011-05-04,0.0
2011-05-05,0.3571246266365051
2011-05-06,1.4284985065460205
2011-05-07,0.0
2011-05-08,0.0
2011-05-09,0.0
2011-05-10,0.0
2011-05-11,0.0
2011-05-12,0.0
2011-05-13,0.0
2011-05-14,0.0
2011-05-15,0.0
2011-05-16,0.0
2011-05-17,0.0
2011-05-18,0.0
2011-05-19,0.0
2011-05-20,0.0
2011-05-21,3.127812147140503
2011-05-22,0.0
2011-05-23,0.0
2011-05-24,0.0
2011-05-25,0.0
2011-05-26,1.3384828567504885
2011-05-27,0.0
2011-05-28,0.0
2011-05-29,0.0
2011-05-30,0.0
2011-05-31,1.3962482213974
2011-06-01,25.71546745300293
2011-06-02,1.383244276046753
2011-06-03,12.33244800567627
2011-06-04,0.0
2011-06-05,0.0
2011-06-06,0.0
2011-06-07,12.608370780944824
2011-06-08,0.0
2011-06-09,5.178307056427002
2011-06-10,0.0
2011-06-11,0.8928115367889404
2011-06-12,8.660271644592285
2011-06-13,0.0
2011-06-14,0.0
2011-06-15,0.3566449880599975
2011-06-16,0.0
2011-06-17,0.0
2011-06-18,0.0
2011-06-19,0.0
2011-06-20,0.0
2011-06-21,0.7142492532730103
2011-06-22,0.0
2011-06-23,0.5887975692749023
2011-06-24,0.2020988464355468
2011-06-25,0.0
2011-06-26,0.7014018297195435
2011-06-27,0.0
2011-06-28,0.0
2011-06-29,0.0
2011-06-30,0.0
2011-07-01,0.0
2011-07-02,43.307430267333984
2011-07-03,1.695149302482605
2011-07-04,1.1301311254501345
2011-07-05,1.1375786066055298
2011-07-06,4.460531711578369
2011-07-07,0.3000979423522949
2011-07-08,0.0
2011-07-09,0.0
2011-07-10,0.0
2011-07-11,0.0
2011-07-12,0.0
2011-07-13,0.57669597864151
2011-07-14,3.7556324005126953
2011-07-15,0.0
2011-07-16,0.0
2011-07-17,0.1785623133182525
2011-07-18,0.0
2011-07-19,3.0974016189575195
2011-07-20,0.0
2011-07-21,0.0
2011-07-22,0.2678434550762176
2011-07-23,0.0
2011-07-24,26.60430335998535
2011-07-25,5.232158660888672
2011-07-26,7.343839168548584
2011-07-27,25.65886878967285
2011-07-28,18.675546646118164
2011-07-29,0.0
2011-07-30,0.2942763864994049
2011-07-31,0.3585998713970184
2011-08-01,0.0
2011-08-02,0.0
2011-08-03,7.110311031341553
2011-08-04,0.0
2011-08-05,0.0
2011-08-06,26.39704132080078
2011-08-07,0.0
2011-08-08,0.0
2011-08-09,1.594109296798706
2011-08-10,0.0
2011-08-11,35.241661071777344
2011-08-12,7.985448360443115
2011-08-13,0.0
2011-08-14,7.763630390167236
2011-08-15,0.4428081810474396
2011-08-16,21.609037399291992
2011-08-17,20.280614852905277
2011-08-18,47.1469841003418
2011-08-19,10.154653549194336
2011-08-20,2.0840957164764404
2011-08-21,37.50478363037109
2011-08-22,26.640316009521484
2011-08-23,0.0
2011-08-24,0.554544985294342
2011-08-25,1.109089970588684
2011-08-26,16.942476272583008
2011-08-27,5.018431663513184
2011-08-28,0.0
2011-08-29,0.0
2011-08-30,0.0
2011-08-31,2.125479221343994
2011-09-01,0.0
2011-09-02,14.517147064208984
2011-09-03,0.0
2011-09-04,0.0
2011-09-05,1.5055477619171145
2011-09-06,0.0
2011-09-07,8.761811256408691
2011-09-08,0.0
2011-09-09,10.76611328125
2011-09-10,0.797054648399353
2011-09-11,0.0
2011-09-12,4.073835372924805
2011-09-13,0.0
2011-09-14,63.06333160400391
2011-09-15,10.893081665039062
2011-09-16,21.00707054138184
2011-09-17,1.1513011455535889
2011-09-18,0.0
2011-09-19,4.436359882354736
2011-09-20,50.23527145385742
2011-09-21,0.0
2011-09-22,0.0
2011-09-23,0.0
2011-09-24,0.0
2011-09-25,0.0
2011-09-26,0.0
2011-09-27,0.0
2011-09-28,0.0
2011-09-29,0.0
2011-09-30,2.0369176864624023
2011-10-01,0.0
2011-10-02,0.0
2011-10-03,3.2163610458374023
2011-10-04,0.0
2011-10-05,0.0
2011-10-06,0.0
2011-10-07,0.0
2011-10-08,0.0
2011-10-09,5.933629512786865
2011-10-10,1.2398629188537598
2011-10-11,0.0
2011-10-12,61.02474212646485
2011-10-13,4.031327247619629
2011-10-14,0.0
2011-10-15,2.218179941177368
2011-10-16,0.0
2011-10-17,10.314537048339844
2011-10-18,0.0
2011-10-19,6.691595077514648
2011-10-20,0.0
2011-10-21,0.0
2011-10-22,0.0
2011-10-23,0.0
2011-10-24,4.777556896209717
2011-10-25,16.495590209960938
2011-10-26,2.7948904037475586
2011-10-27,25.492359161376957
2011-10-28,0.0
2011-10-29,0.0
2011-10-30,43.52425003051758
2011-10-31,1.2642130851745603
2011-11-01,13.863258361816406
2011-11-02,28.29769897460937
2011-11-03,2.673462152481079
2011-11-04,9.74018669128418
2011-11-05,4.6947784423828125
2011-11-06,0.0
2011-11-07,0.0
2011-11-08,0.0
2011-11-09,0.0
2011-11-10,0.0
2011-11-11,0.0
2011-11-12,0.0
2011-11-13,0.0
2011-11-14,0.0
2011-11-15,0.0
2011-11-16,0.0
2011-11-17,0.0
2011-11-18,9.060785293579102
2011-11-19,0.0
2011-11-20,0.0
2011-11-21,0.0
2011-11-22,0.0
2011-11-23,0.0
2011-11-24,0.0
2011-11-25,25.780244827270508
2011-11-26,62.68517303466797
2011-11-27,106.31501007080078
2011-11-28,3.756455898284912
2011-11-29,6.913101196289063
2011-11-30,0.0
2011-12-01,0.0
2011-12-02,0.0
2011-12-03,0.0
2011-12-04,0.0
2011-12-05,0.0
2011-12-06,0.0
2011-12-07,0.0
2011-12-08,0.0
2011-12-09,13.254009246826172
2011-12-10,1.8491830825805664
2011-12-11,0.797054648399353
2011-12-12,0.0
2011-12-13,0.0
2011-12-14,0.0
2011-12-15,0.0
2011-12-16,0.0
2011-12-17,0.0
2011-12-18,0.0
2011-12-19,0.0
2011-12-20,0.0
2011-12-21,0.0
2011-12-22,0.0
2011-12-23,0.0
2011-12-24,0.0
2011-12-25,0.0
2011-12-26,0.0
2011-12-27,0.0
2011-12-28,0.0
2011-12-29,0.0
2011-12-30,34.729679107666016
2011-12-31,58.41954803466797
2012-01-01,0.7157812118530273
2012-01-02,0.4464057683944702
2012-01-03,0.0
2012-01-04,0.0
2012-01-05,0.0
2012-01-06,0.0
2012-01-07,0.0
2012-01-08,0.0
2012-01-09,0.0
2012-01-10,0.0
2012-01-11,0.0
2012-01-12,0.1806049793958664
2012-01-13,0.0
2012-01-14,0.0
2012-01-15,0.0
2012-01-16,0.0
2012-01-17,0.0
2012-01-18,0.0
2012-01-19,0.0
2012-01-20,0.0
2012-01-21,0.0
2012-01-22,0.0
2012-01-23,0.0
2012-01-24,0.0
2012-01-25,0.0
2012-01-26,0.0
2012-01-27,0.0
2012-01-28,0.0
2012-01-29,0.0
2012-01-30,0.0
2012-01-31,0.0
2012-02-01,0.0
2012-02-02,0.0
2012-02-03,0.0
2012-02-04,0.0
2012-02-05,0.0
2012-02-06,0.0
2012-02-07,0.0
2012-02-08,0.0
2012-02-09,0.0
2012-02-10,0.0
2012-02-11,0.0
2012-02-12,0.0
2012-02-13,0.0
2012-02-14,0.0
2012-02-15,0.0
2012-02-16,0.0
2012-02-17,0.0
2012-02-18,0.0
2012-02-19,0.0
2012-02-20,0.0
2012-02-21,0.0
2012-02-22,0.0
2012-02-23,0.0
2012-02-24,0.0
2012-02-25,0.0
2012-02-26,0.0
2012-02-27,0.0
2012-02-28,0.0
2012-02-29,0.0
2012-03-01,0.0
2012-03-02,0.0
2012-03-03,0.0
2012-03-04,0.0
2012-03-05,0.0
2012-03-06,0.0
2012-03-07,0.0
2012-03-08,0.0
2012-03-09,0.0
2012-03-10,0.0
2012-03-11,0.0
2012-03-12,0.0
2012-03-13,0.0
2012-03-14,0.5031176805496216
2012-03-15,0.0
2012-03-16,0.0
2012-03-17,0.0
2012-03-18,0.0
2012-03-19,0.0
2012-03-20,0.0
2012-03-21,0.0
2012-03-22,0.0
2012-03-23,0.0
2012-03-24,0.0
2012-03-25,0.0
2012-03-26,0.0
2012-03-27,0.0
2012-03-28,0.0
2012-03-29,0.0
2012-03-30,0.0
2012-03-31,0.0
2012-04-01,0.0
2012-04-02,0.0
2012-04-03,0.0
2012-04-04,0.0
2012-04-05,0.0
2012-04-06,0.0
2012-04-07,0.0
2012-04-08,0.0
2012-04-09,0.0
2012-04-10,0.0
2012-04-11,0.0
2012-04-12,0.0
2012-04-13,0.0
2012-04-14,0.0
2012-04-15,0.0
2012-04-16,0.0
2012-04-17,0.0
2012-04-18,0.0
2012-04-19,0.0
2012-04-20,0.0
2012-04-21,0.0
2012-04-22,0.0
2012-04-23,0.0
2012-04-24,0.0
2012-04-25,0.0
2012-04-26,8.916544914245605
2012-04-27,16.070608139038086
2012-04-28,12.280537605285645
2012-04-29,0.0
2012-04-30,3.066312074661255
2012-05-01,0.5410887598991394
2012-05-02,0.0
2012-05-03,0.0
2012-05-04,0.8083953857421875
2012-05-05,0.0
2012-05-06,0.0
2012-05-07,0.0
2012-05-08,0.0
2012-05-09,0.0
2012-05-10,0.0
2012-05-11,0.6929734349250793
2012-05-12,0.0
2012-05-13,0.0
2012-05-14,0.0
2012-05-15,0.0
2012-05-16,2.0637805461883545
2012-05-17,0.0
2012-05-18,0.0
2012-05-19,0.0
2012-05-20,0.0
2012-05-21,0.0
2012-05-22,0.0
2012-05-23,0.0
2012-05-24,0.0
2012-05-25,0.0
2012-05-26,0.0
2012-05-27,0.0
2012-05-28,0.0
2012-05-29,0.0
2012-05-30,0.0
2012-05-31,0.0
2012-06-01,0.0
2012-06-02,0.0
2012-06-03,0.0
2012-06-04,1.1771055459976196
2012-06-05,0.0
2012-06-06,0.0
2012-06-07,0.0
2012-06-08,17.02577781677246
2012-06-09,0.9113075137138368
2012-06-10,0.0
2012-06-11,0.0
2012-06-12,0.0
2012-06-13,0.0
2012-06-14,1.680467963218689
2012-06-15,0.5600743889808655
2012-06-16,0.5356869101524353
2012-06-17,0.0
2012-06-18,8.660271644592285
2012-06-19,5.356869220733643
2012-06-20,0.0
2012-06-21,0.0
2012-06-22,0.0
2012-06-23,0.0
2012-06-24,0.0
2012-06-25,0.7142492532730103
2012-06-26,0.0
2012-06-27,9.07611083984375
2012-06-28,20.832468032836918
2012-06-29,8.435029983520508
2012-06-30,0.0
2012-07-01,1.089981198310852
2012-07-02,0.0
2012-07-03,1.2499361038208008
2012-07-04,0.0
2012-07-05,0.0
2012-07-06,0.2678434550762176
2012-07-07,0.5825201272964478
2012-07-08,0.0
2012-07-09,0.0
2012-07-10,1.8644882440567017
2012-07-11,68.59931945800781
2012-07-12,1.319826364517212
2012-07-13,1.149364709854126
2012-07-14,18.67891311645508
2012-07-15,16.477489471435547
2012-07-16,0.7917473316192627
2012-07-17,0.0
2012-07-18,6.297886848449707
2012-07-19,0.0
2012-07-20,0.0
2012-07-21,0.1785623133182525
2012-07-22,1.7856230735778809
2012-07-23,0.8928115367889404
2012-07-24,0.0
2012-07-25,0.0
2012-07-26,0.1806049793958664
2012-07-27,7.7683424949646
2012-07-28,3.8943610191345215
2012-07-29,0.5356869101524353
2012-07-30,0.0
2012-07-31,0.0
2012-08-01,0.0
2012-08-02,0.0
2012-08-03,0.4464057683944702
2012-08-04,18.03479385375977
2012-08-05,0.8374106287956238
2012-08-06,0.538410484790802
2012-08-07,0.0
2012-08-08,3.356513261795044
2012-08-09,6.501196384429932
2012-08-10,0.0
2012-08-11,0.0
2012-08-12,2.142747640609741
2012-08-13,0.0
2012-08-14,11.258095741271973
2012-08-15,1.190859317779541
2012-08-16,1.8890644311904907
2012-08-17,0.0
2012-08-18,0.1234062165021896
2012-08-19,0.0
2012-08-20,0.0
2012-08-21,0.0
2012-08-22,14.750130653381348
2012-08-23,0.0
2012-08-24,0.0
2012-08-25,0.0
2012-08-26,62.8835563659668
2012-08-27,0.1785623133182525
2012-08-28,0.0
2012-08-29,0.8638436198234558
2012-08-30,8.400650024414062
2012-08-31,19.43084716796875
2012-09-01,0.0
2012-09-02,0.2752908170223236
2012-09-03,0.8489394783973694
2012-09-04,20.72612571716309
2012-09-05,2.005434274673462
2012-09-06,1.7864174842834473
2012-09-07,3.803185224533081
2012-09-08,11.155686378479004
2012-09-09,0.1803780198097229
2012-09-10,0.0
2012-09-11,0.0
2012-09-12,0.0
2012-09-13,1.096006155014038
2012-09-14,6.833004951477051
2012-09-15,0.273490160703659
2012-09-16,0.9820926785469056
2012-09-17,0.0
2012-09-18,0.0
2012-09-19,0.0
2012-09-20,0.1785623133182525
2012-09-21,29.572025299072266
2012-09-22,0.0
2012-09-23,4.106933116912842
2012-09-24,0.0
2012-09-25,0.0
2012-09-26,0.0
2012-09-27,17.142662048339844
2012-09-28,0.2864508330821991
2012-09-29,15.718547821044922
2012-09-30,0.0
2012-10-01,0.2088413089513778
2012-10-02,52.94370269775391
2012-10-03,0.0
2012-10-04,0.0
2012-10-05,0.0
2012-10-06,1.9555140733718872
2012-10-07,2.338005304336548
2012-10-08,0.0
2012-10-09,0.0
2012-10-10,0.0
2012-10-11,0.0
2012-10-12,0.0
2012-10-13,0.0
2012-10-14,3.144157648086548
2012-10-15,4.920812129974365
2012-10-16,0.0
2012-10-17,0.0
2012-10-18,0.2896850407123565
2012-10-19,4.153278350830078
2012-10-20,50.63379287719727
2012-10-21,62.158599853515625
2012-10-22,24.866315841674805
2012-10-23,0.9759563207626344
2012-10-24,8.057348251342773
2012-10-25,0.0
2012-10-26,0.0
2012-10-27,0.0
2012-10-28,0.7142492532730103
2012-10-29,0.0
2012-10-30,3.0355591773986816
2012-10-31,60.07344436645508
2012-11-01,50.79863739013672
2012-11-02,0.1613773703575134
2012-11-03,5.462088584899902
2012-11-04,5.991655349731445
2012-11-05,25.653810501098636
2012-11-06,2.856997013092041
2012-11-07,0.0
2012-11-08,0.0
2012-11-09,0.0
2012-11-10,0.0
2012-11-11,0.0
2012-11-12,0.0
2012-11-13,0.0
2012-11-14,0.0
2012-11-15,0.0
2012-11-16,0.0
2012-11-17,0.0
2012-11-18,0.0
2012-11-19,0.0
2012-11-20,0.0
2012-11-21,0.0
2012-11-22,30.721399307250977
2012-11-23,130.3555450439453
2012-11-24,1.5929874181747437
2012-11-25,0.0
2012-11-26,0.0
2012-11-27,0.0
2012-11-28,0.0
2012-11-29,0.0
2012-11-30,0.0
2012-12-01,0.0
2012-12-02,0.0
2012-12-03,17.294145584106445
2012-12-04,104.58131408691406
2012-12-05,63.97884750366211
2012-12-06,18.338829040527344
2012-12-07,0.0
2012-12-08,0.0
2012-12-09,0.0
2012-12-10,0.0
2012-12-11,0.0
2012-12-12,0.0
2012-12-13,0.0
2012-12-14,0.0
2012-12-15,0.0
2012-12-16,0.0
2012-12-17,0.0
2012-12-18,0.0
2012-12-19,0.0
2012-12-20,0.0
2012-12-21,0.0
2012-12-22,0.0
2012-12-23,0.0
2012-12-24,0.0
2012-12-25,0.0
2012-12-26,0.0
2012-12-27,0.0
2012-12-28,0.0
2012-12-29,4.055307865142822
2012-12-30,28.290298461914062
2012-12-31,5.184908866882324
2013-01-01,0.0
2013-01-02,0.0
2013-01-03,0.0
2013-01-04,0.0
2013-01-05,0.0
2013-01-06,0.0
2013-01-07,0.0
2013-01-08,0.0
2013-01-09,0.0
2013-01-10,0.0
2013-01-11,0.0
2013-01-12,0.0
2013-01-13,0.0
2013-01-14,0.0
2013-01-15,0.0
2013-01-16,0.0
2013-01-17,0.0
2013-01-18,0.0
2013-01-19,0.0
2013-01-20,0.0
2013-01-21,0.0
2013-01-22,0.0
2013-01-23,0.0
2013-01-24,0.0
2013-01-25,0.0
2013-01-26,0.0
2013-01-27,0.0
2013-01-28,0.0
2013-01-29,0.0
2013-01-30,0.0
2013-01-31,0.0
2013-02-01,0.0
2013-02-02,0.0
2013-02-03,0.0
2013-02-04,0.0
2013-02-05,0.0
2013-02-06,0.0
2013-02-07,0.0
2013-02-08,0.0
2013-02-09,0.0
2013-02-10,0.0
2013-02-11,0.0
2013-02-12,0.0
2013-02-13,0.0
2013-02-14,0.0
2013-02-15,0.2424141615629196
2013-02-16,0.0
2013-02-17,0.0
2013-02-18,11.924925804138184
2013-02-19,0.0
2013-02-20,0.0
2013-02-21,0.0
2013-02-22,0.0
2013-02-23,0.0
2013-02-24,0.0
2013-02-25,0.0
2013-02-26,0.0
2013-02-27,0.0
2013-02-28,0.0
2013-03-01,0.0
2013-03-02,0.0
2013-03-03,0.0
2013-03-04,0.0
2013-03-05,0.0
2013-03-06,0.8815720081329346
2013-03-07,15.79549503326416
2013-03-08,0.8925248980522156
2013-03-09,0.0
2013-03-10,0.0
2013-03-11,0.0
2013-03-12,0.0
2013-03-13,0.0
2013-03-14,0.0
2013-03-15,0.0
2013-03-16,0.0
2013-03-17,0.0
2013-03-18,0.0
2013-03-19,0.0
2013-03-20,0.0
2013-03-21,0.0
2013-03-22,0.0
2013-03-23,0.0
2013-03-24,0.0
2013-03-25,0.0
2013-03-26,0.0
2013-03-27,0.0
2013-03-28,0.0
2013-03-29,0.0
2013-03-30,0.0
2013-03-31,0.0
2013-04-01,0.0
2013-04-02,0.0
2013-04-03,0.0
2013-04-04,0.0
2013-04-05,0.0
2013-04-06,0.0
2013-04-07,0.0
2013-04-08,0.0
2013-04-09,0.0
2013-04-10,0.0
2013-04-11,0.0
2013-04-12,0.0
2013-04-13,0.0
2013-04-14,0.0
2013-04-15,0.0
2013-04-16,0.0
2013-04-17,0.0
2013-04-18,0.0
2013-04-19,0.0
2013-04-20,0.0
2013-04-21,0.0
2013-04-22,0.0
2013-04-23,0.0
2013-04-24,0.0
2013-04-25,0.0
2013-04-26,0.0
2013-04-27,0.0
2013-04-28,0.0
2013-04-29,0.0
2013-04-30,0.0
2013-05-01,0.0
2013-05-02,0.0
2013-05-03,0.0
2013-05-04,0.0
2013-05-05,0.0
2013-05-06,0.0
2013-05-07,0.0
2013-05-08,0.0
2013-05-09,0.0
2013-05-10,0.0
2013-05-11,0.0
2013-05-12,0.0
2013-05-13,0.1101882457733154
2013-05-14,0.0
2013-05-15,0.0
2013-05-16,0.0
2013-05-17,0.0
2013-05-18,0.0
2013-05-19,0.0
2013-05-20,0.0
2013-05-21,0.0
2013-05-22,0.0
2013-05-23,0.0
2013-05-24,0.0
2013-05-25,0.0
2013-05-26,0.0
2013-05-27,0.0
2013-05-28,0.0
2013-05-29,0.0
2013-05-30,0.0
2013-05-31,1.83894944190979
2013-06-01,0.262071430683136
2013-06-02,0.2668337225914001
2013-06-03,0.1334168612957
2013-06-04,0.0
2013-06-05,0.0
2013-06-06,0.0
2013-06-07,18.189496994018555
2013-06-08,10.12804889678955
2013-06-09,0.0
2013-06-10,0.0
2013-06-11,0.0
2013-06-12,0.0
2013-06-13,0.0
2013-06-14,0.0
2013-06-15,0.0
2013-06-16,3.311307191848755
2013-06-17,0.0
2013-06-18,0.0
2013-06-19,0.0
2013-06-20,0.0
2013-06-21,0.0
2013-06-22,0.0
2013-06-23,0.0
2013-06-24,0.0
2013-06-25,0.0
2013-06-26,0.0
2013-06-27,0.5217634439468384
2013-06-28,10.549467086791992
2013-06-29,2.028619766235352
2013-06-30,6.288053035736084
2013-07-01,4.678371429443359
2013-07-02,0.0
2013-07-03,0.5137154459953308
2013-07-04,0.0
2013-07-05,4.405271530151367
2013-07-06,0.0
2013-07-07,9.645495414733888
2013-07-08,4.973156929016113
2013-07-09,0.0
2013-07-10,0.0
2013-07-11,0.0
2013-07-12,0.0
2013-07-13,0.0
2013-07-14,0.0
2013-07-15,0.0
2013-07-16,0.0
2013-07-17,0.7546394467353821
2013-07-18,0.0
2013-07-19,0.0
2013-07-20,0.0
2013-07-21,1.2567702531814575
2013-07-22,0.0
2013-07-23,0.3091225922107696
2013-07-24,0.0
2013-07-25,0.0
2013-07-26,0.0
2013-07-27,0.0
2013-07-28,0.0
2013-07-29,0.0
2013-07-30,0.0
2013-07-31,0.0
2013-08-01,0.0
2013-08-02,0.3746400475502014
2013-08-03,0.0
2013-08-04,0.0
2013-08-05,0.7713177800178528
2013-08-06,0.4282470047473907
2013-08-07,2.181727170944214
2013-08-08,0.0
2013-08-09,17.05278778076172
2013-08-10,65.0420913696289
2013-08-11,7.997533321380615
2013-08-12,0.3556022047996521
2013-08-13,5.751400947570801
2013-08-14,27.87187385559082
2013-08-15,16.77723503112793
2013-08-16,0.2555226683616638
2013-08-17,31.09281539916992
2013-08-18,0.0
2013-08-19,0.0
2013-08-20,1.237681269645691
2013-08-21,0.0
2013-08-22,0.0
2013-08-23,0.0
2013-08-24,5.06967830657959
2013-08-25,0.1167503371834755
2013-08-26,0.0
2013-08-27,0.0
2013-08-28,0.0
2013-08-29,23.388351440429688
2013-08-30,0.0
2013-08-31,0.0
2013-09-01,0.0
2013-09-02,0.0
2013-09-03,0.0
2013-09-04,0.0
2013-09-05,0.0
2013-09-06,6.445813179016113
2013-09-07,39.12657165527344
2013-09-08,64.1983642578125
2013-09-09,0.0
2013-09-10,3.2161684036254883
2013-09-11,0.0
2013-09-12,0.0
2013-09-13,1.093634843826294
2013-09-14,0.0
2013-09-15,0.0
2013-09-16,0.0
2013-09-17,0.0
2013-09-18,0.0
2013-09-19,0.0
2013-09-20,0.7588170766830444
2013-09-21,11.091072082519531
2013-09-22,0.0
2013-09-23,0.0
2013-09-24,0.0
2013-09-25,0.0
2013-09-26,0.2668337225914001
2013-09-27,2.43088698387146
2013-09-28,0.0
2013-09-29,0.0
2013-09-30,0.0
2013-10-01,0.0
2013-10-02,0.0
2013-10-03,5.876068115234375
2013-10-04,5.417478561401367
2013-10-05,0.0
2013-10-06,0.0
2013-10-07,0.0
2013-10-08,0.8672095537185669
2013-10-09,10.11115837097168
2013-10-10,0.0
2013-10-11,0.0
2013-10-12,0.0
2013-10-13,0.0
2013-10-14,0.0
2013-10-15,2.231680631637573
2013-10-16,0.0
2013-10-17,0.0
2013-10-18,0.0
2013-10-19,1.0625938177108765
2013-10-20,13.082300186157228
2013-10-21,3.1049435138702397
2013-10-22,0.0
2013-10-23,0.0
2013-10-24,0.0
2013-10-25,0.4705333709716797
2013-10-26,0.0
2013-10-27,0.2864894270896911
2013-10-28,0.3972731828689575
2013-10-29,1.6677106618881226
2013-10-30,0.0
2013-10-31,0.2668337225914001
2013-11-01,0.0
2013-11-02,0.3478683531284332
2013-11-03,0.8368447422981262
2013-11-04,33.492916107177734
2013-11-05,6.047880172729492
2013-11-06,0.8756237030029297
2013-11-07,0.5179160237312317
2013-11-08,0.0
2013-11-09,0.0
2013-11-10,0.0
2013-11-11,0.0
2013-11-12,0.0
2013-11-13,0.0
2013-11-14,0.0
2013-11-15,0.0
2013-11-16,11.144596099853516
2013-11-17,79.58177947998047
2013-11-18,0.0
2013-11-19,0.4970512092113495
2013-11-20,0.0
2013-11-21,0.0
2013-11-22,9.71843147277832
2013-11-23,0.2001252919435501
2013-11-24,10.18073558807373
2013-11-25,2.05629563331604
2013-11-26,0.0
2013-11-27,0.0
2013-11-28,0.0
2013-11-29,0.0
2013-11-30,0.0
2013-12-01,1.7567368745803833
2013-12-02,1.5170257091522217
2013-12-03,37.79862976074219
2013-12-04,0.0
2013-12-05,0.0
2013-12-06,0.0
2013-12-07,0.0
2013-12-08,0.0
2013-12-09,0.0
2013-12-10,0.0
2013-12-11,0.0
2013-12-12,0.6730505228042603
2013-12-13,36.68497848510742
2013-12-14,0.0
2013-12-15,0.0
2013-12-16,0.0
2013-12-17,0.0
2013-12-18,0.0
2013-12-19,0.0
2013-12-20,0.0
2013-12-21,0.0
2013-12-22,0.0
2013-12-23,0.0
2013-12-24,0.0
2013-12-25,0.0
2013-12-26,0.0
2013-12-27,0.0
2013-12-28,0.0
2013-12-29,0.0
2013-12-30,0.0
2013-12-31,0.0
2014-01-01,0.0
2014-01-02,0.0
2014-01-03,0.0
2014-01-04,0.0
2014-01-05,0.0
2014-01-06,0.0
2014-01-07,0.0
2014-01-08,0.0
2014-01-09,0.0
2014-01-10,0.0
2014-01-11,0.0
2014-01-12,0.0
2014-01-13,0.0
2014-01-14,0.0
2014-01-15,0.0
2014-01-16,0.0
2014-01-17,0.0
2014-01-18,0.0
2014-01-19,0.0
2014-01-20,0.0
2014-01-21,0.0
2014-01-22,0.0
2014-01-23,0.0
2014-01-24,0.0
2014-01-25,0.0
2014-01-26,0.0
2014-01-27,0.0
2014-01-28,0.0
2014-01-29,0.0
2014-01-30,0.0
2014-01-31,0.0
2014-02-01,0.0
2014-02-02,0.0
2014-02-03,0.0
2014-02-04,0.0
2014-02-05,0.0
2014-02-06,0.0
2014-02-07,0.0
2014-02-08,0.0
2014-02-09,0.0
2014-02-10,0.0
2014-02-11,0.0
2014-02-12,0.0
2014-02-13,0.0
2014-02-14,0.0
2014-02-15,0.0
2014-02-16,0.0
2014-02-17,0.0
2014-02-18,0.0
2014-02-19,0.1542635411024093
2014-02-20,0.0
2014-02-21,0.0
2014-02-22,0.0
2014-02-23,0.0
2014-02-24,0.6575672626495361
2014-02-25,11.018500328063965
2014-02-26,0.0
2014-02-27,0.0
2014-02-28,0.0
2014-03-01,0.0
2014-03-02,0.0
2014-03-03,0.0
2014-03-04,0.0
2014-03-05,0.0
2014-03-06,0.0
2014-03-07,0.0
2014-03-08,0.0
2014-03-09,0.0
2014-03-10,0.0
2014-03-11,0.0
2014-03-12,0.0
2014-03-13,0.0
2014-03-14,0.0
2014-03-15,0.0
2014-03-16,0.0
2014-03-17,0.0
2014-03-18,0.0
2014-03-19,0.0
2014-03-20,0.0
2014-03-21,0.0
2014-03-22,0.0
2014-03-23,0.0
2014-03-24,0.0
2014-03-25,0.0
2014-03-26,0.0
2014-03-27,0.0
2014-03-28,0.0
2014-03-29,0.0
2014-03-30,0.0
2014-03-31,0.0
2014-04-01,0.0
2014-04-02,0.0
2014-04-03,0.0
2014-04-04,0.0
2014-04-05,0.0
2014-04-06,0.0
2014-04-07,0.0
2014-04-08,0.0
2014-04-09,0.0
2014-04-10,0.0
2014-04-11,0.0
2014-04-12,0.0
2014-04-13,0.0
2014-04-14,0.0
2014-04-15,0.0
2014-04-16,0.0
2014-04-17,0.0
2014-04-18,0.0
2014-04-19,0.0
2014-04-20,0.0
2014-04-21,0.0
2014-04-22,0.0
2014-04-23,0.0
2014-04-24,0.0
2014-04-25,0.0
2014-04-26,0.0
2014-04-27,0.0
2014-04-28,0.0
2014-04-29,0.0
2014-04-30,0.0
2014-05-01,0.0
2014-05-02,0.0
2014-05-03,0.0
2014-05-04,0.6941859722137451
2014-05-05,17.330795288085938
2014-05-06,11.890557289123535
2014-05-07,9.937026023864746
2014-05-08,28.46307373046875
2014-05-09,16.650846481323242
2014-05-10,0.0
2014-05-11,0.0
2014-05-12,0.0
2014-05-13,0.0
2014-05-14,0.0
2014-05-15,7.490509986877441
2014-05-16,0.0
2014-05-17,0.0
2014-05-18,0.0
2014-05-19,0.0
2014-05-20,0.0
2014-05-21,0.0
2014-05-22,0.0
2014-05-23,0.0
2014-05-24,0.0
2014-05-25,0.0
2014-05-26,0.0
2014-05-27,25.52827835083008
2014-05-28,0.0
2014-05-29,0.0
2014-05-30,0.0
2014-05-31,0.0
2014-06-01,0.0
2014-06-02,0.0
2014-06-03,6.813846111297607
2014-06-04,0.0
2014-06-05,0.0
2014-06-06,0.0
2014-06-07,0.0
2014-06-08,0.0
2014-06-09,0.1652823686599731
2014-06-10,0.0
2014-06-11,0.0
2014-06-12,0.0
2014-06-13,2.5778045654296875
2014-06-14,0.0
2014-06-15,0.0
2014-06-16,0.0
2014-06-17,0.0
2014-06-18,0.0
2014-06-19,0.0
2014-06-20,0.0
2014-06-21,1.1712961196899414
2014-06-22,0.0
2014-06-23,0.0
2014-06-24,0.0
2014-06-25,0.0
2014-06-26,0.0
2014-06-27,0.0
2014-06-28,0.0
2014-06-29,0.0
2014-06-30,27.152814865112305
2014-07-01,26.53165626525879
2014-07-02,0.0
2014-07-03,0.0
2014-07-04,0.0
2014-07-05,0.0
2014-07-06,0.0
2014-07-07,0.0
2014-07-08,0.0
2014-07-09,0.0
2014-07-10,6.956174373626709
2014-07-11,0.1763011962175369
2014-07-12,0.1763011962175369
2014-07-13,0.0
2014-07-14,0.0
2014-07-15,0.0
2014-07-16,0.2608817219734192
2014-07-17,0.0
2014-07-18,0.0
2014-07-19,0.663511335849762
2014-07-20,0.0
2014-07-21,0.0
2014-07-22,0.0
2014-07-23,0.0
2014-07-24,0.0
2014-07-25,0.0
2014-07-26,0.0
2014-07-27,7.984573364257812
2014-07-28,6.369235515594482
2014-07-29,0.0
2014-07-30,0.0
2014-07-31,0.1810821443796157
2014-08-01,0.0
2014-08-02,0.0
2014-08-03,0.0
2014-08-04,0.114066906273365
2014-08-05,0.0
2014-08-06,0.4479400217533111
2014-08-07,0.2424141615629196
2014-08-08,0.0
2014-08-09,13.151413917541504
2014-08-10,7.125716209411621
2014-08-11,6.278104782104492
2014-08-12,3.536616563796997
2014-08-13,3.296276569366455
2014-08-14,1.415215253829956
2014-08-15,1.4366170167922974
2014-08-16,12.660032272338867
2014-08-17,2.268292188644409
2014-08-18,5.392890930175781
2014-08-19,0.0
2014-08-20,0.0
2014-08-21,0.0
2014-08-22,0.0
2014-08-23,0.0
2014-08-24,14.074206352233888
2014-08-25,0.0
2014-08-26,0.0
2014-08-27,0.0
2014-08-28,0.0
2014-08-29,2.742094755172729
2014-08-30,0.0
2014-08-31,0.0
2014-09-01,0.0
2014-09-02,0.0
2014-09-03,0.0
2014-09-04,0.4056181311607361
2014-09-05,0.0
2014-09-06,0.0
2014-09-07,0.0
2014-09-08,0.5652840733528137
2014-09-09,0.0
2014-09-10,0.3287889063358307
2014-09-11,1.3663341999053955
2014-09-12,0.0
2014-09-13,0.0
2014-09-14,0.0
2014-09-15,5.352893352508545
2014-09-16,44.25178527832031
2014-09-17,0.0
2014-09-18,0.2498707026243209
2014-09-19,0.0
2014-09-20,4.20643424987793
2014-09-21,0.3097457885742187
2014-09-22,59.76064682006836
2014-09-23,0.0
2014-09-24,0.466958999633789
2014-09-25,0.0
2014-09-26,0.0
2014-09-27,0.0
2014-09-28,0.8898100852966309
2014-09-29,0.2412423640489578
2014-09-30,0.0
2014-10-01,0.0
2014-10-02,0.0
2014-10-03,0.0
2014-10-04,0.0
2014-10-05,0.0
2014-10-06,0.0
2014-10-07,4.860202312469482
2014-10-08,1.5438547134399414
2014-10-09,0.0
2014-10-10,0.0
2014-10-11,3.1018807888031006
2014-10-12,0.0
2014-10-13,0.0
2014-10-14,0.0
2014-10-15,2.5676164627075195
2014-10-16,11.042997360229492
2014-10-17,6.070320129394531
2014-10-18,40.54901885986328
2014-10-19,9.152007102966309
2014-10-20,42.06007385253906
2014-10-21,37.18441009521485
2014-10-22,7.9247727394104
2014-10-23,4.256707191467285
2014-10-24,32.88003158569336
2014-10-25,0.1024453043937683
2014-10-26,4.969849109649658
2014-10-27,0.57774418592453
2014-10-28,5.126225471496582
2014-10-29,0.0
2014-10-30,0.0
2014-10-31,0.0
2014-11-01,0.4121645987033844
2014-11-02,13.455988883972168
2014-11-03,4.364272594451904
2014-11-04,17.736095428466797
2014-11-05,0.0
2014-11-06,0.0
2014-11-07,0.0
2014-11-08,0.0
2014-11-09,0.0
2014-11-10,0.0
2014-11-11,0.0
2014-11-12,5.3285017013549805
2014-11-13,32.10927963256836
2014-11-14,62.19777297973633
2014-11-15,14.375140190124512
2014-11-16,0.0
2014-11-17,0.0
2014-11-18,0.0
2014-11-19,0.0
2014-11-20,0.0
2014-11-21,0.0
2014-11-22,0.0
2014-11-23,7.20302152633667
2014-11-24,0.0
2014-11-25,0.0
2014-11-26,0.0
2014-11-27,0.0
2014-11-28,0.0
2014-11-29,7.795836925506592
2014-11-30,22.35805320739746
2014-12-01,3.440126657485962
2014-12-02,0.0
2014-12-03,0.0
2014-12-04,0.0
2014-12-05,0.0
2014-12-06,0.0
2014-12-07,0.0
2014-12-08,0.0
2014-12-09,0.0
2014-12-10,1.0733082294464111
2014-12-11,2.7701549530029297
2014-12-12,0.3752650320529938
2014-12-13,0.0
2014-12-14,12.596104621887209
2014-12-15,0.0
2014-12-16,1.9172754287719729
2014-12-17,20.093454360961918
2014-12-18,6.736905574798584
2014-12-19,0.1134653761982917
2014-12-20,0.0
2014-12-21,0.0
2014-12-22,0.0
2014-12-23,0.0
2014-12-24,0.0
2014-12-25,0.0
2014-12-26,0.0
2014-12-27,0.0
2014-12-28,0.0
2014-12-29,7.91303014755249
2014-12-30,11.077052116394045
2014-12-31,0.0
2015-01-01,0.0
2015-01-02,9.987508773803713
2015-01-03,0.0
2015-01-04,0.0
2015-01-05,0.0
2015-01-06,0.0
2015-01-07,0.0
2015-01-08,0.0
2015-01-09,0.0
2015-01-10,0.0
2015-01-11,0.0
2015-01-12,0.0
2015-01-13,0.0
2015-01-14,0.0
2015-01-15,0.0
2015-01-16,0.0
2015-01-17,0.0
2015-01-18,0.0
2015-01-19,0.0
2015-01-20,0.0
2015-01-21,0.0
2015-01-22,0.0
2015-01-23,0.0
2015-01-24,0.4780201613903045
2015-01-25,0.0
2015-01-26,0.0
2015-01-27,0.0
2015-01-28,0.0
2015-01-29,0.0
2015-01-30,0.0
2015-01-31,0.0
2015-02-01,0.0
2015-02-02,0.0
2015-02-03,0.0
2015-02-04,0.0
2015-02-05,0.0
2015-02-06,0.0
2015-02-07,0.0
2015-02-08,0.0
2015-02-09,0.0
2015-02-10,0.0
2015-02-11,0.0
2015-02-12,0.0
2015-02-13,0.0
2015-02-14,0.0
2015-02-15,0.0
2015-02-16,0.0
2015-02-17,0.0
2015-02-18,0.0
2015-02-19,0.0
2015-02-20,0.0
2015-02-21,0.0
2015-02-22,0.0
2015-02-23,0.0
2015-02-24,0.0
2015-02-25,0.0
2015-02-26,0.0
2015-02-27,0.0
2015-02-28,0.0
2015-03-01,0.0
2015-03-02,0.0
2015-03-03,0.0
2015-03-04,0.0
2015-03-05,0.0
2015-03-06,0.0
2015-03-07,0.0
2015-03-08,0.0
2015-03-09,0.0
2015-03-10,0.0
2015-03-11,0.0
2015-03-12,0.0
2015-03-13,0.0
2015-03-14,0.0
2015-03-15,0.0
2015-03-16,0.0
2015-03-17,0.0
2015-03-18,0.0
2015-03-19,0.0
2015-03-20,0.0
2015-03-21,0.0
2015-03-22,0.0
2015-03-23,0.0
2015-03-24,0.0
2015-03-25,0.0
2015-03-26,0.0
2015-03-27,0.0
2015-03-28,0.0
2015-03-29,0.0
2015-03-30,0.0
2015-03-31,0.0
2015-04-01,0.0
2015-04-02,0.0
2015-04-03,0.0
2015-04-04,0.0
2015-04-05,0.0
2015-04-06,0.0
2015-04-07,0.0
2015-04-08,0.0
2015-04-09,0.0
2015-04-10,0.0
2015-04-11,0.0
2015-04-12,0.0
2015-04-13,1.001189351081848
2015-04-14,5.5583176612854
2015-04-15,3.398571252822876
2015-04-16,0.0
2015-04-17,0.0
2015-04-18,0.0
2015-04-19,0.0
2015-04-20,0.0
2015-04-21,0.0
2015-04-22,0.0
2015-04-23,0.0
2015-04-24,0.0
2015-04-25,28.6124210357666
2015-04-26,0.0
2015-04-27,0.0
2015-04-28,0.0
2015-04-29,0.0
2015-04-30,0.0
2015-05-01,0.0
2015-05-02,0.0
2015-05-03,0.0
2015-05-04,0.0
2015-05-05,0.0
2015-05-06,0.0
2015-05-07,0.0
2015-05-08,0.0
2015-05-09,0.0
2015-05-10,0.0
2015-05-11,1.4917364120483398
2015-05-12,0.0
2015-05-13,0.685858428478241
2015-05-14,4.504332542419434
2015-05-15,35.21418762207031
2015-05-16,0.2203764915466308
2015-05-17,0.8484495282173157
2015-05-18,0.3665986359119415
2015-05-19,0.0
2015-05-20,0.0
2015-05-21,0.0
2015-05-22,0.0
2015-05-23,0.0
2015-05-24,0.0
2015-05-25,0.0
2015-05-26,0.0
2015-05-27,0.0
2015-05-28,3.796461820602417
2015-05-29,0.0
2015-05-30,0.0
2015-05-31,0.0
2015-06-01,0.0
2015-06-02,0.0
2015-06-03,0.466958999633789
2015-06-04,0.0
2015-06-05,0.0
2015-06-06,0.0
2015-06-07,0.0
2015-06-08,0.0
2015-06-09,0.0
2015-06-10,0.0
2015-06-11,0.0
2015-06-12,0.0
2015-06-13,0.0
2015-06-14,0.0
2015-06-15,0.0
2015-06-16,0.0
2015-06-17,0.5194198489189148
2015-06-18,0.0
2015-06-19,0.0
2015-06-20,5.620584487915039
2015-06-21,0.0
2015-06-22,0.0
2015-06-23,0.0
2015-06-24,0.0
2015-06-25,0.0
2015-06-26,0.7162235975265503
2015-06-27,0.0
2015-06-28,0.0
2015-06-29,0.0
2015-06-30,0.0
2015-07-01,0.0
2015-07-02,0.0
2015-07-03,0.0
2015-07-04,0.0
2015-07-05,0.0
2015-07-06,0.0
2015-07-07,0.0
2015-07-08,0.0
2015-07-09,0.0
2015-07-10,0.0
2015-07-11,0.0
2015-07-12,0.0
2015-07-13,10.87010669708252
2015-07-14,6.641480922698975
2015-07-15,0.0
2015-07-16,0.0
2015-07-17,0.3573687374591827
2015-07-18,0.0
2015-07-19,0.2025260776281356
2015-07-20,0.0
2015-07-21,0.0
2015-07-22,19.25809669494629
2015-07-23,0.3770219385623932
2015-07-24,2.067365884780884
2015-07-25,0.0
2015-07-26,2.336610078811645
2015-07-27,0.9949795007705688
2015-07-28,10.084665298461914
2015-07-29,1.0009684562683103
2015-07-30,0.0
2015-07-31,0.0
2015-08-01,0.3073396682739258
2015-08-02,22.804649353027344
2015-08-03,0.0
2015-08-04,0.0
2015-08-05,0.1983388364315033
2015-08-06,0.0
2015-08-07,0.0
2015-08-08,0.0
2015-08-09,0.0
2015-08-10,0.1763011962175369
2015-08-11,4.981824398040772
2015-08-12,0.0
2015-08-13,0.0
2015-08-14,0.0
2015-08-15,2.814296007156372
2015-08-16,9.536797523498535
2015-08-17,0.0
2015-08-18,0.0
2015-08-19,0.0
2015-08-20,0.0
2015-08-21,0.0
2015-08-22,7.571871280670166
2015-08-23,38.6157341003418
2015-08-24,0.2558234333992004
2015-08-25,0.0
2015-08-26,0.0
2015-08-27,0.0
2015-08-28,1.0617092847824097
2015-08-29,0.0
2015-08-30,0.0
2015-08-31,0.616463303565979
2015-09-01,0.0
2015-09-02,0.0
2015-09-03,29.059520721435547
2015-09-04,0.0
2015-09-05,0.0
2015-09-06,0.0
2015-09-07,0.0
2015-09-08,0.8005011677742004
2015-09-09,0.0
2015-09-10,0.0
2015-09-11,1.277883529663086
2015-09-12,0.0
2015-09-13,0.0
2015-09-14,0.0
2015-09-15,0.0
2015-09-16,0.0
2015-09-17,0.0
2015-09-18,0.0
2015-09-19,0.0
2015-09-20,0.0
2015-09-21,17.2362060546875
2015-09-22,0.0
2015-09-23,0.0
2015-09-24,0.0
2015-09-25,0.0
2015-09-26,0.0
2015-09-27,0.0
2015-09-28,2.3978302478790283
2015-09-29,4.280306339263916
2015-09-30,0.0
2015-10-01,0.1301518231630325
2015-10-02,0.5292356014251709
2015-10-03,0.0
2015-10-04,14.811217308044434
2015-10-05,4.826203346252441
2015-10-06,0.6694669127464294
2015-10-07,0.1411706507205963
2015-10-08,0.1212070807814598
2015-10-09,4.767701625823975
2015-10-10,0.0
2015-10-11,0.0
2015-10-12,5.795814514160156
2015-10-13,0.0
2015-10-14,0.0
2015-10-15,0.0
2015-10-16,0.0
2015-10-17,0.0
2015-10-18,0.0
2015-10-19,0.7323070168495178
2015-10-20,0.0
2015-10-21,0.0
2015-10-22,0.0
2015-10-23,0.0
2015-10-24,0.0
2015-10-25,0.0
2015-10-26,0.1072197034955024
2015-10-27,0.0
2015-10-28,7.578095436096191
2015-10-29,6.086096286773682
2015-10-30,0.9315369129180908
2015-10-31,0.1691549867391586
2015-11-01,2.052811622619629
2015-11-02,22.035112380981445
2015-11-03,0.0
2015-11-04,0.0
2015-11-05,1.921478509902954
2015-11-06,0.4002505838871002
2015-11-07,5.660671234130859
2015-11-08,6.808227062225342
2015-11-09,73.08863830566406
2015-11-10,71.07247924804688
2015-11-11,0.2656445205211639
2015-11-12,2.5380988121032715
2015-11-13,0.1101882457733154
2015-11-14,13.943761825561523
2015-11-15,26.83319664001465
2015-11-16,124.26090240478516
2015-11-17,1.256747484207153
2015-11-18,0.119126945734024
2015-11-19,19.193138122558597
2015-11-20,22.449878692626957
2015-11-21,27.34270668029785
2015-11-22,22.03603172302246
2015-11-23,90.48544311523438
2015-11-24,20.646604537963867
2015-11-25,1.5985536575317385
2015-11-26,2.131924629211426
2015-11-27,3.96903395652771
2015-11-28,0.0
2015-11-29,0.7058063745498657
2015-11-30,85.50953674316406
2015-12-01,96.99392700195312
2015-12-02,148.74742126464844
2015-12-03,58.37014389038086
2015-12-04,33.70732116699219
2015-12-05,56.06571960449219
2015-12-06,38.15922927856445
2015-12-07,7.082151412963867
2015-12-08,2.409743547439575
2015-12-09,3.4851291179656982
2015-12-10,7.095606803894043
2015-12-11,0.8040421009063721
2015-12-12,0.0
2015-12-13,0.0
2015-12-14,0.0
2015-12-15,0.0
2015-12-16,0.0
2015-12-17,0.0
2015-12-18,0.0
2015-12-19,0.0
2015-12-20,0.0
2015-12-21,0.0
2015-12-22,0.0
2015-12-23,0.0
2015-12-24,0.0
2015-12-25,0.0
2015-12-26,0.0
2015-12-27,0.0
2015-12-28,0.0
2015-12-29,0.0
2015-12-30,0.0
2015-12-31,0.0
2016-01-01,0.0
2016-01-02,0.0
2016-01-03,0.0
2016-01-04,0.0
2016-01-05,0.0
2016-01-06,0.0
2016-01-07,0.0
2016-01-08,0.0
2016-01-09,0.0
2016-01-10,0.0
2016-01-11,0.0
2016-01-12,0.0
2016-01-13,0.0
2016-01-14,0.0
2016-01-15,0.0
2016-01-16,0.0
2016-01-17,0.0
2016-01-18,0.0
2016-01-19,0.0
2016-01-20,0.0
2016-01-21,0.0
2016-01-22,0.0
2016-01-23,0.0
2016-01-24,0.0
2016-01-25,0.0
2016-01-26,0.0
2016-01-27,0.0
2016-01-28,0.0
2016-01-29,0.0
2016-01-30,0.0
2016-01-31,0.0
2016-02-01,0.0
2016-02-02,0.0
2016-02-03,0.0
2016-02-04,0.0
2016-02-05,0.0
2016-02-06,0.0
2016-02-07,0.0
2016-02-08,0.0
2016-02-09,0.0
2016-02-10,0.0
2016-02-11,0.0
2016-02-12,0.0
2016-02-13,0.0
2016-02-14,0.0
2016-02-15,0.0
2016-02-16,0.0
2016-02-17,0.0
2016-02-18,0.0
2016-02-19,0.0
2016-02-20,0.0
2016-02-21,0.0
2016-02-22,0.0
2016-02-23,0.0
2016-02-24,0.0
2016-02-25,0.0
2016-02-26,0.0
2016-02-27,0.0
2016-02-28,0.0
2016-02-29,0.0
2016-03-01,0.0
2016-03-02,0.0
2016-03-03,0.0
2016-03-04,0.0
2016-03-05,0.0
2016-03-06,0.0
2016-03-07,0.0
2016-03-08,0.0
2016-03-09,0.0
2016-03-10,0.0
2016-03-11,0.0
2016-03-12,0.0
2016-03-13,0.0
2016-03-14,0.0
2016-03-15,0.0
2016-03-16,0.0
2016-03-17,0.0
2016-03-18,0.0
2016-03-19,0.0
2016-03-20,0.0
2016-03-21,0.0
2016-03-22,0.0
2016-03-23,0.0
2016-03-24,0.0
2016-03-25,0.0
2016-03-26,0.0
2016-03-27,0.0
2016-03-28,0.0
2016-03-29,0.0
2016-03-30,0.0
2016-03-31,0.0
2016-04-01,0.0
2016-04-02,0.0
2016-04-03,0.0
2016-04-04,0.0
2016-04-05,0.0
2016-04-06,0.0
2016-04-07,0.0
2016-04-08,0.0
2016-04-09,0.0
2016-04-10,0.0
2016-04-11,0.0
2016-04-12,0.0
2016-04-13,0.0
2016-04-14,0.0
2016-04-15,0.0
2016-04-16,0.0
2016-04-17,0.0
2016-04-18,0.0
2016-04-19,0.0
2016-04-20,0.0
2016-04-21,0.0
2016-04-22,0.0
2016-04-23,0.0
2016-04-24,0.0
2016-04-25,0.0
2016-04-26,0.0
2016-04-27,0.0
2016-04-28,0.0
2016-04-29,0.0
2016-04-30,0.0
2016-05-01,0.0
2016-05-02,0.0
2016-05-03,0.0
2016-05-04,0.0
2016-05-05,0.0
2016-05-06,0.0
2016-05-07,0.0
2016-05-08,0.0
2016-05-09,0.0
2016-05-10,0.0
2016-05-11,0.0
2016-05-12,0.0
2016-05-13,0.0
2016-05-14,0.0
2016-05-15,0.0
2016-05-16,0.1137661412358284
2016-05-17,31.383092880249023
2016-05-18,16.655834197998047
2016-05-19,18.39372062683105
2016-05-20,0.3407004475593567
2016-05-21,0.0
2016-05-22,0.0
2016-05-23,0.0
2016-05-24,0.0
2016-05-25,0.0
2016-05-26,0.0
2016-05-27,0.0
2016-05-28,43.785118103027344
2016-05-29,0.0
2016-05-30,0.0
2016-05-31,0.0
2016-06-01,0.0
2016-06-02,0.0
2016-06-03,0.0
2016-06-04,0.0
2016-06-05,0.4348315000534057
2016-06-06,0.0
2016-06-07,0.0
2016-06-08,0.0
2016-06-09,0.0
2016-06-10,0.0
2016-06-11,0.0
2016-06-12,0.0
2016-06-13,0.0
2016-06-14,0.0
2016-06-15,0.0
2016-06-16,0.0
2016-06-17,0.0
2016-06-18,0.0
2016-06-19,0.0
2016-06-20,0.0
2016-06-21,4.906294345855713
2016-06-22,29.90289688110352
2016-06-23,23.06157875061035
2016-06-24,3.577049970626831
2016-06-25,0.0
2016-06-26,0.1763011962175369
2016-06-27,0.506865918636322
2016-06-28,0.0
2016-06-29,0.0
2016-06-30,0.0
2016-07-01,0.0
2016-07-02,0.0
2016-07-03,0.0
2016-07-04,0.0
2016-07-05,0.0
2016-07-06,0.0
2016-07-07,6.189969062805176
2016-07-08,2.508018493652344
2016-07-09,0.1953781098127365
2016-07-10,0.0
2016-07-11,0.0
2016-07-12,0.0
2016-07-13,0.0
2016-07-14,0.0
2016-07-15,0.0
2016-07-16,0.0
2016-07-17,0.0
2016-07-18,0.0
2016-07-19,8.955904960632324
2016-07-20,0.0
2016-07-21,1.2183946371078491
2016-07-22,0.0
2016-07-23,0.0
2016-07-24,0.0
2016-07-25,56.702823638916016
2016-07-26,34.57508850097656
2016-07-27,0.0
2016-07-28,0.0
2016-07-29,1.0023905038833618
2016-07-30,0.0
2016-07-31,0.0
2016-08-01,0.0
2016-08-02,0.0
2016-08-03,0.0
2016-08-04,0.0
2016-08-05,0.0
2016-08-06,0.0
2016-08-07,0.0
2016-08-08,0.0
2016-08-09,0.0
2016-08-10,0.876408576965332
2016-08-11,0.0
2016-08-12,0.0
2016-08-13,8.672395706176758
2016-08-14,23.277685165405277
2016-08-15,0.0
2016-08-16,0.0
2016-08-17,0.0
2016-08-18,0.1763011962175369
2016-08-19,0.2001313269138336
2016-08-20,0.8102956414222717
2016-08-21,7.121921539306641
2016-08-22,0.0
2016-08-23,0.4240754246711731
2016-08-24,0.0
2016-08-25,53.807918548583984
2016-08-26,0.0
2016-08-27,3.038183212280273
2016-08-28,0.0
2016-08-29,3.516653060913086
2016-08-30,17.766077041625977
2016-08-31,21.77063369750977
2016-09-01,0.314511090517044
2016-09-02,0.0
2016-09-03,0.0
2016-09-04,0.0
2016-09-05,0.2778525352478027
2016-09-06,0.0
2016-09-07,0.0
2016-09-08,0.0
2016-09-09,0.0
2016-09-10,1.5417451858520508
2016-09-11,2.988976240158081
2016-09-12,0.0
2016-09-13,0.1444356739521026
2016-09-14,5.548619270324707
2016-09-15,1.7319704294204712
2016-09-16,0.0
2016-09-17,0.0
2016-09-18,0.0
2016-09-19,0.0
2016-09-20,1.8466275930404663
2016-09-21,10.969064712524414
2016-09-22,0.6724501252174377
2016-09-23,2.549712896347046
2016-09-24,0.0
2016-09-25,0.0
2016-09-26,0.0
2016-09-27,0.0
2016-09-28,21.548555374145508
2016-09-29,36.96078109741211
2016-09-30,2.906522035598755
2016-10-01,0.9006454348564148
2016-10-02,0.0
2016-10-03,0.0
2016-10-04,0.0
2016-10-05,1.2987017631530762
2016-10-06,0.4187153577804565
2016-10-07,0.0
2016-10-08,0.0
2016-10-09,0.0
2016-10-10,0.0
2016-10-11,4.893121242523193
2016-10-12,0.248372197151184
2016-10-13,39.07851791381836
2016-10-14,0.0
2016-10-15,0.0
2016-10-16,0.0
2016-10-17,0.0
2016-10-18,0.0
2016-10-19,0.0
2016-10-20,0.0
2016-10-21,0.0
2016-10-22,0.0
2016-10-23,0.0
2016-10-24,0.0
2016-10-25,0.0
2016-10-26,0.0
2016-10-27,0.0
2016-10-28,0.0
2016-10-29,0.0
2016-10-30,0.2740058898925781
2016-10-31,1.1206508874893188
2016-11-01,0.7992768287658691
2016-11-02,0.6122916340827942
2016-11-03,11.99875831604004
2016-11-04,0.0
2016-11-05,0.0
2016-11-06,0.0
2016-11-07,0.0
2016-11-08,0.811190128326416
2016-11-09,0.0
2016-11-10,0.0
2016-11-11,0.0
2016-11-12,0.0
2016-11-13,0.3109253942966461
2016-11-14,4.4615654945373535
2016-11-15,0.0
2016-11-16,0.0
2016-11-17,0.243031308054924
2016-11-18,0.0
2016-11-19,0.0
2016-11-20,0.0
2016-11-21,0.0
2016-11-22,0.0
2016-11-23,0.0
2016-11-24,0.0
2016-11-25,0.0
2016-11-26,0.0
2016-11-27,0.0
2016-11-28,0.0
2016-11-29,0.0
2016-11-30,0.0
2016-12-01,0.5420121550559998
2016-12-02,29.92222023010254
2016-12-03,0.8796856999397278
2016-12-04,0.0
2016-12-05,37.1262321472168
2016-12-06,0.0
2016-12-07,0.0
2016-12-08,1.0571821928024292
2016-12-09,0.0
2016-12-10,0.0
2016-12-11,0.0
2016-12-12,1.0229305028915403
2016-12-13,34.58708572387695
2016-12-14,0.8267125487327576
2016-12-15,0.0
2016-12-16,1.3305708169937134
2016-12-17,2.1072475910186768
2016-12-18,0.0
2016-12-19,0.0
2016-12-20,0.0
2016-12-21,0.0
2016-12-22,0.0
2016-12-23,0.0
2016-12-24,0.0
2016-12-25,0.0
2016-12-26,0.0
2016-12-27,0.0
2016-12-28,0.0
2016-12-29,0.0
2016-12-30,0.0
2016-12-31,0.0
2017-01-01,0.0
2017-01-02,0.0
2017-01-03,0.0
2017-01-04,0.0
2017-01-05,0.0
2017-01-06,0.0
2017-01-07,0.0
2017-01-08,0.0
2017-01-09,0.0
2017-01-10,0.0
2017-01-11,0.0
2017-01-12,0.0
2017-01-13,0.0
2017-01-14,0.0
2017-01-15,0.0
2017-01-16,0.1652823686599731
2017-01-17,0.0
2017-01-18,0.0
2017-01-19,0.0
2017-01-20,0.0
2017-01-21,20.94252586364746
2017-01-22,0.0
2017-01-23,0.0
2017-01-24,0.0
2017-01-25,0.0
2017-01-26,0.0
2017-01-27,5.137338638305664
2017-01-28,39.27003479003906
2017-01-29,0.7992768287658691
2017-01-30,0.0
2017-01-31,0.0
2017-02-01,0.0
2017-02-02,0.0
2017-02-03,0.0
2017-02-04,0.0
2017-02-05,0.0
2017-02-06,0.0
2017-02-07,0.0
2017-02-08,0.0
2017-02-09,0.0
2017-02-10,0.0
2017-02-11,0.0
2017-02-12,0.0
2017-02-13,0.0
2017-02-14,0.0
2017-02-15,0.0
2017-02-16,0.0
2017-02-17,0.0
2017-02-18,0.0
2017-02-19,0.0
2017-02-20,0.0
2017-02-21,0.0
2017-02-22,0.0
2017-02-23,0.0
2017-02-24,0.0
2017-02-25,0.0
2017-02-26,0.0
2017-02-27,0.0
2017-02-28,0.0
2017-03-01,0.0
2017-03-02,0.0
2017-03-03,0.0
2017-03-04,0.3743549287319183
2017-03-05,0.0
2017-03-06,0.0
2017-03-07,0.0
2017-03-08,0.3496260344982147
2017-03-09,0.222165435552597
2017-03-10,0.0
2017-03-11,0.0
2017-03-12,0.0
2017-03-13,6.394214630126953
2017-03-14,0.0
2017-03-15,0.0
2017-03-16,0.0
2017-03-17,0.0
2017-03-18,0.0
2017-03-19,0.0
2017-03-20,0.0
2017-03-21,0.0
2017-03-22,0.0
2017-03-23,0.0
2017-03-24,0.0
2017-03-25,0.0
2017-03-26,0.0
2017-03-27,0.0
2017-03-28,0.0
2017-03-29,0.0
2017-03-30,0.0
2017-03-31,0.0
2017-04-01,0.0
2017-04-02,0.0
2017-04-03,0.0
2017-04-04,0.0
2017-04-05,0.0
2017-04-06,0.0
2017-04-07,0.0
2017-04-08,0.0
2017-04-09,0.0
2017-04-10,0.0
2017-04-11,0.0
2017-04-12,0.0
2017-04-13,0.0
2017-04-14,0.0
2017-04-15,0.0
2017-04-16,0.0
2017-04-17,0.0
2017-04-18,0.0
2017-04-19,0.0
2017-04-20,0.0
2017-04-21,0.0
2017-04-22,0.0
2017-04-23,0.0
2017-04-24,0.0
2017-04-25,0.0
2017-04-26,0.0
2017-04-27,0.0
2017-04-28,0.0
2017-04-29,0.0
2017-04-30,0.0
2017-05-01,0.0
2017-05-02,0.0
2017-05-03,0.0
2017-05-04,0.0
2017-05-05,0.0
2017-05-06,0.0
2017-05-07,0.0
2017-05-08,0.0
2017-05-09,0.0
2017-05-10,11.490134239196776
2017-05-11,0.0
2017-05-12,0.7992768287658691
2017-05-13,0.0
2017-05-14,0.0
2017-05-15,0.0
2017-05-16,0.0
2017-05-17,0.0
2017-05-18,0.0
2017-05-19,0.0
2017-05-20,0.0
2017-05-21,0.0
2017-05-22,0.0
2017-05-23,0.0
2017-05-24,0.0
2017-05-25,0.0
2017-05-26,0.0
2017-05-27,32.1044921875
2017-05-28,0.0
2017-05-29,0.0
2017-05-30,0.0
2017-05-31,0.0
2017-06-01,0.0
2017-06-02,0.0
2017-06-03,0.0
2017-06-04,0.0
2017-06-05,0.0
2017-06-06,0.0
2017-06-07,50.93351745605469
2017-06-08,0.0
2017-06-09,0.0
2017-06-10,0.0
2017-06-11,2.6989121437072754
2017-06-12,0.0
2017-06-13,0.0
2017-06-14,0.0
2017-06-15,4.333077430725098
2017-06-16,0.4002505838871002
2017-06-17,0.1072118803858757
2017-06-18,0.0
2017-06-19,0.0
2017-06-20,0.2227669656276703
2017-06-21,8.82665729522705
2017-06-22,0.0
2017-06-23,0.0
2017-06-24,0.6334323287010193
2017-06-25,8.76706314086914
2017-06-26,0.0
2017-06-27,4.191183090209961
2017-06-28,0.0
2017-06-29,0.0
2017-06-30,0.0
2017-07-01,0.0
2017-07-02,0.933917999267578
2017-07-03,0.2888713479042053
2017-07-04,0.0
2017-07-05,0.2108554393053054
2017-07-06,0.1521894633769989
2017-07-07,0.1238983124494552
2017-07-08,0.0
2017-07-09,0.0
2017-07-10,0.0
2017-07-11,0.0
2017-07-12,20.140527725219727
2017-07-13,1.6819407939910889
2017-07-14,0.1072197034955024
2017-07-15,0.0
2017-07-16,0.0
2017-07-17,0.0
2017-07-18,0.0
2017-07-19,0.0
2017-07-20,10.882013320922852
2017-07-21,0.0
2017-07-22,1.5125564336776731
2017-07-23,0.0
2017-07-24,0.0
2017-07-25,0.0
2017-07-26,0.0
2017-07-27,0.0
2017-07-28,0.0
2017-07-29,43.54125213623047
2017-07-30,26.70228385925293
2017-07-31,0.667084276676178
2017-08-01,0.466958999633789
2017-08-02,17.774234771728516
2017-08-03,0.0
2017-08-04,5.434228897094727
2017-08-05,0.0
2017-08-06,6.680704116821289
2017-08-07,0.0
2017-08-08,4.430453300476074
2017-08-09,9.888669967651367
2017-08-10,4.998204231262207
2017-08-11,2.029953718185425
2017-08-12,5.753759384155273
2017-08-13,52.95208358764648
2017-08-14,3.9963841438293457
2017-08-15,1.1239200830459597
2017-08-16,2.477682590484619
2017-08-17,0.1358038038015365
2017-08-18,0.8874273896217346
2017-08-19,0.0
2017-08-20,3.0384862422943115
2017-08-21,6.222219944000244
2017-08-22,0.1334168612957
2017-08-23,1.5527833700180054
2017-08-24,0.0
2017-08-25,16.619915008544922
2017-08-26,0.0
2017-08-27,11.935988426208496
2017-08-28,0.0
2017-08-29,0.0
2017-08-30,0.0
2017-08-31,31.93686294555664
2017-09-01,0.0
2017-09-02,22.102632522583008
2017-09-03,0.0
2017-09-04,0.0
2017-09-05,0.0
2017-09-06,20.108293533325195
2017-09-07,0.0
2017-09-08,0.0
2017-09-09,0.2486832737922668
2017-09-10,0.1212070807814598
2017-09-11,1.198337197303772
2017-09-12,0.0
2017-09-13,0.2424141615629196
2017-09-14,0.0
2017-09-15,0.0
2017-09-16,0.0
2017-09-17,0.9354283213615416
2017-09-18,0.0
2017-09-19,0.0
2017-09-20,0.0
2017-09-21,0.0
2017-09-22,0.0
2017-09-23,0.0
2017-09-24,0.0
2017-09-25,3.479527473449707
2017-09-26,1.1614441871643066
2017-09-27,3.7076950073242183
2017-09-28,4.555103302001953
2017-09-29,0.0
2017-09-30,0.0
2017-10-01,0.0
2017-10-02,0.0
2017-10-03,0.1929833590984344
2017-10-04,23.36490249633789
2017-10-05,16.37996482849121
2017-10-06,40.97298431396485
2017-10-07,0.3305647373199463
2017-10-08,0.9672722220420836
2017-10-09,0.0
2017-10-10,60.44379425048828
2017-10-11,0.2668337225914001
2017-10-12,0.364216685295105
2017-10-13,0.7992768287658691
2017-10-14,0.0
2017-10-15,0.6599968075752258
2017-10-16,0.0
2017-10-17,8.378804206848145
2017-10-18,0.0
2017-10-19,0.0
2017-10-20,0.0
2017-10-21,0.0
2017-10-22,0.0
2017-10-23,29.0208740234375
2017-10-24,0.0
2017-10-25,0.0
2017-10-26,6.362858772277832
2017-10-27,0.0
2017-10-28,32.97373962402344
2017-10-29,1.5985536575317385
2017-10-30,8.07631778717041
2017-10-31,22.02037811279297
2017-11-01,19.20401954650879
2017-11-02,1.7451380491256714
2017-11-03,14.124500274658203
2017-11-04,29.03506088256836
2017-11-05,35.45616149902344
2017-11-06,75.08985137939453
2017-11-07,3.732568740844727
2017-11-08,0.3636212050914764
2017-11-09,0.0
2017-11-10,0.3377127051353454
2017-11-11,43.081573486328125
2017-11-12,0.0
2017-11-13,0.0
2017-11-14,0.0
2017-11-15,0.0
2017-11-16,1.1995636224746704
2017-11-17,1.5985536575317385
2017-11-18,0.0
2017-11-19,0.0
2017-11-20,11.98915195465088
2017-11-21,0.0
2017-11-22,0.1334168612957
2017-11-23,0.0
2017-11-24,0.0
2017-11-25,0.0
2017-11-26,0.8540779948234558
2017-11-27,35.15950393676758
2017-11-28,4.828193187713623
2017-11-29,0.0
2017-11-30,44.15576171875
2017-12-01,35.51519775390625
2017-12-02,97.03001403808594
2017-12-03,0.388938307762146
2017-12-04,0.0
2017-12-05,0.0
2017-12-06,0.0
2017-12-07,0.0
2017-12-08,0.0
2017-12-09,0.0
2017-12-10,0.0
2017-12-11,0.0
2017-12-12,0.0
2017-12-13,0.0
2017-12-14,0.0
2017-12-15,0.0
2017-12-16,0.0
2017-12-17,0.0
2017-12-18,0.0
2017-12-19,0.0
2017-12-20,0.0
2017-12-21,0.0
2017-12-22,0.3275883793830871
2017-12-23,0.0
2017-12-24,0.0
2017-12-25,0.0
2017-12-26,0.0
2017-12-27,0.0
2017-12-28,0.0
2017-12-29,0.0
2017-12-30,0.0
2017-12-31,0.0
2018-01-01,0.0
2018-01-02,0.0
2018-01-03,0.0
2018-01-04,0.0
2018-01-05,0.0
2018-01-06,0.0
2018-01-07,0.0
2018-01-08,0.0
2018-01-09,0.0
2018-01-10,0.2364770472049713
2018-01-11,0.1048292145133018
2018-01-12,0.0
2018-01-13,0.0
2018-01-14,0.0
2018-01-15,0.0
2018-01-16,0.0
2018-01-17,0.0
2018-01-18,0.0
2018-01-19,0.0
2018-01-20,0.0
2018-01-21,0.0
2018-01-22,0.0
2018-01-23,0.0
2018-01-24,0.0
2018-01-25,0.0
2018-01-26,0.0
2018-01-27,0.0
2018-01-28,0.0
2018-01-29,0.0
2018-01-30,0.0
2018-01-31,0.0
2018-02-01,0.0
2018-02-02,0.0
2018-02-03,0.0
2018-02-04,0.0
2018-02-05,0.0
2018-02-06,0.0
2018-02-07,0.0
2018-02-08,0.1334168612957
2018-02-09,0.0
2018-02-10,0.0
2018-02-11,0.0
2018-02-12,0.0
2018-02-13,0.0
2018-02-14,0.0
2018-02-15,0.0
2018-02-16,0.0
2018-02-17,0.0
2018-02-18,0.0
2018-02-19,0.0
2018-02-20,0.0
2018-02-21,0.0
2018-02-22,0.0
2018-02-23,0.0
2018-02-24,0.0
2018-02-25,0.0
2018-02-26,0.0
2018-02-27,0.0
2018-02-28,0.0
2018-03-01,0.0
2018-03-02,0.0
2018-03-03,0.0
2018-03-04,0.0
2018-03-05,0.0
2018-03-06,0.0
2018-03-07,0.0
2018-03-08,0.0
2018-03-09,0.0
2018-03-10,0.0
2018-03-11,0.0
2018-03-12,0.0
2018-03-13,0.0
2018-03-14,0.0
2018-03-15,0.0
2018-03-16,0.0
2018-03-17,18.68798446655273
2018-03-18,0.0
2018-03-19,0.0
2018-03-20,0.0
2018-03-21,0.0
2018-03-22,0.0
2018-03-23,0.0
2018-03-24,0.0
2018-03-25,0.0
2018-03-26,0.0
2018-03-27,0.0
2018-03-28,0.0
2018-03-29,0.0
2018-03-30,0.0
2018-03-31,0.0
2018-04-01,0.0
2018-04-02,0.0
2018-04-03,0.0
2018-04-04,0.0
2018-04-05,0.0
2018-04-06,0.0
2018-04-07,0.0
2018-04-08,0.0
2018-04-09,0.0
2018-04-10,0.0
2018-04-11,0.0
2018-04-12,0.0
2018-04-13,0.1212070807814598
2018-04-14,0.0
2018-04-15,0.1763168275356292
2018-04-16,0.0
2018-04-17,0.0
2018-04-18,0.0
2018-04-19,0.0
2018-04-20,0.0
2018-04-21,0.0
2018-04-22,0.0
2018-04-23,0.0
2018-04-24,0.0
2018-04-25,0.0
2018-04-26,0.0
2018-04-27,0.0
2018-04-28,0.0
2018-04-29,0.0
2018-04-30,0.0
2018-05-01,0.0
2018-05-02,26.09630012512207
2018-05-03,0.0
2018-05-04,0.0
2018-05-05,0.0
2018-05-06,0.0
2018-05-07,0.0
2018-05-08,0.0
2018-05-09,0.2668337225914001
2018-05-10,0.0
2018-05-11,0.0
2018-05-12,0.0
2018-05-13,0.0
2018-05-14,0.0
2018-05-15,0.0
2018-05-16,0.0
2018-05-17,0.0
2018-05-18,0.0
2018-05-19,0.0
2018-05-20,0.0
2018-05-21,0.0
2018-05-22,0.0
2018-05-23,0.0
2018-05-24,0.0
2018-05-25,0.0
2018-05-26,0.0
2018-05-27,0.0
2018-05-28,0.0
2018-05-29,0.0
2018-05-30,0.0
2018-05-31,0.0
2018-06-01,0.0
2018-06-02,0.0
2018-06-03,0.2668337225914001
2018-06-04,1.1679954528808594
2018-06-05,17.569849014282227
2018-06-06,0.0
2018-06-07,19.87192726135254
2018-06-08,19.123767852783203
2018-06-09,0.0
2018-06-10,0.0
2018-06-11,0.0
2018-06-12,0.0
2018-06-13,0.0
2018-06-14,0.3668963611125946
2018-06-15,0.0
2018-06-16,0.0
2018-06-17,0.0
2018-06-18,0.3594652414321899
2018-06-19,1.0869572162628174
2018-06-20,0.0
2018-06-21,0.0
2018-06-22,0.0
2018-06-23,0.0
2018-06-24,0.1548590213060379
2018-06-25,0.3073631227016449
2018-06-26,0.2215873748064041
2018-06-27,0.0
2018-06-28,8.598957061767578
2018-06-29,0.0
2018-06-30,0.0
2018-07-01,0.0
2018-07-02,2.5235743522644043
2018-07-03,0.4002505838871002
2018-07-04,0.0
2018-07-05,0.0
2018-07-06,0.0
2018-07-07,0.0
2018-07-08,0.0
2018-07-09,0.0
2018-07-10,0.1101882457733154
2018-07-11,0.0
2018-07-12,0.0
2018-07-13,0.0
2018-07-14,0.0
2018-07-15,0.0
2018-07-16,0.0
2018-07-17,0.0
2018-07-18,0.1191329956054687
2018-07-19,0.0
2018-07-20,0.4931871592998504
2018-07-21,0.0
2018-07-22,0.0
2018-07-23,0.0
2018-07-24,0.0
2018-07-25,0.0
2018-07-26,2.880349636077881
2018-07-27,0.0
2018-07-28,0.0
2018-07-29,0.0
2018-07-30,0.0
2018-07-31,0.1167503371834755
2018-08-01,1.544421911239624
2018-08-02,2.3978302478790283
2018-08-03,2.073293685913086
2018-08-04,0.0
2018-08-05,2.193570137023926
2018-08-06,0.0
2018-08-07,0.1101882457733154
2018-08-08,0.0
2018-08-09,5.005384922027588
2018-08-10,3.984209060668945
2018-08-11,2.3978302478790283
2018-08-12,0.1554545164108276
2018-08-13,0.0
2018-08-14,0.4690597653388977
2018-08-15,0.0
2018-08-16,16.99500274658203
2018-08-17,0.0
2018-08-18,0.0
2018-08-19,0.0
2018-08-20,0.0
2018-08-21,0.0
2018-08-22,0.0
2018-08-23,0.0
2018-08-24,6.361973762512207
2018-08-25,0.0
2018-08-26,10.949390411376951
2018-08-27,0.0
2018-08-28,7.095391273498535
2018-08-29,0.0
2018-08-30,6.173013687133789
2018-08-31,38.243499755859375
2018-09-01,17.476011276245117
2018-09-02,7.021463394165039
2018-09-03,0.0
2018-09-04,0.0
2018-09-05,0.1090008243918418
2018-09-06,0.0
2018-09-07,0.0
2018-09-08,0.0
2018-09-09,0.0
2018-09-10,0.0
2018-09-11,0.0
2018-09-12,0.0
2018-09-13,0.0
2018-09-14,0.0
2018-09-15,0.456537127494812
2018-09-16,44.08552932739258
2018-09-17,5.6962666511535645
2018-09-18,0.0
2018-09-19,35.46248245239258
2018-09-20,0.0
2018-09-21,1.5985536575317385
2018-09-22,0.0
2018-09-23,0.0
2018-09-24,0.0
2018-09-25,0.0
2018-09-26,0.0
2018-09-27,0.0
2018-09-28,0.0
2018-09-29,0.8719748854637146
2018-09-30,0.0
2018-10-01,0.65011066198349
2018-10-02,0.0
2018-10-03,1.5837501287460327
2018-10-04,30.800142288208008
2018-10-05,68.72539520263672
2018-10-06,56.2730827331543
2018-10-07,0.6772257685661316
2018-10-08,0.1477128267288208
2018-10-09,1.857763767242432
2018-10-10,0.0
2018-10-11,0.0
2018-10-12,0.0
2018-10-13,0.0
2018-10-14,0.0
2018-10-15,0.0
2018-10-16,0.0
2018-10-17,2.1408579349517822
2018-10-18,16.222028732299805
2018-10-19,0.0
2018-10-20,0.1334168612957
2018-10-21,4.073371410369873
2018-10-22,72.00804901123047
2018-10-23,0.0
2018-10-24,0.0
2018-10-25,0.0
2018-10-26,0.0
2018-10-27,0.0
2018-10-28,0.0
2018-10-29,0.0
2018-10-30,0.0
2018-10-31,0.0
2018-11-01,2.875198602676392
2018-11-02,15.487014770507812
2018-11-03,19.196548461914062
2018-11-04,0.0
2018-11-05,0.2209858447313308
2018-11-06,0.0
2018-11-07,0.0
2018-11-08,0.0
2018-11-09,13.117326736450195
2018-11-10,0.0
2018-11-11,0.0
2018-11-12,0.0
2018-11-13,0.0
2018-11-14,0.0
2018-11-15,0.0
2018-11-16,39.1982536315918
2018-11-17,13.791476249694824
2018-11-18,0.0
2018-11-19,0.2692405581474304
2018-11-20,4.5711774826049805
2018-11-21,7.3679280281066895
2018-11-22,100.40086364746094
2018-11-23,68.39874267578125
2018-11-24,1.9896386861801147
2018-11-25,0.0
2018-11-26,0.0
2018-11-27,0.0
2018-11-28,0.0
2018-11-29,1.9381805658340452
2018-11-30,15.405801773071287
2018-12-01,0.0
2018-12-02,0.0
2018-12-03,0.0
2018-12-04,0.6272012591362
2018-12-05,0.3478683531284332
2018-12-06,3.277287244796753
2018-12-07,0.0
2018-12-08,0.0
2018-12-09,0.0
2018-12-10,0.0
2018-12-11,0.0
2018-12-12,0.0
2018-12-13,0.0
2018-12-14,0.0
2018-12-15,0.0
2018-12-16,0.0
2018-12-17,0.0
2018-12-18,0.0
2018-12-19,0.0
2018-12-20,0.0
2018-12-21,0.0
2018-12-22,0.0
2018-12-23,13.384474754333496
2018-12-24,15.221006393432615
2018-12-25,0.0
2018-12-26,0.0
2018-12-27,0.0
2018-12-28,0.0
2018-12-29,0.0
2018-12-30,0.0
2018-12-31,0.0
2019-01-01,0.0
2019-01-02,0.0
2019-01-03,0.0
2019-01-04,0.0
2019-01-05,0.0
2019-01-06,0.0
2019-01-07,0.0
2019-01-08,0.0
2019-01-09,0.0
2019-01-10,0.0
2019-01-11,0.0
2019-01-12,0.0
2019-01-13,0.0
2019-01-14,0.0
2019-01-15,0.0
2019-01-16,0.0
2019-01-17,0.0
2019-01-18,0.0
2019-01-19,0.0
2019-01-20,0.0
2019-01-21,0.0
2019-01-22,0.0
2019-01-23,0.0
2019-01-24,0.0
2019-01-25,0.0
2019-01-26,0.0
2019-01-27,0.0
2019-01-28,0.0
2019-01-29,0.0
2019-01-30,0.0
2019-01-31,0.0
2019-02-01,0.0
2019-02-02,0.0
2019-02-03,0.0
2019-02-04,0.0
2019-02-05,0.0
2019-02-06,0.0
2019-02-07,0.0
2019-02-08,0.0
2019-02-09,0.0
2019-02-10,0.0
2019-02-11,0.0
2019-02-12,0.0
2019-02-13,0.0
2019-02-14,0.0
2019-02-15,0.0
2019-02-16,0.0
2019-02-17,0.0
2019-02-18,0.0
2019-02-19,0.0
2019-02-20,0.0
2019-02-21,0.0
2019-02-22,0.0
2019-02-23,0.0
2019-02-24,0.0
2019-02-25,0.0
2019-02-26,0.0
2019-02-27,0.0
2019-02-28,0.0
2019-03-01,0.0
2019-03-02,0.0
2019-03-03,0.0
2019-03-04,0.0
2019-03-05,0.0
2019-03-06,0.0
2019-03-07,0.0
2019-03-08,0.0
2019-03-09,0.0
2019-03-10,0.0
2019-03-11,0.0
2019-03-12,0.0
2019-03-13,0.0
2019-03-14,0.0
2019-03-15,0.0
2019-03-16,0.0
2019-03-17,0.0
2019-03-18,0.0
2019-03-19,0.0
2019-03-20,0.0
2019-03-21,0.0
2019-03-22,0.0
2019-03-23,0.0
2019-03-24,0.0
2019-03-25,0.0
2019-03-26,0.0
2019-03-27,0.0
2019-03-28,0.0
2019-03-29,0.0
2019-03-30,0.0
2019-03-31,0.0
2019-04-01,0.0
2019-04-02,0.0
2019-04-03,0.0
2019-04-04,0.0
2019-04-05,0.0
2019-04-06,0.0
2019-04-07,0.0
2019-04-08,0.0
2019-04-09,0.0
2019-04-10,0.0
2019-04-11,0.0
2019-04-12,0.0
2019-04-13,0.0
2019-04-14,0.0
2019-04-15,0.0
2019-04-16,0.0
2019-04-17,0.0
2019-04-18,0.0
2019-04-19,0.0
2019-04-20,0.0
2019-04-21,0.0
2019-04-22,0.0
2019-04-23,0.0
2019-04-24,0.0
2019-04-25,0.0
2019-04-26,0.0
2019-04-27,0.0
2019-04-28,0.0
2019-04-29,0.0
2019-04-30,0.0
2019-05-01,0.0
2019-05-02,24.93195343017578
2019-05-03,0.0
2019-05-04,0.0
2019-05-05,0.0
2019-05-06,0.0
2019-05-07,0.0
2019-05-08,0.0
2019-05-09,2.668337106704712
2019-05-10,0.0
2019-05-11,0.0
2019-05-12,0.0
2019-05-13,0.0
2019-05-14,0.0
2019-05-15,0.0
2019-05-16,0.0
2019-05-17,0.0
2019-05-18,0.0
2019-05-19,0.0
2019-05-20,0.0
2019-05-21,0.0
2019-05-22,0.0
2019-05-23,0.0
2019-05-24,0.0
2019-05-25,0.0
2019-05-26,0.0
2019-05-27,0.0
2019-05-28,0.0
2019-05-29,0.0
2019-05-30,0.0
2019-05-31,0.0
2019-06-01,0.0
2019-06-02,0.0
2019-06-03,0.0
2019-06-04,0.0
2019-06-05,0.0
2019-06-06,0.0
2019-06-07,0.0
2019-06-08,0.0
2019-06-09,0.0
2019-06-10,0.0
2019-06-11,0.0
2019-06-12,0.0
2019-06-13,0.0
2019-06-14,0.8180785179138184
2019-06-15,0.0
2019-06-16,0.0
2019-06-17,0.0
2019-06-18,0.0
2019-06-19,0.0
2019-06-20,0.0
2019-06-21,0.0
2019-06-22,0.0
2019-06-23,0.0
2019-06-24,2.5217864513397217
2019-06-25,0.4479400217533111
2019-06-26,0.0
2019-06-27,0.9902055263519288
2019-06-28,0.0
2019-06-29,0.0
2019-06-30,0.0
2019-07-01,0.0
2019-07-02,0.0
2019-07-03,0.0
2019-07-04,0.0
2019-07-05,0.0
2019-07-06,0.0
2019-07-07,0.0
2019-07-08,0.0
2019-07-09,0.0
2019-07-10,3.810139417648315
2019-07-11,5.120937347412109
2019-07-12,1.4258999824523926
2019-07-13,43.18705749511719
2019-07-14,0.0
2019-07-15,0.0
2019-07-16,0.0
2019-07-17,0.0
2019-07-18,0.0
2019-07-19,17.35397720336914
2019-07-20,0.1101882457733154
2019-07-21,0.0
2019-07-22,0.0
2019-07-23,0.8898100852966309
2019-07-24,0.0
2019-07-25,2.841665983200073
2019-07-26,9.235777854919434
2019-07-27,0.4297341704368591
2019-07-28,0.0
2019-07-29,3.0947060585021973
2019-07-30,6.715912342071533
2019-07-31,0.0
2019-08-01,0.0
2019-08-02,0.0
2019-08-03,0.0
2019-08-04,0.0
2019-08-05,0.0
2019-08-06,2.1560800075531006
2019-08-07,0.0
2019-08-08,0.2811321914196014
2019-08-09,0.0
2019-08-10,0.0
2019-08-11,0.0
2019-08-12,0.0
2019-08-13,0.0
2019-08-14,0.0
2019-08-15,0.4633861184120178
2019-08-16,0.0
2019-08-17,48.27914810180664
2019-08-18,14.238869667053224
2019-08-19,50.7077751159668
2019-08-20,0.3731831014156341
2019-08-21,1.8070871829986568
2019-08-22,57.36490631103516
2019-08-23,0.0
2019-08-24,0.2001252919435501
2019-08-25,0.0
2019-08-26,0.0
2019-08-27,0.0
2019-08-28,0.0
2019-08-29,0.0
2019-08-30,0.0
2019-08-31,0.132225900888443
2019-09-01,0.0
2019-09-02,0.0
2019-09-03,0.1596303880214691
2019-09-04,6.82904577255249
2019-09-05,7.1281046867370605
2019-09-06,0.0
2019-09-07,3.019982099533081
2019-09-08,0.0
2019-09-09,0.0
2019-09-10,0.0
2019-09-11,13.086392402648926
2019-09-12,9.26112174987793
2019-09-13,0.4952647686004638
2019-09-14,29.097137451171875
2019-09-15,27.98516273498535
2019-09-16,1.5985536575317385
2019-09-17,10.255474090576172
2019-09-18,6.587765693664551
2019-09-19,0.0
2019-09-20,0.0
2019-09-21,0.0
2019-09-22,0.7401658296585083
2019-09-23,0.0
2019-09-24,0.8086016178131104
2019-09-25,0.0
2019-09-26,3.637941598892212
2019-09-27,0.0
2019-09-28,0.0
2019-09-29,0.4958471059799194
2019-09-30,1.0545345544815063
2019-10-01,0.0
2019-10-02,0.0
2019-10-03,0.0
2019-10-04,0.0
2019-10-05,0.0
2019-10-06,0.0
2019-10-07,0.0
2019-10-08,0.0
2019-10-09,0.0
2019-10-10,0.0
2019-10-11,0.0
2019-10-12,2.157252311706543
2019-10-13,0.0
2019-10-14,0.0
2019-10-15,7.366348743438721
2019-10-16,9.272427558898926
2019-10-17,10.178460121154783
2019-10-18,1.2079105377197266
2019-10-19,0.3156750500202179
2019-10-20,2.5980958938598637
2019-10-21,20.760290145874023
2019-10-22,0.5613681674003601
2019-10-23,6.003619194030762
2019-10-24,22.71196746826172
2019-10-25,0.0
2019-10-26,0.4848283231258392
2019-10-27,0.0
2019-10-28,1.8577558994293213
2019-10-29,44.8429069519043
2019-10-30,61.58589172363281
2019-10-31,40.17879486083984
2019-11-01,4.902623653411865
2019-11-02,1.3008143901824951
2019-11-03,0.2424141615629196
2019-11-04,0.7671469449996948
2019-11-05,0.0
2019-11-06,0.0
2019-11-07,0.0
2019-11-08,0.0
2019-11-09,0.0
2019-11-10,0.0
2019-11-11,0.0
2019-11-12,0.0
2019-11-13,0.0
2019-11-14,1.241881251335144
2019-11-15,4.406850814819336
2019-11-16,8.631922721862793
2019-11-17,0.808901309967041
2019-11-18,0.0
2019-11-19,1.5106064081192017
2019-11-20,6.847060680389404
2019-11-21,4.038123607635498
2019-11-22,12.475738525390623
2019-11-23,17.537824630737305
2019-11-24,0.0
2019-11-25,0.1084071174263954
2019-11-26,0.0
2019-11-27,15.990949630737305
2019-11-28,38.496917724609375
2019-11-29,18.46390151977539
2019-11-30,6.29248046875
2019-12-01,93.06277465820312
2019-12-02,29.12032127380371
2019-12-03,2.4724678993225098
2019-12-04,1.6646665334701538
2019-12-05,0.262963593006134
2019-12-06,0.0
2019-12-07,0.0
2019-12-08,0.1611185669898986
2019-12-09,0.0
2019-12-10,0.0
2019-12-11,0.0
2019-12-12,0.0
2019-12-13,0.4109736084938049
2019-12-14,9.410674095153809
2019-12-15,4.3072428703308105
2019-12-16,0.0
2019-12-17,0.0
2019-12-18,0.0
2019-12-19,0.132225900888443
2019-12-20,0.0
2019-12-21,0.0
2019-12-22,0.0
2019-12-23,0.0
2019-12-24,0.0
2019-12-25,6.185886383056641
2019-12-26,0.0
2019-12-27,0.0
2019-12-28,0.0
2019-12-29,0.0
2019-12-30,0.0
2019-12-31,19.25790405273437
2020-01-01,0.0
2020-01-02,1.212680101394653
2020-01-03,0.0
2020-01-04,0.0
2020-01-05,0.0
2020-01-06,0.2352739721536636
2020-01-07,1.1620270013809204
2020-01-08,0.0
2020-01-09,0.0
2020-01-10,0.0
2020-01-11,0.0
2020-01-12,0.0
2020-01-13,0.0
2020-01-14,0.0
2020-01-15,0.0
2020-01-16,0.0
2020-01-17,0.0
2020-01-18,0.4627906382083893
2020-01-19,5.7315354347229
2020-01-20,0.0
2020-01-21,0.0
2020-01-22,0.0
2020-01-23,0.0
2020-01-24,0.0
2020-01-25,0.0
2020-01-26,0.0
2020-01-27,0.0
2020-01-28,0.0
2020-01-29,0.0
2020-01-30,0.0
2020-01-31,0.0
2020-02-01,0.0
2020-02-02,0.0
2020-02-03,0.0
2020-02-04,0.0
2020-02-05,0.0
2020-02-06,0.0
2020-02-07,0.0
2020-02-08,0.0
2020-02-09,0.0
2020-02-10,0.1101882457733154
2020-02-11,0.1840507090091705
2020-02-12,0.2555226683616638
2020-02-13,0.0
2020-02-14,0.0
2020-02-15,0.0
2020-02-16,0.0
2020-02-17,0.0
2020-02-18,0.0
2020-02-19,0.0
2020-02-20,0.0
2020-02-21,0.0
2020-02-22,0.0
2020-02-23,0.0
2020-02-24,0.0
2020-02-25,0.0
2020-02-26,0.0
2020-02-27,0.0
2020-02-28,0.0
2020-02-29,0.1542635411024093
2020-03-01,0.0
2020-03-02,0.0
2020-03-03,0.0
2020-03-04,0.0
2020-03-05,0.0
2020-03-06,0.0
2020-03-07,0.0
2020-03-08,0.0
2020-03-09,0.0
2020-03-10,0.0
2020-03-11,0.0
2020-03-12,0.0
2020-03-13,0.0
2020-03-14,0.0
2020-03-15,0.0
2020-03-16,0.0
2020-03-17,0.0
2020-03-18,0.0
2020-03-19,0.0
2020-03-20,0.0
2020-03-21,0.0
2020-03-22,0.0
2020-03-23,0.0
2020-03-24,0.0
2020-03-25,0.0
2020-03-26,0.0
2020-03-27,0.0
2020-03-28,0.0
2020-03-29,0.0
2020-03-30,0.0
2020-03-31,0.0
2020-04-01,0.0
2020-04-02,0.0
2020-04-03,0.0
2020-04-04,0.0
2020-04-05,0.0
2020-04-06,0.0
2020-04-07,0.0
2020-04-08,0.0
2020-04-09,0.0
2020-04-10,0.0
2020-04-11,0.0
2020-04-12,0.0
2020-04-13,0.0
2020-04-14,0.0
2020-04-15,0.0
2020-04-16,0.0
2020-04-17,0.0
2020-04-18,0.0
2020-04-19,0.0
2020-04-20,0.0
2020-04-21,0.0
2020-04-22,0.0
2020-04-23,0.0
2020-04-24,0.0
2020-04-25,0.0
2020-04-26,0.1763011962175369
2020-04-27,3.0974926948547363
2020-04-28,0.0
2020-04-29,0.0
2020-04-30,0.0
2020-05-01,0.0
2020-05-02,0.0
2020-05-03,0.0
2020-05-04,0.0
2020-05-05,0.0
2020-05-06,0.0
2020-05-07,0.0
2020-05-08,0.0
2020-05-09,0.0
2020-05-10,0.0
2020-05-11,0.0
2020-05-12,0.1048370450735092
2020-05-13,0.2864894270896911
2020-05-14,0.0
2020-05-15,0.0
2020-05-16,0.0
2020-05-17,0.0
2020-05-18,0.0
2020-05-19,2.878526210784912
2020-05-20,0.0
2020-05-21,0.0
2020-05-22,0.0
2020-05-23,0.0
2020-05-24,0.0
2020-05-25,0.0
2020-05-26,0.0
2020-05-27,0.0
2020-05-28,0.0
2020-05-29,0.0
2020-05-30,0.0
2020-05-31,0.0
2020-06-01,0.0
2020-06-02,0.0
2020-06-03,0.0
2020-06-04,0.0
2020-06-05,0.0
2020-06-06,1.248435616493225
2020-06-07,0.0
2020-06-08,0.0
2020-06-09,0.0
2020-06-10,0.1763011962175369
2020-06-11,0.0
2020-06-12,0.285150945186615
2020-06-13,0.0
2020-06-14,0.0
2020-06-15,0.0
2020-06-16,0.0
2020-06-17,0.2876803874969482
2020-06-18,0.0
2020-06-19,0.0
2020-06-20,0.0
2020-06-21,0.0
2020-06-22,0.0
2020-06-23,4.4380316734313965
2020-06-24,10.43067455291748
2020-06-25,0.0
2020-06-26,0.0
2020-06-27,0.0
2020-06-28,0.0
2020-06-29,0.0
2020-06-30,3.2132232189178467
2020-07-01,0.4431349337100982
2020-07-02,0.0
2020-07-03,6.572702407836914
2020-07-04,0.0
2020-07-05,0.0
2020-07-06,0.0
2020-07-07,2.5998423099517822
2020-07-08,1.8300164937973025
2020-07-09,0.9255812764167786
2020-07-10,12.427846908569336
2020-07-11,0.0
2020-07-12,0.0
2020-07-13,4.547325134277344
2020-07-14,0.0
2020-07-15,0.0
2020-07-16,0.9851242303848268
2020-07-17,0.0
2020-07-18,0.0
2020-07-19,0.0
2020-07-20,0.0
2020-07-21,0.0
2020-07-22,0.0
2020-07-23,0.0
2020-07-24,0.0
2020-07-25,0.0
2020-07-26,0.7939529418945312
2020-07-27,1.262067437171936
2020-07-28,0.0
2020-07-29,5.155494213104248
2020-07-30,1.899338960647583
2020-07-31,4.30180025100708
2020-08-01,0.4002505838871002
2020-08-02,2.8446710109710693
2020-08-03,5.076493740081787
2020-08-04,0.0
2020-08-05,0.0
2020-08-06,0.0
2020-08-07,0.0
2020-08-08,0.0
2020-08-09,30.67694664001465
2020-08-10,0.4133641123771667
2020-08-11,0.0
2020-08-12,0.0
2020-08-13,0.0
2020-08-14,0.0
2020-08-15,0.0
2020-08-16,0.0
2020-08-17,0.0
2020-08-18,0.1101882457733154
2020-08-19,0.0
2020-08-20,0.0
2020-08-21,0.0
2020-08-22,0.0
2020-08-23,0.0
2020-08-24,0.0
2020-08-25,6.416252136230469
2020-08-26,1.615349531173706
2020-08-27,1.200751781463623
2020-08-28,2.1883294582366943
2020-08-29,0.0
2020-08-30,0.0
2020-08-31,0.0
2020-09-01,0.0
2020-09-02,9.536137580871582
2020-09-03,0.0
2020-09-04,0.0
2020-09-05,0.0
2020-09-06,0.3085270822048187
2020-09-07,0.0
2020-09-08,8.216784477233887
2020-09-09,0.0
2020-09-10,9.49872875213623
2020-09-11,0.6611294746398926
2020-09-12,0.0
2020-09-13,1.6977230310440063
2020-09-14,2.6087465286254883
2020-09-15,0.0
2020-09-16,0.0
2020-09-17,0.0
2020-09-18,0.0
2020-09-19,0.8323332667350769
2020-09-20,0.0
2020-09-21,0.0
2020-09-22,0.0
2020-09-23,0.0
2020-09-24,0.0
2020-09-25,0.0
2020-09-26,8.437494277954102
2020-09-27,0.0
2020-09-28,6.042318820953369
2020-09-29,31.514434814453125
2020-09-30,17.24912452697754
2020-10-01,76.08892059326172
2020-10-02,0.0
2020-10-03,6.0483479499816895
2020-10-04,0.7713177800178528
2020-10-05,0.0
2020-10-06,0.0
2020-10-07,20.404762268066406
2020-10-08,2.799449920654297
2020-10-09,0.0
2020-10-10,4.873387813568115
2020-10-11,1.829948902130127
2020-10-12,0.0
2020-10-13,0.0
2020-10-14,0.0
2020-10-15,0.0
2020-10-16,0.0
2020-10-17,0.0
2020-10-18,62.96289825439453
2020-10-19,2.523802757263184
2020-10-20,21.80084991455078
2020-10-21,0.1347224712371826
2020-10-22,11.621596336364746
2020-10-23,28.9571475982666
2020-10-24,0.0
2020-10-25,0.0
2020-10-26,0.0
2020-10-27,0.1542635411024093
2020-10-28,0.0
2020-10-29,0.0
2020-10-30,21.61383056640625
2020-10-31,0.0
2020-11-01,0.0
2020-11-02,0.0
2020-11-03,0.0
2020-11-04,0.2424141615629196
2020-11-05,0.5980241894721985
2020-11-06,1.8463345766067505
2020-11-07,0.8824005126953125
2020-11-08,3.062631607055664
2020-11-09,0.0
2020-11-10,0.0
2020-11-11,0.0
2020-11-12,0.0
2020-11-13,17.951763153076172
2020-11-14,45.540714263916016
2020-11-15,2.9079830646514893
2020-11-16,50.57566452026367
2020-11-17,41.990943908691406
2020-11-18,0.467001348733902
2020-11-19,0.0
2020-11-20,0.0
2020-11-21,0.0
2020-11-22,0.0
2020-11-23,0.0
2020-11-24,0.4842501878738403
2020-11-25,18.095895767211918
2020-11-26,167.99981689453125
2020-11-27,0.0
2020-11-28,2.3347949981689453
2020-11-29,0.0
2020-11-30,0.0
2020-12-01,0.466958999633789
2020-12-02,0.2480739206075668
2020-12-03,69.57648468017578
2020-12-04,94.92707824707033
2020-12-05,39.0930061340332
2020-12-06,13.987857818603516
2020-12-07,9.068488121032717
2020-12-08,28.50008773803711
2020-12-09,9.153626441955566
2020-12-10,0.461014837026596
2020-12-11,0.0
2020-12-12,0.0
2020-12-13,0.0
2020-12-14,0.0
2020-12-15,0.0
2020-12-16,6.879554748535156
2020-12-17,79.61274719238281
2020-12-18,34.22381591796875
2020-12-19,1.2442718744277954
2020-12-20,0.0
2020-12-21,0.0
2020-12-22,0.0
2020-12-23,0.0
2020-12-24,0.0
2020-12-25,0.0
2020-12-26,0.0
2020-12-27,0.0
2020-12-28,0.0
2020-12-29,0.0
2020-12-30,0.0
2020-12-31,20.240209579467773
2021-01-01,0.2001252919435501
2021-01-02,0.1798790991306305
2021-01-03,3.199873924255371
2021-01-04,15.01960563659668
2021-01-05,8.696199417114258
2021-01-06,27.001787185668945
2021-01-07,59.745399475097656
2021-01-08,0.0
2021-01-09,1.9046998023986816
2021-01-10,0.1101882457733154
2021-01-11,1.0652793645858765
2021-01-12,0.2492692023515701
2021-01-13,6.313266277313232
2021-01-14,0.0
2021-01-15,8.454782485961914
2021-01-16,0.0
2021-01-17,0.0
2021-01-18,0.0
2021-01-19,0.0
2021-01-20,0.0
2021-01-21,0.0
2021-01-22,0.0
2021-01-23,0.0
2021-01-24,0.0
2021-01-25,0.0
2021-01-26,0.0
2021-01-27,0.0
2021-01-28,0.0
2021-01-29,0.0
2021-01-30,0.0
2021-01-31,0.0
2021-02-01,0.0
2021-02-02,0.0
2021-02-03,0.0
2021-02-04,0.0
2021-02-05,0.0
2021-02-06,0.0
2021-02-07,0.0
2021-02-08,0.0
2021-02-09,0.0
2021-02-10,0.0
2021-02-11,0.0
2021-02-12,0.0
2021-02-13,0.0
2021-02-14,0.0
2021-02-15,0.0
2021-02-16,0.0
2021-02-17,0.0
2021-02-18,0.0
2021-02-19,0.0
2021-02-20,1.963961362838745
2021-02-21,62.61193084716797
2021-02-22,45.6397705078125
2021-02-23,0.0
2021-02-24,0.0
2021-02-25,0.0
2021-02-26,0.0
2021-02-27,0.0
2021-02-28,0.0
2021-03-01,0.0
2021-03-02,0.0
2021-03-03,0.0
2021-03-04,0.0
2021-03-05,0.0
2021-03-06,0.0
2021-03-07,0.0
2021-03-08,0.0
2021-03-09,0.0
2021-03-10,0.0
2021-03-11,0.0
2021-03-12,0.0
2021-03-13,0.0
2021-03-14,0.0
2021-03-15,0.0
2021-03-16,0.0
2021-03-17,0.0
2021-03-18,0.0
2021-03-19,0.0
2021-03-20,0.0
2021-03-21,0.0
2021-03-22,0.0
2021-03-23,0.0
2021-03-24,0.0
2021-03-25,0.0
2021-03-26,0.0
2021-03-27,0.0
2021-03-28,0.0
2021-03-29,0.0
2021-03-30,0.0
2021-03-31,0.0
2021-04-01,0.0
2021-04-02,0.0
2021-04-03,0.0
2021-04-04,0.0
2021-04-05,0.0
2021-04-06,0.0
2021-04-07,0.0
2021-04-08,0.0
2021-04-09,0.0
2021-04-10,0.0
2021-04-11,0.2313953191041946
2021-04-12,0.0
2021-04-13,0.2001252919435501
2021-04-14,0.0
2021-04-15,0.9755780100822448
2021-04-16,0.0
2021-04-17,0.0
2021-04-18,0.0
2021-04-19,0.0
2021-04-20,0.0
2021-04-21,0.0
2021-04-22,0.0
2021-04-23,0.0
2021-04-24,0.0
2021-04-25,0.0
2021-04-26,0.0
2021-04-27,0.0
2021-04-28,0.0
2021-04-29,0.0
2021-04-30,0.0
2021-05-01,0.0
2021-05-02,0.0
2021-05-03,0.0
2021-05-04,0.3526023924350738
2021-05-05,0.0
2021-05-06,0.0
2021-05-07,0.0
2021-05-08,0.0
2021-05-09,0.0
2021-05-10,0.0
2021-05-11,0.0
2021-05-12,0.0
2021-05-13,0.0
2021-05-14,0.0
2021-05-15,0.0
2021-05-16,0.0
2021-05-17,0.0
2021-05-18,0.0
2021-05-19,0.0
2021-05-20,0.0
2021-05-21,2.9991555213928223
2021-05-22,13.792856216430664
2021-05-23,0.0
2021-05-24,0.0
2021-05-25,0.0
2021-05-26,14.907766342163086
2021-05-27,0.0
2021-05-28,0.0
2021-05-29,0.0
2021-05-30,0.0
2021-05-31,0.0
2021-06-01,0.0
2021-06-02,0.0
2021-06-03,0.0
2021-06-04,0.0
2021-06-05,0.0
2021-06-06,0.667084276676178
2021-06-07,0.0
2021-06-08,0.0
2021-06-09,0.7076108455657959
2021-06-10,0.0
2021-06-11,0.0
2021-06-12,0.0
2021-06-13,14.579413414001465
2021-06-14,5.904655456542969
2021-06-15,0.0
2021-06-16,0.0
2021-06-17,0.0
2021-06-18,0.0
2021-06-19,0.0
2021-06-20,4.10657262802124
2021-06-21,0.0
2021-06-22,21.6733455657959
2021-06-23,0.0
2021-06-24,0.0
2021-06-25,0.0
2021-06-26,0.0
2021-06-27,0.0
2021-06-28,0.0
2021-06-29,0.0
2021-06-30,0.0
2021-07-01,1.090863585472107
2021-07-02,4.898205757141113
2021-07-03,48.7325325012207
2021-07-04,10.48510456085205
2021-07-05,18.78059959411621
2021-07-06,0.0
2021-07-07,0.0
2021-07-08,0.0
2021-07-09,27.367202758789062
2021-07-10,0.1167425140738487
2021-07-11,1.5985536575317385
2021-07-12,0.0
2021-07-13,0.0
2021-07-14,0.0
2021-07-15,9.240001678466797
2021-07-16,0.0
2021-07-17,26.11443519592285
2021-07-18,20.270336151123047
2021-07-19,0.0
2021-07-20,0.0
2021-07-21,0.0
2021-07-22,0.0
2021-07-23,0.0
2021-07-24,0.0
2021-07-25,0.0
2021-07-26,2.976202726364136
2021-07-27,0.2215873748064041
2021-07-28,0.0
2021-07-29,0.0
2021-07-30,0.0
2021-07-31,0.0
2021-08-01,0.0
2021-08-02,0.0
2021-08-03,0.0
2021-08-04,0.0
2021-08-05,0.0
2021-08-06,0.0
2021-08-07,34.12357711791992
2021-08-08,0.0
2021-08-09,0.0
2021-08-10,0.0
2021-08-11,7.183024883270264
2021-08-12,19.698211669921875
2021-08-13,8.31662368774414
2021-08-14,0.2801753878593445
2021-08-15,20.03460121154785
2021-08-16,0.0
2021-08-17,0.0
2021-08-18,0.0
2021-08-19,0.0
2021-08-20,0.0
2021-08-21,30.005163192749023
2021-08-22,12.1241455078125
2021-08-23,0.0
2021-08-24,0.1206133514642715
2021-08-25,0.0
2021-08-26,0.7992768287658691
2021-08-27,22.68182945251465
2021-08-28,37.10590744018555
2021-08-29,0.4211214184761047
2021-08-30,0.0
2021-08-31,0.0
2021-09-01,0.0
2021-09-02,0.0
2021-09-03,12.612072944641112
2021-09-04,2.4419054985046387
2021-09-05,0.0
2021-09-06,17.749515533447266
2021-09-07,0.0
2021-09-08,0.0
2021-09-09,0.0
2021-09-10,0.0
2021-09-11,0.0
2021-09-12,0.0
2021-09-13,0.0
2021-09-14,0.0
2021-09-15,0.0
2021-09-16,4.602720260620117
2021-09-17,0.0
2021-09-18,2.4962074756622314
2021-09-19,0.4848283231258392
2021-09-20,5.9416184425354
2021-09-21,7.084708213806152
2021-09-22,0.6003758907318115
2021-09-23,0.466958999633789
2021-09-24,0.0
2021-09-25,0.0
2021-09-26,34.078269958496094
2021-09-27,0.0
2021-09-28,0.0
2021-09-29,0.0
2021-09-30,0.7992768287658691
2021-10-01,0.0
2021-10-02,11.2490816116333
2021-10-03,19.26387405395508
2021-10-04,0.0
2021-10-05,0.6486260294914246
2021-10-06,25.174747467041016
2021-10-07,0.0
2021-10-08,0.0
2021-10-09,2.3608298301696777
2021-10-10,1.4276551008224487
2021-10-11,40.950828552246094
2021-10-12,3.9295482635498047
2021-10-13,20.09917259216309
2021-10-14,4.604025363922119
2021-10-15,5.072414398193359
2021-10-16,0.3421790599822998
2021-10-17,0.0
2021-10-18,0.0
2021-10-19,0.0
2021-10-20,4.323503017425537
2021-10-21,4.899927616119385
2021-10-22,0.0
2021-10-23,0.0
2021-10-24,0.0
2021-10-25,0.0
2021-10-26,0.0
2021-10-27,0.0
2021-10-28,1.1918776035308838
2021-10-29,1.297516107559204
2021-10-30,90.9235610961914
2021-10-31,1.0170533657073977
2021-11-01,12.739327430725098
2021-11-02,47.0244140625
2021-11-03,62.710391998291016
2021-11-04,19.215038299560547
2021-11-05,0.0
2021-11-06,1.797309398651123
2021-11-07,1.5164098739624023
2021-11-08,30.072153091430664
2021-11-09,85.90438079833984
2021-11-10,32.28582000732422
2021-11-11,39.12542343139648
2021-11-12,18.22978401184082
2021-11-13,0.0
2021-11-14,1.2832589149475098
2021-11-15,49.99449157714844
2021-11-16,0.0
2021-11-17,0.0
2021-11-18,23.065643310546875
2021-11-19,167.9759063720703
2021-11-20,5.199902534484863
2021-11-21,72.42770385742188
2021-11-22,1.6646665334701538
2021-11-23,0.4236085712909698
2021-11-24,0.0
2021-11-25,2.052184581756592
2021-11-26,28.05109024047852
2021-11-27,31.653602600097656
2021-11-28,37.64794921875
2021-11-29,67.2209701538086
2021-11-30,28.92008399963379
2021-12-01,19.95290184020996
2021-12-02,0.0
2021-12-03,0.0
2021-12-04,0.0
2021-12-05,0.0
2021-12-06,0.0
2021-12-07,0.1763011962175369
2021-12-08,0.0
2021-12-09,0.8704871535301208
2021-12-10,2.6548821926116943
2021-12-11,0.0
2021-12-12,2.86867904663086
2021-12-13,2.581287145614624
2021-12-14,33.89683151245117
2021-12-15,7.284031867980957
2021-12-16,0.0
2021-12-17,0.0
2021-12-18,0.0
2021-12-19,0.0
2021-12-20,0.0
2021-12-21,0.0
2021-12-22,0.0
2021-12-23,0.0
2021-12-24,0.0
2021-12-25,0.0
2021-12-26,0.0
2021-12-27,0.0
2021-12-28,0.0
2021-12-29,0.0
2021-12-30,0.0
2021-12-31,5.497796535491943
2022-01-01,30.4237060546875
2022-01-02,9.573789596557615
2022-01-03,0.0
2022-01-04,0.0
2022-01-05,0.0
2022-01-06,0.0
2022-01-07,0.0
2022-01-08,0.0
2022-01-09,0.0
2022-01-10,0.0
2022-01-11,0.0
2022-01-12,0.0
2022-01-13,0.0
2022-01-14,0.0
2022-01-15,0.0
2022-01-16,0.0
2022-01-17,4.862406730651856
2022-01-18,0.0
2022-01-19,0.0
2022-01-20,0.0
2022-01-21,0.0
2022-01-22,0.0
2022-01-23,0.0
2022-01-24,0.0
2022-01-25,0.0
2022-01-26,0.0
2022-01-27,0.0
2022-01-28,1.9836186170578003
2022-01-29,0.0
2022-01-30,0.0
2022-01-31,0.0
2022-02-01,0.0
2022-02-02,0.0
2022-02-03,0.0
2022-02-04,0.0
2022-02-05,0.0
2022-02-06,0.0
2022-02-07,0.0
2022-02-08,0.0
2022-02-09,0.0
2022-02-10,0.0
2022-02-11,0.0
2022-02-12,1.2802733182907104
2022-02-13,0.0
2022-02-14,0.0
2022-02-15,0.0
2022-02-16,0.0
2022-02-17,0.0
2022-02-18,0.0
2022-02-19,0.0
2022-02-20,0.0
2022-02-21,0.0
2022-02-22,0.0
2022-02-23,0.0
2022-02-24,0.0
2022-02-25,0.0
2022-02-26,0.0
2022-02-27,0.0
2022-02-28,0.0
2022-03-01,0.0
2022-03-02,0.0
2022-03-03,0.0
2022-03-04,0.0
2022-03-05,0.851394534111023
2022-03-06,0.0
2022-03-07,4.7622904777526855
2022-03-08,0.0
2022-03-09,0.0
2022-03-10,0.0
2022-03-11,0.0
2022-03-12,0.0
2022-03-13,0.0
2022-03-14,0.0
2022-03-15,0.0
2022-03-16,0.0
2022-03-17,0.0
2022-03-18,0.0
2022-03-19,0.0
2022-03-20,0.0
2022-03-21,0.0
2022-03-22,0.0
2022-03-23,0.0
2022-03-24,0.0
2022-03-25,0.0
2022-03-26,0.0
2022-03-27,0.0
2022-03-28,0.0
2022-03-29,0.0
2022-03-30,0.0
2022-03-31,0.0
2022-04-01,0.0
2022-04-02,0.0
2022-04-03,0.0
2022-04-04,0.0
2022-04-05,0.0
2022-04-06,0.0
2022-04-07,0.0
2022-04-08,0.0
2022-04-09,0.0
2022-04-10,25.35663414001465
2022-04-11,5.047066688537598
2022-04-12,0.0
2022-04-13,0.0
2022-04-14,0.0
2022-04-15,0.0
2022-04-16,0.0
2022-04-17,0.0
2022-04-18,0.0
2022-04-19,0.0
2022-04-20,0.0
2022-04-21,0.0
2022-04-22,0.0
2022-04-23,0.0
2022-04-24,0.0
2022-04-25,0.0
2022-04-26,0.0
2022-04-27,0.0
2022-04-28,0.0
2022-04-29,0.0
2022-04-30,0.0
2022-05-01,0.0
2022-05-02,0.0
2022-05-03,0.0
2022-05-04,0.0
2022-05-05,0.0
2022-05-06,0.0
2022-05-07,4.185332775115967
2022-05-08,0.0
2022-05-09,0.0
2022-05-10,0.3191351294517517
2022-05-11,3.376685380935669
2022-05-12,0.0
2022-05-13,18.52552795410156
2022-05-14,0.0
2022-05-15,0.0
2022-05-16,71.3998031616211
2022-05-17,0.0
2022-05-18,0.0
2022-05-19,0.0
2022-05-20,0.0
2022-05-21,0.0
2022-05-22,0.0
2022-05-23,0.0
2022-05-24,0.0
2022-05-25,0.0
2022-05-26,0.1334168612957
2022-05-27,21.18177604675293
2022-05-28,0.0
2022-05-29,0.0
2022-05-30,0.0
2022-05-31,0.0
2022-06-01,0.0
2022-06-02,0.0
2022-06-03,0.0
2022-06-04,0.0
2022-06-05,0.0
2022-06-06,0.0
2022-06-07,22.79067039489746
2022-06-08,0.0
2022-06-09,0.0
2022-06-10,0.0
2022-06-11,0.0
2022-06-12,0.0
2022-06-13,0.0
2022-06-14,0.0
2022-06-15,0.0
2022-06-16,49.99187850952149
2022-06-17,0.0
2022-06-18,0.0
2022-06-19,0.0
2022-06-20,0.2001252919435501
2022-06-21,0.1334168612957
2022-06-22,0.0
2022-06-23,0.0
2022-06-24,0.0
2022-06-25,0.8740807175636292
2022-06-26,0.0
2022-06-27,0.0
2022-06-28,0.0
2022-06-29,0.0
2022-06-30,0.0
2022-07-01,1.3103480339050293
2022-07-02,21.09391593933105
2022-07-03,0.0
2022-07-04,0.0
2022-07-05,0.0
2022-07-06,0.0
2022-07-07,0.0
2022-07-08,0.0
2022-07-09,0.0
2022-07-10,0.0
2022-07-11,0.0
2022-07-12,1.7307794094085691
2022-07-13,0.0
2022-07-14,0.0
2022-07-15,0.0
2022-07-16,0.0
2022-07-17,2.5449507236480717
2022-07-18,2.078864574432373
2022-07-19,0.0
2022-07-20,0.0
2022-07-21,0.0
2022-07-22,43.00185012817383
2022-07-23,2.3978302478790283
2022-07-24,0.0
2022-07-25,0.0
2022-07-26,1.59661602973938
2022-07-27,0.650740921497345
2022-07-28,0.0
2022-07-29,0.0
2022-07-30,0.0
2022-07-31,0.0
2022-08-01,0.8005011677742004
2022-08-02,0.0
2022-08-03,0.0
2022-08-04,0.3079386949539184
2022-08-05,13.949295043945312
2022-08-06,0.0
2022-08-07,0.0
2022-08-08,0.0
2022-08-09,0.0
2022-08-10,2.531247138977051
2022-08-11,0.0
2022-08-12,0.0
2022-08-13,0.0
2022-08-14,0.0
2022-08-15,0.0
2022-08-16,0.0
2022-08-17,0.0
2022-08-18,7.950663089752197
2022-08-19,14.976892471313477
2022-08-20,0.0
2022-08-21,0.0
2022-08-22,0.5714960098266602
2022-08-23,5.292746067047119
2022-08-24,50.90919494628906
2022-08-25,0.0
2022-08-26,2.1465840339660645
2022-08-27,21.789037704467773
2022-08-28,0.3418818414211273
2022-08-29,5.3293280601501465
2022-08-30,0.0
2022-08-31,0.9700350761413574
2022-09-01,5.142063617706299
2022-09-02,7.970767021179199
2022-09-03,0.0
2022-09-04,0.0
2022-09-05,0.0
2022-09-06,0.0
2022-09-07,7.309936046600342
2022-09-08,11.509720802307127
2022-09-09,0.0
2022-09-10,0.0
2022-09-11,0.0
2022-09-12,0.0
2022-09-13,0.0
2022-09-14,0.0
2022-09-15,0.0
2022-09-16,0.0
2022-09-17,0.0
2022-09-18,0.0
2022-09-19,0.0
2022-09-20,0.0
2022-09-21,0.0
2022-09-22,0.0
2022-09-23,0.0
2022-09-24,0.0
2022-09-25,1.0306721925735474
2022-09-26,0.9941160082817078
2022-09-27,0.0
2022-09-28,0.1411646008491516
2022-09-29,0.0
2022-09-30,0.0
2022-10-01,0.2525498569011688
2022-10-02,0.0
2022-10-03,0.0
2022-10-04,0.0
2022-10-05,0.0
2022-10-06,8.150079727172852
2022-10-07,0.0
2022-10-08,4.990462779998779
2022-10-09,5.726040363311768
2022-10-10,9.002748489379883
2022-10-11,11.738551139831545
2022-10-12,4.169723987579346
2022-10-13,0.0
2022-10-14,20.18867301940918
2022-10-15,4.798043251037598
2022-10-16,24.26542854309082
2022-10-17,8.51918888092041
2022-10-18,0.0
2022-10-19,8.51476001739502
2022-10-20,2.185004711151123
2022-10-21,12.66605281829834
2022-10-22,2.602739095687866
2022-10-23,2.37229323387146
2022-10-24,0.0
2022-10-25,0.0
2022-10-26,0.0
2022-10-27,0.0
2022-10-28,0.0
2022-10-29,45.14726638793945
2022-10-30,12.070799827575684
2022-10-31,0.0
2022-11-01,1.0182433128356934
2022-11-02,15.762215614318848
2022-11-03,18.99723052978516
2022-11-04,18.54958915710449
2022-11-05,3.0452654361724854
2022-11-06,17.06377410888672
2022-11-07,0.1268668621778488
2022-11-08,0.1995298266410827
2022-11-09,0.0
2022-11-10,8.273947715759277
2022-11-11,26.604881286621094
2022-11-12,94.08552551269533
2022-11-13,23.04378700256348
2022-11-14,2.68619155883789
2022-11-15,0.6021645069122314
2022-11-16,0.1652823686599731
2022-11-17,0.0
2022-11-18,0.0
2022-11-19,0.0
2022-11-20,0.0
2022-11-21,0.0
2022-11-22,0.7052047848701477
2022-11-23,0.5765583515167236
2022-11-24,4.812582015991211
2022-11-25,0.0
2022-11-26,0.0
2022-11-27,0.4919762909412384
2022-11-28,0.0
2022-11-29,0.0
2022-11-30,0.0
2022-12-01,0.0
2022-12-02,0.2048906087875366
2022-12-03,0.0
2022-12-04,15.474580764770508
2022-12-05,8.447965621948242
2022-12-06,0.0
2022-12-07,0.0
2022-12-08,0.0
2022-12-09,2.682577848434448
2022-12-10,27.448156356811523
2022-12-11,0.0
2022-12-12,1.789513349533081
2022-12-13,15.75314998626709
2022-12-14,3.1257715225219727
2022-12-15,0.0
2022-12-16,0.0
2022-12-17,0.0
2022-12-18,0.0
2022-12-19,0.0
2022-12-20,0.0
2022-12-21,0.0
2022-12-22,0.0
2022-12-23,0.0
2022-12-24,0.0
2022-12-25,3.109612941741944
2022-12-26,2.3746471405029297
2022-12-27,14.15949821472168
2022-12-28,4.530051708221436
2022-12-29,0.0
2022-12-30,0.0
2022-12-31,0.0
2023-01-01,0.0
2023-01-02,0.0
2023-01-03,0.0
2023-01-04,0.0
2023-01-05,0.0142959598451852
2023-01-06,0.0142959598451852
2023-01-07,0.0
2023-01-08,0.0774325355887413
2023-01-09,0.0
2023-01-10,0.0
2023-01-11,0.0
2023-01-12,0.0
2023-01-13,0.0
2023-01-14,0.0
2023-01-15,0.0
2023-01-16,0.0
2023-01-17,0.0
2023-01-18,0.0
2023-01-19,0.0
2023-01-20,0.0
2023-01-21,0.0
2023-01-22,0.0
2023-01-23,0.0
2023-01-24,0.0
2023-01-25,0.0
2023-01-26,0.0
2023-01-27,0.0
2023-01-28,0.0
2023-01-29,0.0
2023-01-30,0.0
2023-01-31,0.1925118118524551
2023-02-01,0.0
2023-02-02,0.7076933979988098
2023-02-03,2.3126308917999268
2023-02-04,0.4018961787223816
2023-02-05,0.0
2023-02-06,0.0
2023-02-07,0.0
2023-02-08,0.0
2023-02-09,0.0
2023-02-10,0.0
2023-02-11,0.0
2023-02-12,0.0
2023-02-13,0.0
2023-02-14,0.0
2023-02-15,0.0
2023-02-16,0.0
2023-02-17,0.0
2023-02-18,0.0
2023-02-19,0.0
2023-02-20,0.0
2023-02-21,0.0
2023-02-22,0.0
2023-02-23,0.0
2023-02-24,0.0
2023-02-25,0.0
2023-02-26,0.0
2023-02-27,0.0
2023-02-28,0.0
2023-03-01,0.0
2023-03-02,0.0
2023-03-03,0.0
2023-03-04,0.0
2023-03-05,0.0
2023-03-06,0.0
2023-03-07,0.0
2023-03-08,0.0
2023-03-09,0.0
2023-03-10,0.0
2023-03-11,0.0
2023-03-12,0.0
2023-03-13,0.0
2023-03-14,0.0
2023-03-15,0.0
2023-03-16,0.0
2023-03-17,0.0
2023-03-18,0.0724408030509948
2023-03-19,0.0
2023-03-20,10.562633514404297
2023-03-21,0.5070396661758423
2023-03-22,0.0
2023-03-23,0.0
2023-03-24,0.0
2023-03-25,0.0
2023-03-26,0.0
2023-03-27,0.0
2023-03-28,0.0
2023-03-29,0.0
2023-03-30,0.0
2023-03-31,0.0
2023-04-01,0.0
2023-04-02,0.0
2023-04-03,0.0
2023-04-04,0.0
2023-04-05,0.0
2023-04-06,0.0
2023-04-07,0.0
2023-04-08,0.0
2023-04-09,0.0
2023-04-10,0.0
2023-04-11,0.0
2023-04-12,0.0
2023-04-13,0.0
2023-04-14,0.0
2023-04-15,0.0
2023-04-16,0.0
2023-04-17,0.0
2023-04-18,0.0
2023-04-19,0.0
2023-04-20,0.0
2023-04-21,0.0
2023-04-22,0.0
2023-04-23,0.0
2023-04-24,0.0
2023-04-25,5.143415927886963
2023-04-26,0.2479834109544754
2023-04-27,0.0
2023-04-28,0.8470520377159119
2023-04-29,0.0
2023-04-30,0.1562732309103012
2023-05-01,0.1494637131690979
2023-05-02,63.28364944458008
2023-05-03,0.9615397453308104
2023-05-04,1.718558430671692
2023-05-05,0.6318660378456116
2023-05-06,0.0
2023-05-07,3.027440071105957
2023-05-08,1.957685589790344
2023-05-09,0.0
2023-05-10,0.0
2023-05-11,0.0
2023-05-12,0.0
2023-05-13,0.0
2023-05-14,0.0
2023-05-15,0.0
2023-05-16,0.0
2023-05-17,0.0
2023-05-18,0.0
2023-05-19,0.0
2023-05-20,0.0
2023-05-21,0.0
2023-05-22,0.0
2023-05-23,0.0
2023-05-24,0.0
2023-05-25,0.0
2023-05-26,0.0
2023-05-27,0.0
2023-05-28,0.0
2023-05-29,0.0
2023-05-30,0.0
2023-05-31,0.0181102007627487
2023-06-01,0.0
2023-06-02,0.0
2023-06-03,0.0
2023-06-04,0.0
2023-06-05,0.0
2023-06-06,7.447073459625244
2023-06-07,6.48534631729126
2023-06-08,0.0
2023-06-09,2.281678438186645
2023-06-10,0.0
2023-06-11,0.0
2023-06-12,0.0
2023-06-13,0.120034635066986
2023-06-14,0.4436596930027008
2023-06-15,0.0
2023-06-16,0.0
2023-06-17,0.0
2023-06-18,0.0
2023-06-19,16.919652938842773
2023-06-20,4.743854999542236
2023-06-21,33.32013702392578
2023-06-22,0.0
2023-06-23,0.0
2023-06-24,0.5775354504585266
2023-06-25,0.0
2023-06-26,0.0
2023-06-27,0.2490152716636657
2023-06-28,0.0
2023-06-29,0.0
2023-06-30,0.0192511826753616
2023-07-01,0.0
2023-07-02,22.79690742492676
2023-07-03,1.514155626296997
2023-07-04,4.992231845855713
2023-07-05,1.6556016206741333
2023-07-06,0.0
2023-07-07,0.0
2023-07-08,0.0
2023-07-09,35.17400360107422
2023-07-10,0.0
2023-07-11,50.19315719604492
2023-07-12,0.6971795558929443
2023-07-13,35.842403411865234
2023-07-14,0.2093910574913025
2023-07-15,0.0
2023-07-16,0.0385023653507232
2023-07-17,0.0
2023-07-18,0.0770047307014465
2023-07-19,0.0
2023-07-20,0.0
2023-07-21,0.0
2023-07-22,0.0
2023-07-23,0.0
2023-07-24,0.1222802326083183
2023-07-25,0.7833111882209778
2023-07-26,0.0985196828842163
2023-07-27,0.0
2023-07-28,0.0
2023-07-29,0.0
2023-07-30,0.0
2023-07-31,0.0
2023-08-01,0.0
2023-08-02,0.0
2023-08-03,0.0
2023-08-04,0.0
2023-08-05,0.2695165276527405
2023-08-06,0.0
2023-08-07,0.5003259181976318
2023-08-08,0.4359312951564789
2023-08-09,0.0045275501906871
2023-08-10,6.84654712677002
2023-08-11,4.085411548614502
2023-08-12,10.139089584350586
2023-08-13,10.84333038330078
2023-08-14,0.0
2023-08-15,0.0
2023-08-16,0.0
2023-08-17,0.0
2023-08-18,0.0
2023-08-19,0.0
2023-08-20,0.0
2023-08-21,0.0
2023-08-22,0.0
2023-08-23,0.0
2023-08-24,0.0
2023-08-25,0.0067913252860307
2023-08-26,0.0
2023-08-27,0.0
2023-08-28,1.4265669584274292
2023-08-29,0.0
2023-08-30,1.5211189985275269
2023-08-31,24.88770866394043
2023-09-01,16.73759651184082
2023-09-02,0.5704196095466614
2023-09-03,69.07811737060547
2023-09-04,23.822736740112305
2023-09-05,0.163064569234848
2023-09-06,29.881027221679688
2023-09-07,0.0022637750953435
2023-09-08,0.0
2023-09-09,1.5400944948196411
2023-09-10,0.0
2023-09-11,0.0
2023-09-12,0.586317777633667
2023-09-13,70.70657348632812
2023-09-14,0.0
2023-09-15,0.0
2023-09-16,7.623658180236816
2023-09-17,37.26959609985352
2023-09-18,20.75621032714844
2023-09-19,1.0629098415374756
2023-09-20,0.0
2023-09-21,0.0
2023-09-22,0.0
2023-09-23,0.0
2023-09-24,6.493234634399414
2023-09-25,0.1155070886015892
2023-09-26,11.694397926330566
2023-09-27,0.0668086484074592
2023-09-28,0.0
2023-09-29,0.0
2023-09-30,0.0
2023-10-01,0.0090551003813743
2023-10-02,9.352483749389648
2023-10-03,0.0
2023-10-04,0.0
2023-10-05,0.0
2023-10-06,1.5845047235488892
2023-10-07,0.0
2023-10-08,0.0
2023-10-09,0.0
2023-10-10,0.0
2023-10-11,0.0
2023-10-12,0.0
2023-10-13,0.0
2023-10-14,0.3657542765140533
2023-10-15,0.5582842826843262
2023-10-16,0.0
2023-10-17,0.0
2023-10-18,0.0
2023-10-19,0.0
2023-10-20,0.5070396661758423
2023-10-21,0.0
2023-10-22,0.0
2023-10-23,0.0
2023-10-24,0.0
2023-10-25,0.0
2023-10-26,0.0
2023-10-27,0.0
2023-10-28,0.0
2023-10-29,0.4042747914791107
2023-10-30,24.195953369140625
2023-10-31,6.246329307556152
2023-11-01,0.7719798684120178
2023-11-02,12.62246799468994
2023-11-03,7.5096755027771
2023-11-04,29.924156188964844
2023-11-05,35.91508865356445
2023-11-06,2.43164610862732
2023-11-07,3.556086778640747
2023-11-08,7.838075637817383
2023-11-09,14.424883842468262
2023-11-10,20.595081329345703
2023-11-11,8.731866836547852
2023-11-12,0.0
2023-11-13,0.0
2023-11-14,74.33806610107422
2023-11-15,40.97204208374024
2023-11-16,5.780557632446289
2023-11-17,0.0
2023-11-18,0.3237992525100708
2023-11-19,0.0
2023-11-20,0.2253456562757492
2023-11-21,0.2094810456037521
2023-11-22,12.339567184448242
2023-11-23,20.923004150390625
2023-11-24,0.1890525072813034
2023-11-25,4.524167537689209
2023-11-26,35.90359878540039
2023-11-27,3.9438319206237793
2023-11-28,1.5372304916381836
2023-11-29,34.349945068359375
2023-11-30,8.439813613891602
2023-12-01,0.2988125681877136
2023-12-02,2.8858821392059326
2023-12-03,22.63151741027832
2023-12-04,32.45335388183594
2023-12-05,3.992376089096069
2023-12-06,0.0045275501906871
2023-12-07,0.0
2023-12-08,0.0407479517161846
2023-12-09,0.755214512348175
2023-12-10,0.4042747914791107
2023-12-11,0.0
2023-12-12,0.0
2023-12-13,0.0
2023-12-14,0.0
2023-12-15,0.3623676896095276
2023-12-16,1.603723645210266
2023-12-17,0.112084150314331
2023-12-18,1.6886606216430664
2023-12-19,0.0
2023-12-20,0.0
2023-12-21,0.0
2023-12-22,0.0
2023-12-23,0.0
2023-12-24,0.0
2023-12-25,3.977494478225708
2023-12-26,0.0328338332474231
2023-12-27,0.0
2023-12-28,0.0
2023-12-29,0.781347930431366
2023-12-30,0.0362204015254974
2023-12-31,0.0
2025-01-01,0.0
2025-01-02,0.0
2025-01-03,0.0
2025-01-04,0.0
2025-01-05,0.0
2025-01-06,0.0
2025-01-07,0.0
2025-01-08,0.0
2025-01-09,0.0
2025-01-10,0.0
2025-01-11,0.0599991343915462
2025-01-12,0.0
2025-01-13,0.3125464618206024
2025-01-14,0.2920221984386444
2025-01-15,0.0
2025-01-16,0.0
2025-01-17,0.0
2025-01-18,0.0
2025-01-19,0.7518739104270935
2025-01-20,0.0
2025-01-21,0.0
2025-01-22,0.0
2025-01-23,0.0
2025-01-24,0.0
2025-01-25,0.0
2025-01-26,0.0
2025-01-27,0.0
2025-01-28,0.0
2025-01-29,0.0
2025-01-30,0.0
2025-01-31,0.0
2025-02-01,0.3023503720760345
2025-02-02,0.0679132565855979
2025-02-03,0.0
2025-02-04,0.0
2025-02-05,0.0
2025-02-06,0.0
2025-02-07,0.0
2025-02-08,0.0
2025-02-09,0.0
2025-02-10,0.0
2025-02-11,0.0
2025-02-12,0.0
2025-02-13,0.0
2025-02-14,0.0
2025-02-15,0.0
2025-02-16,0.0
2025-02-17,0.0
2025-02-18,0.0
2025-02-19,0.0
2025-02-20,0.0
2025-02-21,0.0
2025-02-22,0.0
2025-02-23,0.0
2025-02-24,0.0
2025-02-25,0.0
2025-02-26,0.0
2025-02-27,0.0
2025-02-28,0.0
2025-03-01,1.2713552713394165
2025-03-02,0.0
2025-03-03,0.0
2025-03-04,0.0
2025-03-05,0.0
2025-03-06,0.0
2025-03-07,0.0
2025-03-08,0.0
2025-03-09,0.0
2025-03-10,0.0
2025-03-11,0.6022732853889465
2025-03-12,8.417875289916992
2025-03-13,1.2594705820083618
2025-03-14,0.0
2025-03-15,0.0
2025-03-16,0.0
2025-03-17,0.0
2025-03-18,0.0
2025-03-19,0.0
2025-03-20,0.0
2025-03-21,0.0
2025-03-22,0.0
2025-03-23,0.0
2025-03-24,3.4858977794647217
2025-03-25,0.0
2025-03-26,0.0
2025-03-27,0.0
2025-03-28,0.0
2025-03-29,0.0
2025-03-30,0.0
2025-03-31,0.0
2025-04-01,0.0
2025-04-02,0.0
2025-04-03,24.1860466003418
2025-04-04,2.0545907020568848
2025-04-05,3.42671012878418
2025-04-06,0.0
2025-04-07,0.0
2025-04-08,0.0
2025-04-09,0.0
2025-04-10,0.0
2025-04-11,0.0
2025-04-12,0.1732606291770935
2025-04-13,0.0
2025-04-14,0.0
2025-04-15,0.0
2025-04-16,0.0
2025-04-17,0.0
2025-04-18,0.0
2025-04-19,0.0
2025-04-20,0.0
2025-04-21,0.0
2025-04-22,0.0
2025-04-23,0.0
2025-04-24,0.0
2025-04-25,0.0
2025-04-26,0.0
2025-04-27,0.0
2025-04-28,0.0
2025-04-29,0.0
2025-04-30,0.0
2025-05-01,0.0
2025-05-02,0.0
2025-05-03,0.0
2025-05-04,0.2807081043720245
2025-05-05,20.27436828613281
2025-05-06,0.0
2025-05-07,5.243978500366211
2025-05-08,0.0
2025-05-09,0.0
2025-05-10,0.0
2025-05-11,0.0
2025-05-12,0.0
2025-05-13,0.7352074980735779
2025-05-14,0.0
2025-05-15,0.0135826505720615
2025-05-16,0.0
2025-05-17,22.84783744812012
2025-05-18,38.22381591796875
2025-05-19,3.860980033874512
2025-05-20,0.1312989592552185
2025-05-21,15.027902603149414
2025-05-22,0.0
2025-05-23,0.0
2025-05-24,21.452789306640625
2025-05-25,0.0
2025-05-26,0.0
2025-05-27,0.0
2025-05-28,0.0
2025-05-29,0.0067913252860307
2025-05-30,0.0
2025-05-31,0.0
2025-06-01,0.0
2025-06-02,0.0
2025-06-03,0.2310141772031784
2025-06-04,25.003379821777344
2025-06-05,0.0
2025-06-06,0.0
2025-06-07,0.0
2025-06-08,0.0
2025-06-09,0.6204810738563538
2025-06-10,1.3007794618606567
2025-06-11,11.773059844970703
2025-06-12,45.86357879638672
2025-06-13,0.0
2025-06-14,0.0
2025-06-15,0.0
2025-06-16,0.0
2025-06-17,0.1521119028329849
2025-06-18,0.1014079302549362
2025-06-19,0.5070396661758423
2025-06-20,0.0
2025-06-21,0.0
2025-06-22,0.0
2025-06-23,25.807588577270508
2025-06-24,0.0
2025-06-25,0.0
2025-06-26,0.0
2025-06-27,0.0
2025-06-28,0.0633857026696205
2025-06-29,3.89369535446167
2025-06-30,0.0
2025-07-01,0.0
2025-07-02,0.0
2025-07-03,0.0
2025-07-04,0.0
2025-07-05,0.0
2025-07-06,0.0
2025-07-07,0.0
2025-07-08,0.0
2025-07-09,0.0
2025-07-10,0.0
2025-07-11,0.1347582638263702
2025-07-12,0.0
2025-07-13,0.0
2025-07-14,0.0
2025-07-15,0.0
2025-07-16,0.0
2025-07-17,0.0
2025-07-18,3.336531400680542
2025-07-19,4.292444705963135
2025-07-20,0.0577535443007946
2025-07-21,0.0
2025-07-22,29.204252243041992
2025-07-23,1.9908549785614011
2025-07-24,0.0067913252860307
2025-07-25,0.0
2025-07-26,0.0
2025-07-27,0.0
2025-07-28,0.0
2025-07-29,0.0
2025-07-30,0.1155070886015892
2025-07-31,0.0
2025-08-01,2.1836626529693604
2025-08-02,15.608450889587402
2025-08-03,0.0
2025-08-04,6.234689712524414
2025-08-05,31.507516860961918
2025-08-06,0.0
2025-08-07,0.0
2025-08-08,0.0
2025-08-09,2.912204504013061
2025-08-10,0.0
2025-08-11,8.862943649291992
2025-08-12,0.0
2025-08-13,0.252529114484787
2025-08-14,2.354551315307617
2025-08-15,0.0
2025-08-16,0.0
2025-08-17,0.0385023653507232
2025-08-18,6.989084243774414
2025-08-19,0.0
2025-08-20,0.0
2025-08-21,0.0
2025-08-22,0.2310141772031784
2025-08-23,0.733808696269989
2025-08-24,0.0
2025-08-25,0.0
2025-08-26,0.0
2025-08-27,0.0
2025-08-28,0.0
2025-08-29,0.0
2025-08-30,0.0
2025-08-31,0.1290236860513687
2025-09-01,32.02276611328125
2025-09-02,0.0
2025-09-03,0.0701952129602432
2025-09-04,0.0577535443007946
2025-09-05,0.0
2025-09-06,0.0
2025-09-07,0.0
2025-09-08,8.120099067687988
2025-09-09,0.0
2025-09-10,0.0
2025-09-11,0.0
2025-09-12,11.43018627166748
2025-09-13,18.880786895751957
2025-09-14,0.0022637750953435
2025-09-15,0.0
2025-09-16,0.0
2025-09-17,0.0
2025-09-18,0.9285842776298524
2025-09-19,27.324953079223636
2025-09-20,0.0362204015254974
2025-09-21,0.5026863217353821
2025-09-22,19.13438034057617
2025-09-23,6.526701927185059
2025-09-24,0.0
2025-09-25,0.0090551003813743
2025-09-26,25.81566047668457
2025-09-27,0.0
2025-09-28,16.37143898010254
2025-09-29,2.1644115447998047
2025-09-30,0.0
2025-10-01,0.0
2025-10-02,3.793848752975464
2025-10-03,0.0
2025-10-04,30.773584365844727
2025-10-05,0.0
2025-10-06,0.3712418675422668
2025-10-07,0.0
2025-10-08,0.0
2025-10-09,2.234144926071167
2025-10-10,4.830385208129883
2025-10-11,0.693042516708374
2025-10-12,1.7728593349456787
2025-10-13,1.4296013116836548
2025-10-14,35.299041748046875
2025-10-15,2.780070781707764
2025-10-16,6.047520160675049
2025-10-17,12.633715629577637
2025-10-18,10.61457061767578
2025-10-19,15.748397827148438
2025-10-20,3.037224292755127
2025-10-21,5.766005992889404
2025-10-22,175.9026641845703
2025-10-23,16.1939697265625
2025-10-24,0.0
2025-10-25,0.0192511826753616
2025-10-26,1.851026177406311
2025-10-27,0.0192511826753616
2025-10-28,2.692955493927002
2025-10-29,0.0
2025-10-30,0.0
2025-10-31,0.0
2025-11-01,0.0
2025-11-02,0.0
2025-11-03,0.0
2025-11-04,0.0
2025-11-05,0.0
2025-11-06,37.174766540527344
2025-11-07,0.3168997764587402
2025-11-08,14.748401641845703
2025-11-09,0.0
2025-11-10,0.0
2025-11-11,0.0
2025-11-12,0.0633799582719802
2025-11-13,0.0
2025-11-14,3.945875644683838
2025-11-15,0.0
2025-11-16,0.7564282417297363
2025-11-17,24.234241485595703
2025-11-18,21.06232643127441
2025-11-19,18.21595764160156
2025-11-20,0.0
2025-11-21,0.0022637750953435
2025-11-22,9.068646430969238
2025-11-23,40.57089614868164
2025-11-24,25.952373504638672
2025-11-25,2.147802829742432
2025-11-26,0.0
2025-11-27,0.0
2025-11-28,0.0
2025-11-29,9.128080368041992
2025-11-30,53.18218994140625
2025-12-01,15.689115524291992
2025-12-02,1.0849609375
2025-12-03,9.186059951782228
2025-12-04,37.44248580932617
2025-12-05,4.363612174987793
2025-12-06,4.55810022354126
2025-12-07,0.0022637750953435
2025-12-08,0.0
2025-12-09,0.0
2025-12-10,0.0
2025-12-11,0.0
2025-12-12,0.0
2025-12-13,0.0
2025-12-14,0.0
2025-12-15,0.0
2025-12-16,0.1245440021157264
2025-12-17,13.344106674194336
2025-12-18,0.0
2025-12-19,0.0
2025-12-20,0.0
2025-12-21,0.0
2025-12-22,0.0
2025-12-23,0.0
2025-12-24,0.0
2025-12-25,0.0
2025-12-26,0.0
2025-12-27,0.0
2025-12-28,0.0
2025-12-29,0.0
2025-12-30,0.0
2025-12-31,0.0
,
